node_id,osm_name,chain,chain_pos_m,GVI_al,VEI_al,dwell
n00000,1st Avenue,1st Avenue#0,80.0,0.6662641633521376,0.7573754853108858,0.36501134017790376
n00001,1st Avenue,1st Avenue#0,100.0,1.0802031301539206,0.7584063374453596,0.3853315072862906
n00002,1st Avenue,1st Avenue#0,120.0,4.127276623078727,0.8061952964312993,0.4933895375555761
n00003,1st Avenue,1st Avenue#0,140.0,2.807372222666834,0.8498922856379427,0.3739397508650912
n00004,1st Avenue,1st Avenue#0,160.0,2.6820745500288012,0.7748834930393029,0.4518538402500514
n00005,1st Avenue,1st Avenue#0,180.0,4.124639615000276,0.6865978819158456,0.5993402125697131
n00006,1st Avenue,1st Avenue#0,200.0,4.958310489297525,0.6932517035995126,0.6376430032208482
n00007,1st Avenue,1st Avenue#0,220.0,5.886106288381522,0.6880017236312437,0.6889362303243229
n00008,1st Avenue,1st Avenue#0,240.0,4.718295680088159,0.6217379830924086,0.6658527562964585
n00009,1st Avenue,1st Avenue#0,260.0,6.943688884186658,0.6097703032361522,0.7852291358210493
n00010,1st Avenue,1st Avenue#0,280.0,9.463657438511039,0.5786049891254673,0.9253275101068252
n00011,1st Avenue,1st Avenue#0,300.0,4.917723776753505,0.642377458662649,0.6662915565598149
n00012,1st Avenue,1st Avenue#0,320.0,5.600336108140215,0.5851937853715137,0.7248031225815177
n00013,1st Avenue,1st Avenue#0,340.0,7.083417806848985,0.6701581105554866,0.7619837836423276
n00014,1st Avenue,1st Avenue#0,360.0,11.544102146167788,0.7164374179537447,0.915678719397129
n00015,1st Avenue,1st Avenue#0,380.0,7.523514230198973,0.7626263817427972,0.7125716415050899
n00016,1st Avenue,1st Avenue#0,400.0,4.135814349398275,0.653657468774716,0.6200892875809634
n00017,1st Avenue,1st Avenue#0,420.0,1.974421518378928,0.6020100419992477,0.5327579789146272
n00018,1st Avenue,1st Avenue#0,440.0,0.41904149879318214,0.5412515135844288,0.46847645991333997
n00019,1st Avenue,1st Avenue#0,460.0,0.00382759171975,0.575396585086801,0.43996438411728117
n00020,1st Avenue,1st Avenue#0,480.0,0.06864439483529786,0.5568792472646322,0.4477049992867154
n00021,1st Avenue,1st Avenue#0,500.0,0.46514370673334243,0.5938861914677439,0.458042924235987
n00022,1st Avenue,1st Avenue#0,520.0,0.4664682369406609,0.5824628667279853,0.46173709411077857
n00023,1st Avenue,1st Avenue#0,540.0,0.04586422148385455,0.5671148211066909,0.44424958603844183
n00024,1st Avenue,1st Avenue#0,560.0,0.09482832433572914,0.5310186736542468,0.4531424641883912
n00025,1st Avenue,1st Avenue#0,580.0,0.0,0.5593038831752344,0.4436694889926087
n00026,1st Avenue,1st Avenue#0,600.0,0.1900392824759325,0.5828240738693082,0.44742067668489927
n00027,1st Avenue,1st Avenue#0,620.0,0.30027500097019183,0.5655887924889997,0.4576912811586691
n00028,1st Avenue,1st Avenue#1,0.0,0.1117433183645154,0.5730209175162602,0.44614611242358976
n00029,1st Avenue,1st Avenue#1,20.0,0.0,0.5593038831752344,0.4436694889926087
n00030,1st Avenue,1st Avenue#1,40.0,0.1900392824759325,0.5828240738693082,0.44742067668489927
n00031,1st Avenue,1st Avenue#1,60.0,0.51626892768487,0.615783476159803,0.4524067002967447
n00032,1st Avenue,1st Avenue#1,80.0,0.9641256142383423,0.5883454053414708,0.48550897555062006
n00033,1st Avenue,1st Avenue#1,100.0,1.1084633500515464,0.618380553715217,0.4817519176444057
n00034,1st Avenue,1st Avenue#1,120.0,0.921070455542494,0.6327995533815205,0.46560040255995455
n00035,1st Avenue,1st Avenue#1,140.0,0.9076611231506663,0.6188676614912909,0.47122229919617126
n00036,1st Avenue,1st Avenue#1,160.0,1.3015709630235894,0.6150132086481013,0.49309265229614296
n00038,1st Avenue,1st Avenue#2,20.0,1.3635176728703278,0.5637281507969384,0.5127769958728905
n00039,1st Avenue,1st Avenue#2,40.0,2.362636400014791,0.5865810298276835,0.5579505248601445
n00040,1st Avenue,1st Avenue#2,60.0,1.7748322015237843,0.5981086890120249,0.5239040449216865
n00041,1st Avenue,1st Avenue#2,80.0,1.5349126059699856,0.6168436038534217,0.5043229369795144
n00042,1st Avenue,1st Avenue#2,100.0,1.6676164960024589,0.6101146744092228,0.5138930941546913
n00043,1st Avenue,1st Avenue#2,120.0,1.805686701362569,0.6062087453935037,0.5225110535492655
n00044,2nd Avenue,2nd Avenue#0,0.0,3.9206886063499917,0.572199358318664,0.6421475987573825
n00045,2nd Avenue,2nd Avenue#0,20.0,6.388493212837579,0.584708269724717,0.7654643172048379
n00046,2nd Avenue,2nd Avenue#0,40.0,4.655250319290382,0.6224917461406791,0.6622807453632018
n00047,2nd Avenue,2nd Avenue#0,60.0,5.205471040947591,0.6046059855736126,0.6978743619947589
n00048,2nd Avenue,2nd Avenue#0,80.0,2.4127494215458176,0.6185842542092002,0.548707714434283
n00049,2nd Avenue,2nd Avenue#0,100.0,2.4667891872898773,0.718474047969194,0.4908818252167659
n00050,2nd Avenue,2nd Avenue#0,120.0,4.765039426997321,0.7542284109671589,0.5785939629796946
n00051,2nd Avenue,2nd Avenue#0,140.0,3.0957052643112366,0.7298932194103886,0.5139932895903747
n00052,2nd Avenue,2nd Avenue#0,160.0,1.8816660353742076,0.6412655136565838,0.5108003639191678
n00053,2nd Avenue,2nd Avenue#0,180.0,0.6867512333542567,0.6856877476613492,0.4232363743888324
n00054,2nd Avenue,2nd Avenue#1,780.0,1.6045379596808718,0.9161631926263492,0.2207309318822744
n00055,2nd Avenue,2nd Avenue#1,800.0,1.7701099338219102,0.8544281016600959,0.3148721758543798
n00056,2nd Avenue,2nd Avenue#1,820.0,0.9255438730059963,0.8237085548050717,0.30895763163893586
n00057,2nd Avenue,2nd Avenue#1,840.0,2.2313968243846105,0.914951532630208,0.2547652718786344
n00058,2nd Avenue,2nd Avenue#1,860.0,1.3159447107183022,0.920962925954355,0.19866434478288802
n00059,2nd Avenue,2nd Avenue#1,880.0,0.8724510213331702,0.8721505509964743,0.2455527147696352
n00060,2nd Avenue,2nd Avenue#1,900.0,1.302417603373719,0.9086938699689084,0.2162914170181016
n00061,2nd Avenue,2nd Avenue#1,920.0,3.1932764107753675,0.9100042674004922,0.31155393192501235
n00062,2nd Avenue,2nd Avenue#1,940.0,6.335706540284972,0.8907830685567523,0.5007863376964599
n00063,2nd Avenue,2nd Avenue#1,960.0,4.406010848681934,0.8588374344285945,0.44470124441665004
n00064,2nd Avenue,2nd Avenue#1,980.0,1.2155000349914376,0.842973508714817,0.3007434285099807
n00065,2nd Avenue,2nd Avenue#1,1000.0,1.680787856872078,0.8591291809313046,0.3042427773850867
n00066,2nd Avenue,2nd Avenue#1,1020.0,0.1292776153567092,0.8883809267693528,0.18513356547386
n00067,2nd Avenue,2nd Avenue#1,1040.0,0.3582796213038575,0.8441860585579484,0.25518094864876834
n00068,2nd Avenue,2nd Avenue#1,1060.0,0.40818888522083574,0.886018531736324,0.20276310073779322
n00069,2nd Avenue,2nd Avenue#1,1080.0,1.4035302413102553,0.8617680199815847,0.286567033316653
n00070,2nd Avenue,2nd Avenue#1,1100.0,3.621191186101708,0.8353869759401868,0.4336638678858685
n00071,2nd Avenue,2nd Avenue#1,1120.0,2.3788559036094243,0.7552814872589733,0.45497398350209
n00072,2nd Avenue,2nd Avenue#1,1140.0,3.3069605959810553,0.8009040384852497,0.4570059723921598
n00073,2nd Avenue,2nd Avenue#1,1160.0,3.1352799315887943,0.7933386005926844,0.4562735435749287
n00074,2nd Avenue,2nd Avenue#1,1180.0,9.336772975928335,0.7912526477201576,0.7772365684693481
n00075,2nd Avenue,2nd Avenue#1,1200.0,5.077647443774154,0.5546690518150198,0.7056206685908606
n00076,3rd Avenue,3rd Avenue#0,460.0,1.6438943491110147,0.8117729275151809,0.3595349222856963
n00077,3rd Avenue,3rd Avenue#0,480.0,1.9239955741927148,0.8304176202774166,0.35238043421080023
n00078,3rd Avenue,3rd Avenue#0,500.0,3.7168679159012266,0.8907025543452478,0.36628651405482315
n00079,3rd Avenue,3rd Avenue#0,520.0,3.3648928351922285,0.8923387758629474,0.34588814072642826
n00080,3rd Avenue,3rd Avenue#0,540.0,2.810818767935813,0.9127814632380349,0.2877818448577134
n00081,3rd Avenue,3rd Avenue#0,560.0,2.4289054326499757,0.832098712532983,0.37632896973098906
n00082,3rd Avenue,3rd Avenue#0,580.0,6.569776244677816,0.9159066915848717,0.476337402360108
n00083,3rd Avenue,3rd Avenue#0,600.0,4.951799700625448,0.915892861912136,0.3931911638486622
n00084,3rd Avenue,3rd Avenue#0,620.0,4.125915860263082,0.8849824815792184,0.39529887904618544
n00085,3rd Avenue,3rd Avenue#0,640.0,0.94580280363951,0.8169798866891411,0.31775874141619737
n00086,3rd Avenue,3rd Avenue#0,660.0,0.41903531628940455,0.8950030366369085,0.19068986127850107
n00087,3rd Avenue,3rd Avenue#0,680.0,3.2769682965661393,0.8725385359930984,0.3686292167478466
n00088,3rd Avenue,3rd Avenue#0,700.0,4.117739346100622,0.8589434366282258,0.429746608071823
n00089,3rd Avenue,3rd Avenue#0,720.0,1.507721460613764,0.7916640439195732,0.3743773863662401
n00090,3rd Avenue,3rd Avenue#0,740.0,2.9590724401065986,0.8593041528315799,0.3697226658282142
n00091,3rd Avenue,3rd Avenue#0,760.0,4.80189869268053,0.8919032881644022,0.4203676122547162
n00092,3rd Avenue,3rd Avenue#0,780.0,4.617387391720934,0.908832667341055,0.38648266221816374
n00094,3rd Avenue,3rd Avenue#0,820.0,6.023184346428797,0.8721075892488166,0.5103673546789963
n00095,3rd Avenue,3rd Avenue#0,840.0,1.895938250781443,0.894405846003482,0.26745393499380754
n00096,3rd Avenue,3rd Avenue#0,860.0,1.1434098210359245,0.902784800786913,0.2167492775352876
n00097,3rd Avenue,3rd Avenue#0,880.0,0.4507693559711522,0.8507533267997023,0.2517201536314041
n00098,3rd Avenue,3rd Avenue#0,900.0,2.096941782768107,0.8997076830696282,0.2702074141019645
n00099,3rd Avenue,3rd Avenue#0,920.0,1.3300473715437549,0.9088630642075138,0.2174626508251561
n00100,3rd Avenue,3rd Avenue#0,940.0,0.6802024716288093,0.8988584607161659,0.19860511839810888
n00101,3rd Avenue,3rd Avenue#0,960.0,0.6485495428575578,0.8737610185190084,0.23188149103519695
n00102,3rd Avenue,3rd Avenue#0,980.0,0.28677492621218015,0.8864904318247642,0.1958660171524584
n00103,3rd Avenue,3rd Avenue#0,1000.0,1.7542301348910883,0.885671383471221,0.27243427902358225
n00104,3rd Avenue,3rd Avenue#0,1020.0,0.5887308091213032,0.9334817081339486,0.14203033285793296
n00105,3rd Avenue,3rd Avenue#0,1040.0,0.5330045291380998,0.8987222003674185,0.19123449724425418
n00106,3rd Avenue,3rd Avenue#0,1060.0,1.6380032646338651,0.9299614338252173,0.20143605255866143
n00107,3rd Avenue,3rd Avenue#0,1080.0,1.7693164445107512,0.9382837159421415,0.1951793835122013
n00108,3rd Avenue,3rd Avenue#0,1100.0,0.5663527643851414,0.9360989777623214,0.1367833917373068
n00109,3rd Avenue,3rd Avenue#0,1120.0,0.09047260897163265,0.8829772211009719,0.19064166369525667
n00110,3rd Avenue,3rd Avenue#0,1140.0,0.25033312339600955,0.9292532188292052,0.1312025924642862
n00111,East 34th Street,East 34th Street#0,140.0,1.1669074122946692,0.8840004557652537,0.2445597388658799
n00112,East 34th Street,East 34th Street#0,160.0,0.4471255974103657,0.8773133868101934,0.21672536570755613
n00113,East 34th Street,East 34th Street#0,180.0,0.1829454179869264,0.9387474105020932,0.11290500569611531
n00114,East 34th Street,East 34th Street#0,200.0,0.08425349779305495,0.9267336473792707,0.12654789297765587
n00115,East 34th Street,East 34th Street#0,220.0,0.1515691405333298,0.9318253327778507,0.12213931776697926
n00116,East 34th Street,East 34th Street#0,240.0,0.32722401198387363,0.9290833045586289,0.1354174428764581
n00117,East 34th Street,East 34th Street#0,260.0,0.9633881373714425,0.9016964327500587,0.20907186370431646
n00118,East 34th Street,East 34th Street#0,280.0,3.2411296222779695,0.8462005766967147,0.4008612622260453
n00119,East 34th Street,East 34th Street#0,300.0,2.6546937037926472,0.8018806199763782,0.4224186616736308
n00120,East 34th Street,East 34th Street#0,320.0,2.5725340477101124,0.8344902826726674,0.38084219265481734
n00121,East 34th Street,East 34th Street#0,340.0,4.0283992142407765,0.8666045661270613,0.4151490314051365
n00122,East 34th Street,East 34th Street#0,360.0,6.448367751027034,0.9213790682846359,0.4618492868409021
n00123,East 34th Street,East 34th Street#0,380.0,4.640767528325429,0.9214381008353253,0.3688457825638155
n00124,East 34th Street,East 34th Street#0,400.0,3.8996416784973835,0.918669892159022,0.334936632019573
n00125,East 34th Street,East 34th Street#0,420.0,6.840589131201176,0.9118840864310775,0.4962514543804495
n00126,East 34th Street,East 34th Street#0,440.0,5.129781206864939,0.9065181305935569,0.4162175255878372
n00127,East 34th Street,East 34th Street#0,460.0,4.460564800456001,0.8079460627898146,0.5085857651873573
n00128,East 34th Street,East 34th Street#0,480.0,2.7498241551228113,0.9028652862559605,0.29920518607297175
n00129,East 34th Street,East 34th Street#0,500.0,1.3106253469175746,0.9262365164758043,0.19034891047448016
n00130,East 34th Street,East 34th Street#0,520.0,2.7607081113517022,0.895187920946253,0.31079314408556524
n00131,East 34th Street,East 34th Street#0,540.0,1.8056780771927106,0.8688153828479633,0.29797053000219825
n00132,East 34th Street,East 34th Street#0,560.0,2.4723985696536492,0.9119182385868956,0.27166785153922896
n00133,East 34th Street,East 34th Street#0,580.0,2.6609451284632715,0.9134258986896471,0.27911967931950515
n00134,East 34th Street,East 34th Street#0,600.0,1.473597661377115,0.8391604610242133,0.31869193400677576
n00135,East 34th Street,East 34th Street#0,640.0,3.038896643049616,0.8926294454672149,0.3287206424530351
n00136,East 34th Street,East 34th Street#0,660.0,4.607223002777886,0.9020801880447763,0.3958164041718732
n00137,East 34th Street,East 34th Street#0,680.0,6.4795466704853,0.8728501851390706,0.5328294456919871
n00138,East 34th Street,East 34th Street#0,700.0,3.4097472365024406,0.8584642289833817,0.3939733396013825
n00139,East 34th Street,East 34th Street#0,720.0,5.518955517550912,0.8665688454307627,0.4918134845488145
n00140,East 34th Street,East 34th Street#0,740.0,3.3404952078541252,0.8974407120220114,0.3373811300422744
n00141,East 34th Street,East 34th Street#0,760.0,2.826529727016826,0.891978590084747,0.3187237951589267
n00142,East 34th Street,East 34th Street#0,780.0,4.440797225168847,0.8589160134066862,0.44638780700466296
n00143,East 34th Street,East 34th Street#0,800.0,2.951994059199064,0.7982533049274847,0.44161881675705755
n00144,East 34th Street,East 34th Street#0,820.0,5.448575918806132,0.7395664622903781,0.6267609762870088
n00145,East 34th Street,East 34th Street#0,860.0,5.815454373951679,0.7058952060501567,0.6726178550697016
n00146,East 34th Street,East 34th Street#0,880.0,4.30399196022792,0.7913876434745969,0.5184008695523903
n00147,East 34th Street,East 34th Street#0,900.0,1.439323147456896,0.7338884672532877,0.42551696726420385
n00148,East 34th Street,East 34th Street#0,920.0,2.0161247867747694,0.8514347532290523,0.3313209961632746
n00149,East 34th Street,East 34th Street#0,940.0,4.241126437831948,0.8865054342653769,0.3991060215576855
n00150,East 34th Street,East 34th Street#0,960.0,5.5107883265143265,0.8936156178497228,0.4543847109215837
n00151,East 34th Street,East 34th Street#0,980.0,4.699496036415599,0.8983365676855112,0.4059530279989153
n00152,East 34th Street,East 34th Street#0,1000.0,3.805033174351621,0.8950670917948655,0.36464523122846737
n00153,East 34th Street,East 34th Street#0,1020.0,2.6851710869911463,0.8910083397699511,0.3128251512531358
n00154,East 34th Street,East 34th Street#0,1040.0,1.934215337267401,0.859248979784671,0.31711450243341277
n00155,East 34th Street,East 34th Street#0,1060.0,1.3058026205081448,0.7949750447778288,0.3605021372268543
n00156,East 34th Street,East 34th Street#0,1080.0,1.6985418502714662,0.7340385985514538,0.438714830393295
n00157,East 35th Street,East 35th Street#0,120.0,7.739336359829774,0.6625720043676537,0.8002426201421955
n00158,East 35th Street,East 35th Street#0,160.0,3.980056229538664,0.7656107009587343,0.5275938680297335
n00159,East 35th Street,East 35th Street#0,180.0,4.75316809898511,0.7631647323480666,0.5696612905357059
n00160,East 35th Street,East 35th Street#0,200.0,6.034558621167835,0.7223390173224851,0.6712049679769887
n00161,East 35th Street,East 35th Street#0,220.0,4.556108331471128,0.6923806306396805,0.6175737238871437
n00162,East 35th Street,East 35th Street#0,240.0,7.378673923074403,0.6852040875601548,0.767536297803064
n00163,East 35th Street,East 35th Street#0,260.0,4.373931292129089,0.668062533848786,0.6239870170253973
n00164,East 35th Street,East 35th Street#0,280.0,5.000605344805425,0.6641248002558472,0.6585537235142729
n00165,East 35th Street,East 35th Street#0,300.0,3.2952991889996692,0.6243458404409119,0.5915529890232527
n00166,East 35th Street,East 35th Street#0,320.0,2.938078511938486,0.5543265304979204,0.5957101238236525
n00167,East 35th Street,East 35th Street#0,340.0,3.337623843465675,0.5950648489262398,0.6052927660047567
n00168,East 35th Street,East 35th Street#0,380.0,2.100805284237242,0.7572857371819742,0.43883251154851305
n00169,East 35th Street,East 35th Street#0,400.0,3.7817917291763288,0.8337988331968293,0.44383200132055556
n00170,East 35th Street,East 35th Street#0,420.0,5.0250507925156125,0.8030156085383391,0.5430235479783774
n00171,East 35th Street,East 35th Street#0,440.0,8.568925721619724,0.8712354909051965,0.6423899865568083
n00172,East 35th Street,East 35th Street#0,460.0,4.192669998961064,0.8909383136665121,0.3904119063602125
n00173,East 35th Street,East 35th Street#0,480.0,4.708779782674865,0.9058480784901946,0.3955570745004213
n00174,East 35th Street,East 35th Street#0,500.0,3.4558689306523873,0.8233585243691115,0.43942864150757344
n00175,East 35th Street,East 35th Street#0,520.0,2.900773025701171,0.8529408317578482,0.3748840079515452
n00176,East 35th Street,East 35th Street#0,540.0,2.9042575315440904,0.8902403453383425,0.32516658437191137
n00177,East 35th Street,East 35th Street#0,560.0,2.218249012912353,0.9152358676816919,0.253664557914178
n00178,East 35th Street,East 35th Street#0,600.0,10.032333175819694,0.7978598495593883,0.8059833378226655
n00179,East 35th Street,East 35th Street#0,620.0,5.983974656838287,0.8489742232246221,0.5383777942352802
n00180,East 35th Street,East 35th Street#0,640.0,5.230491372820997,0.9061845030684537,0.4218822637118449
n00181,East 35th Street,East 35th Street#0,660.0,3.4115549840583457,0.9088384712669597,0.32449213529323195
n00182,East 35th Street,East 35th Street#0,680.0,4.02350921710806,0.9091001854503467,0.355562379740783
n00183,East 35th Street,East 35th Street#0,700.0,8.893015157237258,0.8944738146074163,0.6270199332777209
n00184,East 35th Street,East 35th Street#0,720.0,1.9309561524106076,0.8303371763153216,0.3528338973450833
n00185,East 35th Street,East 35th Street#0,740.0,2.5472149077155413,0.814481478604311,0.40291401055927484
n00186,East 35th Street,East 35th Street#0,760.0,6.80277433527731,0.8511021068560931,0.5777841651019384
n00187,East 35th Street,East 35th Street#0,780.0,2.9790581935260945,0.87807634759892,0.34583391933007535
n00188,East 35th Street,East 35th Street#0,800.0,4.680359897092066,0.8805203539768214,0.4299467019985029
n00189,East 35th Street,East 35th Street#0,820.0,1.3208933211316949,0.8894921310240214,0.24482890919937117
n00190,East 35th Street,East 35th Street#0,840.0,2.6461355299585034,0.8795407807428537,0.3267240239789928
n00191,East 35th Street,East 35th Street#0,860.0,7.6712693985136005,0.8706328086253785,0.5970536142006868
n00192,East 35th Street,East 35th Street#0,880.0,5.159857393044592,0.8027876187590162,0.5502014635727079
n00193,East 35th Street,East 35th Street#0,900.0,5.941348158189692,0.7974379644721769,0.5961513128513964
n00194,East 35th Street,East 35th Street#0,920.0,1.6647512359256849,0.8926862213877157,0.25800680605625187
n00195,East 35th Street,East 35th Street#0,940.0,1.0160462053649097,0.9067520680072255,0.20442158708500216
n00196,East 35th Street,East 35th Street#0,960.0,2.9313917999613945,0.927956496110391,0.2710147114695631
n00197,East 35th Street,East 35th Street#0,980.0,7.313277686318931,0.9429583329443536,0.4727340567634222
n00198,East 35th Street,East 35th Street#0,1000.0,6.549035973257516,0.9387015778784238,0.4402060575977004
n00199,East 35th Street,East 35th Street#0,1020.0,7.298177446962351,0.9349829329844948,0.48456135585100596
n00200,East 35th Street,East 35th Street#0,1040.0,1.8881133650238822,0.836844734772633,0.3428165944285487
n00201,East 35th Street,East 35th Street#0,1060.0,0.2260062508144538,0.8590602715335354,0.22955343195880873
n00202,East 36th Street,East 36th Street#0,140.0,0.00919310308144105,0.8679152419124012,0.20682161684592015
n00203,East 36th Street,East 36th Street#0,160.0,0.5697326420480007,0.8007174767926164,0.31650949521486627
n00204,East 36th Street,East 36th Street#0,180.0,3.048863024631568,0.854867170115106,0.3800418440809299
n00205,East 36th Street,East 36th Street#0,200.0,4.667320387629725,0.8040624796433224,0.5234915943086664
n00206,East 36th Street,East 36th Street#0,220.0,3.2458887288564213,0.8505773134602514,0.3956165848485228
n00207,East 36th Street,East 36th Street#0,240.0,4.669074665389957,0.846420006919872,0.47398667398303806
n00208,East 36th Street,East 36th Street#0,260.0,4.81344934140725,0.899224062581372,0.41053633989672733
n00209,East 36th Street,East 36th Street#0,280.0,3.2578796861126262,0.8701227220290761,0.3708774639491368
n00210,East 36th Street,East 36th Street#0,300.0,5.48385831193714,0.8178763812780598,0.5499986085772653
n00211,East 36th Street,East 36th Street#0,320.0,5.5694056569306465,0.7995406814485598,0.5747732911877195
n00212,East 36th Street,East 36th Street#0,340.0,3.9565874929488345,0.8905507057899131,0.37882207537982043
n00213,East 36th Street,East 36th Street#0,360.0,5.438879843775231,0.9137615695349692,0.4214107965235731
n00214,East 36th Street,East 36th Street#0,380.0,4.855592230542977,0.9116104911722743,0.3946245415099467
n00215,East 36th Street,East 36th Street#0,400.0,4.382088564137603,0.9031359743589211,0.3827138383123432
n00216,East 36th Street,East 36th Street#0,420.0,5.777057158536903,0.8908269782345217,0.47200896430312134
n00217,East 36th Street,East 36th Street#0,440.0,6.6701914685391115,0.9013319017945941,0.5029388732522505
n00219,East 36th Street,East 36th Street#0,480.0,4.444984181018258,0.7983630245196598,0.5182434026730955
n00220,East 36th Street,East 36th Street#0,500.0,3.509522071722867,0.876279318125931,0.37554080885738633
n00221,East 36th Street,East 36th Street#0,520.0,3.5514168386405274,0.9060038154585074,0.33583892502293156
n00222,East 36th Street,East 36th Street#0,540.0,4.254255598904985,0.850444991928349,0.4476154494068484
n00223,East 36th Street,East 36th Street#0,560.0,1.836654752264546,0.8726625322620194,0.2944281502007052
n00224,East 36th Street,East 36th Street#0,580.0,3.6103178549438018,0.8931961820018036,0.3572910937973086
n00225,East 36th Street,East 36th Street#0,600.0,1.3843154033246399,0.8671242033576552,0.27855201086753284
n00226,East 36th Street,East 36th Street#1,20.0,2.947952955884918,0.5178182266104518,0.6009586771386476
n00227,East 36th Street,East 36th Street#1,40.0,3.003326305048774,0.5017327889191976,0.6043710442180091
n00228,East 36th Street,East 36th Street#1,60.0,3.4861510375521014,0.48329004258250147,0.6286919197129134
n00229,East 36th Street,East 36th Street#1,80.0,6.714267238457683,0.4986252737724934,0.7951221781473772
n00230,East 36th Street,East 36th Street#1,100.0,6.131981265011959,0.4605131816047992,0.762388443161004
n00231,East 36th Street,East 36th Street#1,120.0,5.00925481112318,0.4736414824630957,0.7062342433579165
n00232,East 36th Street,East 36th Street#1,140.0,4.049412954371759,0.47749297642753696,0.6572353911988732
n00233,East 36th Street,East 36th Street#1,160.0,5.084697938237774,0.5207726254140239,0.7105860427308529
n00234,East 36th Street,East 36th Street#1,180.0,6.280775136236745,0.5595470499378953,0.766460763283525
n00235,East 36th Street,East 36th Street#1,200.0,6.7656497127398065,0.5358361966647347,0.7954551134098903
n00236,East 36th Street,East 36th Street#1,220.0,6.260531187928608,0.5824496091319997,0.7595664310229742
n00237,East 36th Street,East 36th Street#1,240.0,7.290432001025931,0.601789561591065,0.8060914926556045
n00239,East 37th Street,East 37th Street#0,120.0,6.375676519559053,0.5703296734131059,0.7688181261935791
n00247,East 37th Street,East 37th Street#0,280.0,6.892249751843089,0.5894479037679233,0.7898725361876573
n00248,East 37th Street,East 37th Street#0,300.0,7.478644889516371,0.5760545857970834,0.8240042450319118
n00249,East 37th Street,East 37th Street#0,320.0,6.347452245218421,0.6026557580075759,0.7573018519823603
n00250,East 37th Street,East 37th Street#0,360.0,7.3687554111725655,0.5665990325909447,0.8207836894368123
n00251,East 37th Street,East 37th Street#0,380.0,6.466991968679045,0.6672245974202416,0.7320798613614887
n00252,East 37th Street,East 37th Street#0,400.0,6.082275631828347,0.6815590616428505,0.7033054117064428
n00253,East 37th Street,East 37th Street#0,420.0,2.048640510618496,0.6969869644925795,0.4854569025380695
n00254,East 37th Street,East 37th Street#0,440.0,0.5297719799476776,0.7838089691934227,0.33224569004928795
n00255,East 37th Street,East 37th Street#0,460.0,0.5730220540237226,0.8198592239821185,0.2952965168165888
n00256,East 37th Street,East 37th Street#0,480.0,0.5982672936660898,0.8194363411989661,0.2970807929285329
n00257,East 37th Street,East 37th Street#0,500.0,0.3392592418772622,0.9362851618875886,0.12481800722173939
n00260,East 37th Street,East 37th Street#0,580.0,1.9764730805378088,0.8252228280906068,0.36120852231412237
n00261,East 37th Street,East 37th Street#0,600.0,2.1875837130172164,0.8632127213961223,0.3249835262652955
n00262,East 37th Street,East 37th Street#0,620.0,4.410140928630123,0.9060148461533646,0.37996278634807035
n00263,East 37th Street,East 37th Street#0,640.0,5.605480594632715,0.9288241816038364,0.4071296027764148
n00264,East 37th Street,East 37th Street#0,660.0,6.684712641100038,0.9273083553899448,0.4649400446637044
n00265,East 37th Street,East 37th Street#0,680.0,2.0910961106015433,0.9264997547498496,0.23006247987845202
n00266,East 37th Street,East 37th Street#0,700.0,0.7441036338442912,0.8788518116262969,0.2298966323857225
n00267,East 37th Street,East 37th Street#0,720.0,0.979091599339581,0.8165393743480971,0.31997217771425174
n00268,East 37th Street,East 37th Street#0,740.0,2.615211705339447,0.9260595397599785,0.25767853408970154
n00269,East 37th Street,East 37th Street#0,760.0,3.828751047357755,0.915340981491388,0.3362901501553587
n00270,East 37th Street,East 37th Street#0,780.0,5.674660088889512,0.9295373605031048,0.40958365732249113
n00271,East 37th Street,East 37th Street#0,800.0,5.3617471964186905,0.9127637932871542,0.41893047506896786
n00272,East 37th Street,East 37th Street#0,820.0,5.644832722241377,0.8872878982063129,0.47016924663246173
n00273,East 37th Street,East 37th Street#0,840.0,3.7601881620442166,0.8641646367438283,0.40457193967443217
n00274,East 37th Street,East 37th Street#0,860.0,5.27347051418934,0.7944092233229754,0.5650477775127584
n00275,East 37th Street,East 37th Street#0,880.0,6.480495027803169,0.7692212185369904,0.652645145873366
n00276,East 37th Street,East 37th Street#0,900.0,5.73164516371267,0.8376200370374736,0.5394398924698525
n00277,East 37th Street,East 37th Street#0,920.0,9.973476850517923,0.906872675606279,0.664673223858341
n00278,East 37th Street,East 37th Street#0,940.0,3.994247374670482,0.8805541329179867,0.39463299225698856
n00279,East 37th Street,East 37th Street#0,960.0,4.8517932998962845,0.908523943771798,0.39898576040192546
n00280,East 37th Street,East 37th Street#0,980.0,5.079660752442415,0.9186931934300425,0.39555664333086715
n00281,East 37th Street,East 37th Street#0,1000.0,3.5473573467026784,0.9231487374958093,0.3100418991552273
n00282,East 37th Street,East 37th Street#0,1020.0,2.9197582953280286,0.8573183451675708,0.3702633811026545
n00283,East 37th Street,East 37th Street#0,1040.0,2.02070879788723,0.8612695474068324,0.3189398825021978
n00284,East 38th Street,East 38th Street#0,140.0,0.0,0.9172109907060233,0.13668298062137738
n00285,East 38th Street,East 38th Street#0,160.0,0.03540331674187945,0.9134885935182158,0.14406872449514974
n00286,East 38th Street,East 38th Street#0,180.0,0.3583007520694961,0.9179085924817507,0.15405164703269478
n00287,East 38th Street,East 38th Street#0,200.0,2.6665981306546493,0.9301963033243126,0.2539440597049125
n00288,East 38th Street,East 38th Street#0,220.0,3.1404584565882594,0.9507405449196968,0.24572462157695016
n00289,East 38th Street,East 38th Street#0,240.0,3.968516933080221,0.9450961163426146,0.2973900121741061
n00290,East 38th Street,East 38th Street#0,260.0,3.046080461962867,0.9219674975116301,0.28607226633028915
n00291,East 38th Street,East 38th Street#0,280.0,2.760430646021148,0.8656713248687589,0.3512032369165878
n00292,East 38th Street,East 38th Street#0,300.0,3.5679327404069845,0.8050779800947625,0.465867616102142
n00293,East 38th Street,East 38th Street#0,320.0,5.4357605480563596,0.8177294823979229,0.5476943614259446
n00294,East 38th Street,East 38th Street#0,340.0,4.782205005915419,0.8841381364035716,0.4302022638244257
n00295,East 38th Street,East 38th Street#0,360.0,2.1455728356458503,0.9020003164715031,0.2693986983325244
n00296,East 38th Street,East 38th Street#0,380.0,3.1689153627447055,0.9052284397899466,0.3173098692020706
n00297,East 38th Street,East 38th Street#0,400.0,2.3287509924558396,0.8875347911987659,0.29937226172537584
n00298,East 38th Street,East 38th Street#0,420.0,1.4565901493598221,0.9245436298592575,0.2004442612774387
n00299,East 38th Street,East 38th Street#0,440.0,0.7174746459653631,0.9325559210931158,0.1500911803888863
n00300,East 38th Street,East 38th Street#0,460.0,0.9463658147495589,0.8594374764297112,0.2660933895998805
n00301,East 38th Street,East 38th Street#0,480.0,1.9205141633581975,0.8636923497571796,0.31062810467755536
n00302,East 38th Street,East 38th Street#0,500.0,2.2361263058866503,0.9099741142581041,0.2623991759791213
n00303,East 38th Street,East 38th Street#0,520.0,4.373873512557702,0.9241572256572579,0.3509882408216058
n00304,East 38th Street,East 38th Street#0,540.0,10.667561172699902,0.9218216760581096,0.6780517496945886
n00305,East 38th Street,East 38th Street#0,560.0,5.902372161715429,0.9137972698982261,0.44518196739902866
n00306,East 38th Street,East 38th Street#0,580.0,5.391132688145698,0.8287026653585569,0.5326322552328719
n00307,East 38th Street,East 38th Street#0,600.0,3.9247719462887347,0.8269113713479896,0.4593725546014506
n00308,East 38th Street,East 38th Street#0,640.0,4.267570050856861,0.8877682503669919,0.3987052939918283
n00309,East 38th Street,East 38th Street#0,660.0,4.756203693706217,0.9034516124675386,0.40148577658846674
n00310,East 38th Street,East 38th Street#0,680.0,3.8511771728887236,0.9398282500502969,0.2997495283580688
n00311,East 38th Street,East 38th Street#0,700.0,5.174126685711915,0.8853259122035815,0.44870264146152117
n00312,East 38th Street,East 38th Street#0,720.0,6.635566861804386,0.8748148424347004,0.5382051380457713
n00313,East 38th Street,East 38th Street#0,740.0,4.631522970185628,0.8825664049960339,0.4246260289048086
n00314,East 38th Street,East 38th Street#0,760.0,3.303287952390881,0.8206429606624858,0.4347335896921344
n00315,East 38th Street,East 38th Street#0,780.0,5.88722138320858,0.8500926273880416,0.5319971888382161
n00316,East 38th Street,East 38th Street#0,800.0,5.7049374004907705,0.8855004595707769,0.47574509788090075
n00317,East 38th Street,East 38th Street#0,820.0,6.005862616003204,0.8606011917692564,0.5246524953960124
n00318,East 38th Street,East 38th Street#0,860.0,1.0770020916490564,0.8684878961569076,0.26094987818186494
n00319,East 38th Street,East 38th Street#0,880.0,10.519400336301594,0.9026749706997588,0.6988515223796876
n00320,East 38th Street,East 38th Street#0,900.0,9.700156321497968,0.8825530884666879,0.6851813658379792
n00321,East 38th Street,East 38th Street#0,920.0,7.35277419877546,0.7963773580185658,0.6698348330096939
n00322,East 38th Street,East 38th Street#0,940.0,3.568139172586532,0.8973395131279711,0.3492272205352809
n00323,East 38th Street,East 38th Street#0,960.0,2.8139106652671404,0.9133342396778709,0.2871187908839292
n00324,East 38th Street,East 38th Street#0,980.0,0.9766209295944543,0.925599673031427,0.17415694967474976
n00325,East 38th Street,East 38th Street#0,1000.0,3.7076693147398183,0.8621956447482452,0.40444673079608506
n00326,East 38th Street,East 38th Street#0,1020.0,5.063317627665812,0.8149261834910217,0.5317424574322693
n00327,East 38th Street,East 38th Street#0,1040.0,7.712433831134781,0.7490943416988933,0.7347467790768124
n00329,East 39th Street,East 39th Street#0,20.0,0.4041098482084252,0.6335493178483644,0.4386682265799789
n00330,East 39th Street,East 39th Street#0,40.0,0.40309619199815855,0.8428736852334262,0.2591076240922927
n00331,East 39th Street,East 39th Street#0,60.0,0.9303116444567355,0.8218494513979792,0.31136299014566937
n00332,East 39th Street,East 39th Street#0,80.0,2.6154312345231383,0.9048408704537022,0.28942490014545974
n00333,East 39th Street,East 39th Street#0,100.0,1.0352337373564686,0.9019316427533113,0.2124246201061622
n00334,East 39th Street,East 39th Street#0,120.0,5.647618279767416,0.936433621362148,0.3974441278041401
n00335,East 39th Street,East 39th Street#0,140.0,1.2521428010688795,0.9170690313296466,0.2012585849212224
n00336,East 39th Street,East 39th Street#0,160.0,1.4742402096087863,0.8915224945643347,0.24985688038770731
n00337,East 39th Street,East 39th Street#0,180.0,3.359967546528015,0.9462739667662388,0.2642196428457863
n00338,East 39th Street,East 39th Street#0,200.0,3.208814595632587,0.9369729628213876,0.27123725525094855
n00339,East 39th Street,East 39th Street#0,240.0,0.6456843096792972,0.8442898580612042,0.26982543950592586
n00340,East 39th Street,East 39th Street#0,260.0,2.7681136677242613,0.9508420931092547,0.22642062308442015
n00341,East 39th Street,East 39th Street#0,280.0,7.181667258949815,0.9052807164267582,0.5234963669087243
n00342,East 39th Street,East 39th Street#0,300.0,8.467991863780718,0.9115534287017812,0.5803930192616403
n00343,East 39th Street,East 39th Street#0,320.0,4.8219792566964825,0.9297840193748794,0.36537278099850257
n00344,East 39th Street,East 39th Street#0,340.0,11.045828601336773,0.877683882147353,0.7432387932989879
n00345,East 39th Street,East 39th Street#0,360.0,3.540353593502841,0.8594772366400671,0.3993776401564537
n00346,East 39th Street,East 39th Street#0,380.0,1.3719847655898745,0.9385469312188148,0.17434037925951934
n00347,East 39th Street,East 39th Street#0,400.0,2.7865750596867955,0.9234630560382477,0.27045731185851396
n00348,East 39th Street,East 39th Street#0,420.0,2.4886841847204573,0.9133580141570539,0.2703661791942399
n00349,East 39th Street,East 39th Street#0,460.0,0.7987815924531756,0.8604330292726484,0.25721728701405244
n00350,East 39th Street,East 39th Street#0,480.0,1.7220454306041502,0.9424592447637362,0.18612994548561285
n00351,East 39th Street,East 39th Street#0,500.0,2.2177337755515105,0.9253452654955345,0.23834208944808646
n00352,East 39th Street,East 39th Street#0,520.0,1.4426287873267416,0.919250721552144,0.20776564884732024
n00353,East 39th Street,East 39th Street#0,540.0,2.488450953217102,0.9311655198332129,0.24328424694432915
n00354,East 39th Street,East 39th Street#0,560.0,1.8231982800145659,0.9374680198337131,0.19923483322286797
n00355,East 39th Street,East 39th Street#0,580.0,1.4724882607591125,0.9275743080175135,0.19661296179385573
n00356,East 39th Street,East 39th Street#0,600.0,1.7519035895458166,0.8663789922258014,0.2984306205018244
n00357,East 39th Street,East 39th Street#0,620.0,1.8487530121076534,0.9319123659504762,0.20924235078233278
n00358,East 39th Street,East 39th Street#0,640.0,4.8354769565201,0.9433003058526673,0.34482504323700985
n00359,East 39th Street,East 39th Street#0,660.0,1.6623538488160174,0.9469476584355354,0.17587604234319604
n00360,East 39th Street,East 39th Street#0,680.0,2.198008265915302,0.9401552529288485,0.21425566903965482
n00361,East 39th Street,East 39th Street#0,700.0,1.256081413524476,0.9314008990497139,0.17957275093175804
n00362,East 39th Street,East 39th Street#0,720.0,1.0109731958912878,0.9359887671722309,0.15981069665715442
n00363,East 39th Street,East 39th Street#0,740.0,1.3572916183574049,0.8598866581062181,0.2866341322553939
n00364,East 39th Street,East 39th Street#0,760.0,2.4868630052045124,0.8522465578565996,0.3544895458689651
n00365,East 39th Street,East 39th Street#0,780.0,1.1592974885223875,0.9040217463662297,0.21576957619082987
n00366,East 39th Street,East 39th Street#0,800.0,1.1471327365417174,0.9423988502798736,0.156674577610039
n00367,East 39th Street,East 39th Street#0,820.0,1.0321770374125294,0.9288474007832968,0.17201761427298645
n00368,East 39th Street,East 39th Street#0,840.0,1.090247684580524,0.9442337686373174,0.15082216496223333
n00369,East 39th Street,East 39th Street#0,860.0,4.135952987960799,0.9404148125581862,0.31345815291715573
n00370,East 39th Street,East 39th Street#0,880.0,0.8497391037637436,0.9377003179829191,0.14883131643038688
n00371,East 39th Street,East 39th Street#0,900.0,0.37198863203855953,0.9314569119840663,0.13404177361201056
n00372,East 39th Street,East 39th Street#0,920.0,0.0,0.8905980133357083,0.1753797455607561
n00373,East 40th Street,East 40th Street#0,140.0,0.00552514509623265,0.9021163406878292,0.15922840992666634
n00374,East 40th Street,East 40th Street#0,160.0,0.0419685103429593,0.9426285779353614,0.09950115355452689
n00375,East 40th Street,East 40th Street#0,180.0,0.01918392465418025,0.9503446326123279,0.08592757008931935
n00376,East 40th Street,East 40th Street#0,200.0,0.18517283123002742,0.9517934587070496,0.09210702840389437
n00377,East 40th Street,East 40th Street#0,220.0,0.41645697569436496,0.9556914192284367,0.09762824277927418
n00378,East 40th Street,East 40th Street#0,240.0,1.3665877184290165,0.9501360585810309,0.15552465255745312
n00379,East 40th Street,East 40th Street#0,260.0,0.048572254066942454,0.9494359614938818,0.08890987216232465
n00380,East 40th Street,East 40th Street#0,280.0,0.0403048740959971,0.9406779752897034,0.10251700379706068
n00381,East 40th Street,East 40th Street#0,300.0,0.7765386268235608,0.8819524375053279,0.2273177053532497
n00382,East 40th Street,East 40th Street#0,320.0,1.1928682804856598,0.8867001636916971,0.24214897500379148
n00383,East 40th Street,East 40th Street#0,340.0,1.368905159552885,0.9479273500819051,0.15921418176745183
n00384,East 40th Street,East 40th Street#0,360.0,0.8963960303679394,0.9587597309151707,0.1172475073148677
n00385,East 40th Street,East 40th Street#0,380.0,1.6596202367757067,0.956113428679431,0.16083647890616481
n00386,East 40th Street,East 40th Street#0,400.0,2.2980489569667517,0.9430289132188647,0.21482959470912086
n00387,East 40th Street,East 40th Street#0,420.0,0.4562748298947929,0.9630058576238276,0.08757939475138295
n00388,East 40th Street,East 40th Street#0,440.0,0.8347290712634859,0.9606306713042814,0.11098148881720593
n00389,East 40th Street,East 40th Street#0,460.0,0.47107619647701315,0.8995646964460153,0.18684067157123382
n00390,East 40th Street,East 40th Street#0,480.0,1.1349166539982831,0.8957075028157993,0.22648481559019135
n00391,East 40th Street,East 40th Street#0,500.0,3.1793381225098116,0.9484687939799561,0.2514001106938761
n00392,East 40th Street,East 40th Street#0,520.0,3.6773054730514394,0.9607304345769754,0.25692964707544913
n00393,East 40th Street,East 40th Street#0,540.0,4.894601551859043,0.9520722858999628,0.3337266123370544
n00394,East 40th Street,East 40th Street#0,560.0,1.0230272874545447,0.9398782286140079,0.1542983273100255
n00395,East 40th Street,East 40th Street#0,580.0,3.4094218004748633,0.9232686764226075,0.30276902743230105
n00396,East 40th Street,East 40th Street#0,600.0,3.180804143750587,0.9351274258924855,0.2726945551970562
n00397,East 40th Street,East 40th Street#0,640.0,0.333766077830401,0.8927886974363493,0.1894468555417873
n00398,East 40th Street,East 40th Street#0,660.0,0.647665851501135,0.9521176613211382,0.11535252240258184
n00399,East 40th Street,East 40th Street#0,680.0,0.7002553088833203,0.9494871249915571,0.12232478387356563
n00400,East 40th Street,East 40th Street#0,700.0,0.08946902743317865,0.9393230346228107,0.10719035941173943
n00401,East 40th Street,East 40th Street#0,720.0,0.09064270701859956,0.9316285502001631,0.11931343080684487
n00402,East 40th Street,East 40th Street#0,740.0,1.1974521057089804,0.9481853962274115,0.14998495295293895
n00403,East 40th Street,East 40th Street#0,760.0,3.022158361807817,0.9204018888544572,0.28721650420586303
n00404,East 40th Street,East 40th Street#0,780.0,5.406749029227474,0.9200715380574293,0.4102885848719836
n00405,East 40th Street,East 40th Street#0,800.0,7.039928122612361,0.923948030412016,0.488347664742226
n00406,East 40th Street,East 40th Street#0,820.0,3.235840893759235,0.884626620228331,0.3500403761062395
n00407,East 40th Street,East 40th Street#0,860.0,10.883883303380099,0.9109577284522229,0.6960047417657003
n00408,East 40th Street,East 40th Street#0,880.0,7.954332150536629,0.9380876338830206,0.5134097827991853
n00409,East 40th Street,East 40th Street#0,900.0,5.841852380760565,0.914022162433694,0.4417360335566898
n00410,East 40th Street,East 40th Street#0,920.0,3.755539095050038,0.9148875542656115,0.33320452909955933
n00411,East 40th Street,East 40th Street#0,940.0,2.698724505248704,0.9299767398874714,0.2559353665327399
n00412,East 40th Street,East 40th Street#0,960.0,3.193642591076316,0.9360136777824561,0.27196478399204793
n00413,East 40th Street,East 40th Street#0,980.0,2.6806492570946014,0.9221497665224511,0.2670114944610795
n00414,East 40th Street,East 40th Street#0,1000.0,1.989086603428841,0.8644340508642956,0.31318075925962746
n00415,East 40th Street,East 40th Street#0,1020.0,1.7149399036176478,0.8025351826487729,0.37340147220698594
n00416,East 40th Street,East 40th Street#0,1040.0,0.0597276493047015,0.6824722344955685,0.3931371006398874
n00417,East 41st Street,East 41st Street#0,140.0,0.5154094509873071,0.950717195683334,0.11083020278778169
n00418,East 41st Street,East 41st Street#0,160.0,0.0,0.9093214809120517,0.14842066547513685
n00419,East 41st Street,East 41st Street#0,180.0,0.02230322636553585,0.9509075293796152,0.08517474641422024
n00420,East 41st Street,East 41st Street#0,200.0,0.0,0.9548503620989122,0.07760006657727929
n00421,East 41st Street,East 41st Street#0,220.0,0.1082226063424622,0.9645889271661068,0.06704567107464342
n00422,East 41st Street,East 41st Street#0,240.0,0.0691284966134431,0.9634360674443042,0.06696195129096917
n00423,East 41st Street,East 41st Street#0,260.0,0.051185539577172506,0.9624239150952019,0.06772645102054999
n00424,East 41st Street,East 41st Street#0,280.0,0.1057997155884885,0.9242292304403894,0.13149150638516188
n00425,East 41st Street,East 41st Street#0,300.0,0.538120481711514,0.9505463506812749,0.1122747486522862
n00426,East 41st Street,East 41st Street#0,320.0,0.04153493886364965,0.894393718363308,0.17215144244700636
n00427,East 41st Street,East 41st Street#0,340.0,0.1223195241092588,0.9586593603628302,0.07762431066885858
n00428,East 41st Street,East 41st Street#0,360.0,0.09550615378172035,0.9581106566617724,0.07715151772071598
n00429,East 41st Street,East 41st Street#0,380.0,0.02728333284390375,0.9578539004973565,0.0740680634997785
n00430,East 41st Street,East 41st Street#0,400.0,0.0,0.9563955230298443,0.07506562780496673
n00431,East 41st Street,East 41st Street#0,420.0,0.0045614914375912,0.9583761390574805,0.07203883623500279
n00432,East 41st Street,East 41st Street#0,440.0,0.01102436256530915,0.9496936594051555,0.08656277518286946
n00433,East 41st Street,East 41st Street#0,460.0,0.06708763671514326,0.9397133748107066,0.10542229328804602
n00434,East 41st Street,East 41st Street#0,480.0,0.5852543371014629,0.9062991810393319,0.18294089604885144
n00435,East 41st Street,East 41st Street#0,500.0,1.0081483681324894,0.9561087497574648,0.1273573196501922
n00436,East 41st Street,East 41st Street#0,520.0,0.29688977380877396,0.9529033331878245,0.09604210318695393
n00437,East 41st Street,East 41st Street#0,540.0,0.19230862224212575,0.959891739113927,0.07918427279989336
n00438,East 41st Street,East 41st Street#0,560.0,2.218339455944942,0.9590362149034963,0.18474104944057082
n00439,East 41st Street,East 41st Street#0,580.0,1.7377894162631806,0.9630882708512334,0.15331420107700844
n00440,East 41st Street,East 41st Street#0,600.0,0.35176622411071506,0.9574533362167487,0.0914070267171577
n00441,East 41st Street,East 41st Street#0,640.0,0.6833494685809939,0.9413972038580883,0.1344287239802198
n00442,East 41st Street,East 41st Street#0,660.0,1.5769812596167558,0.9557401014439546,0.15720144034677555
n00443,East 41st Street,East 41st Street#0,680.0,8.527203421043751,0.9429508900413632,0.5351439219186734
n00444,East 41st Street,East 41st Street#0,700.0,1.864677870897637,0.937650899948729,0.20107888450706346
n00445,East 41st Street,East 41st Street#0,720.0,1.2755109572921315,0.950704798288265,0.14992092181383398
n00446,East 41st Street,East 41st Street#0,740.0,0.16440672553786534,0.9529113394729631,0.08921917893621673
n00447,East 41st Street,East 41st Street#0,760.0,0.07612456796112725,0.9483048513857324,0.09215391001405164
n00448,East 41st Street,East 41st Street#0,780.0,0.9112200410484881,0.9377798010682872,0.15186629417104933
n00449,East 41st Street,East 41st Street#0,800.0,0.33693737028001197,0.9432953949399363,0.113599742342557
n00450,East 41st Street,East 41st Street#0,820.0,0.5896729150871243,0.9492145616575807,0.11708156280928593
n00451,East 41st Street,East 41st Street#0,860.0,0.9354496353436557,0.9442461231421435,0.14284550483572528
n00452,East 41st Street,East 41st Street#0,880.0,1.6049828837120839,0.938749630412677,0.18599681826627504
n00453,East 41st Street,East 41st Street#0,900.0,2.388718223856701,0.9364805556825828,0.22985697679403888
n00454,East 41st Street,East 41st Street#0,920.0,4.502263925081095,0.9290158546926016,0.35012628945211466
n00455,East 41st Street,East 41st Street#0,940.0,6.290681517470504,0.9352442702924693,0.43236486674479613
n00456,East 41st Street,East 41st Street#0,960.0,4.333661687940156,0.9291274515605157,0.3412874480176309
n00457,East 41st Street,East 41st Street#0,980.0,6.054092944513029,0.8612869860262082,0.5262405020525656
n00458,East 41st Street,East 41st Street#0,1000.0,4.176259218077707,0.8052084279193388,0.4969934074117449
n00460,East 42nd Street,East 42nd Street#0,140.0,0.0598550134255961,0.8820360254165459,0.1903639123502786
n00461,East 42nd Street,East 42nd Street#0,160.0,0.10431206518791256,0.8912068226010723,0.17988482988050708
n00462,East 42nd Street,East 42nd Street#0,180.0,0.0,0.931789984291683,0.11440333703769863
n00463,East 42nd Street,East 42nd Street#0,200.0,0.05381805792434324,0.9075618008119231,0.15377442765179664
n00464,East 42nd Street,East 42nd Street#0,220.0,0.13945316824825815,0.9072414791652204,0.15864602691418445
n00465,East 42nd Street,East 42nd Street#0,240.0,0.335577392880569,0.9039208728921475,0.17357556113482647
n00466,East 42nd Street,East 42nd Street#0,260.0,0.1828618505245262,0.9191132040186241,0.14321885256732164
n00467,East 42nd Street,East 42nd Street#0,280.0,0.00094196450479335,0.943714057326771,0.09566052228838086
n00468,East 42nd Street,East 42nd Street#0,300.0,0.1396230246773229,0.9289474553672563,0.12598422304031962
n00469,East 42nd Street,East 42nd Street#0,320.0,0.08172394038363655,0.9335875094185055,0.1158041285813868
n00470,East 42nd Street,East 42nd Street#0,340.0,0.0806732074910111,0.9451349298482554,0.09748555958954917
n00471,East 42nd Street,East 42nd Street#0,360.0,0.0,0.9281224776805138,0.12008005938845633
n00472,East 42nd Street,East 42nd Street#0,380.0,0.0006594615402735,0.9126161911112649,0.14358007942483472
n00473,East 42nd Street,East 42nd Street#0,400.0,0.0007473621462644,0.9400789088629042,0.10143341293044088
n00474,East 42nd Street,East 42nd Street#0,420.0,0.0063183537020101,0.9403124726799492,0.10134964242661651
n00475,East 42nd Street,East 42nd Street#0,440.0,0.0,0.9421336586760855,0.09813209015825779
n00476,East 42nd Street,East 42nd Street#0,460.0,0.03411469580102185,0.8932110021620336,0.17344675157603626
n00477,East 42nd Street,East 42nd Street#0,480.0,0.0401753993752787,0.9409830743549543,0.10202615942850454
n00478,East 42nd Street,East 42nd Street#0,500.0,0.04128052866316725,0.9438619935690526,0.09749764964758635
n00479,East 42nd Street,East 42nd Street#0,520.0,0.0529535262469302,0.930654912792126,0.11888733077136857
n00480,East 42nd Street,East 42nd Street#0,540.0,0.20246472930468679,0.9310187144752184,0.126008218282419
n00481,East 42nd Street,East 42nd Street#0,560.0,0.16718326352811555,0.9320443924517414,0.12260128192565438
n00482,East 42nd Street,East 42nd Street#0,580.0,0.21477864449407816,0.9310007809482289,0.12666900226809724
n00483,East 42nd Street,East 42nd Street#0,600.0,0.2858219134851615,0.9319368670395891,0.12886674477182558
n00484,East 42nd Street,East 42nd Street#0,640.0,0.1775455102759638,0.9341270274692433,0.11988686623014316
n00485,East 42nd Street,East 42nd Street#0,660.0,0.14005774071065025,0.9412886348048588,0.1066750367017578
n00486,East 42nd Street,East 42nd Street#0,680.0,0.0490606835053225,0.9372499842173232,0.10838422094072221
n00487,East 42nd Street,East 42nd Street#0,700.0,0.0043593654610102,0.9297244491395871,0.11783049539527604
n00488,East 42nd Street,East 42nd Street#0,720.0,0.0,0.9349603995766194,0.10945701144026572
n00489,East 42nd Street,East 42nd Street#0,740.0,0.0,0.9295244093487501,0.1179158071924932
n00490,East 42nd Street,East 42nd Street#0,760.0,0.0,0.9108678421364278,0.1461377093366798
n00491,East 42nd Street,East 42nd Street#0,780.0,0.3702211367009277,0.929594483454026,0.1368374851609757
n00492,East 42nd Street,East 42nd Street#0,800.0,0.8894669460743388,0.9208519938345661,0.1769107017372789
n00493,East 42nd Street,East 42nd Street#0,820.0,1.2185223749235072,0.87973821318769,0.2530722731192152
n00494,East 42nd Street,East 42nd Street#0,860.0,0.6370664104675383,0.910446866727639,0.17950644049427827
n00495,East 42nd Street,East 42nd Street#0,880.0,2.4228764668757163,0.8975528253299454,0.29005342058485595
n00496,East 42nd Street,East 42nd Street#0,900.0,4.927752364705337,0.8945674434224402,0.42306521625562293
n00497,East 42nd Street,East 42nd Street#0,920.0,5.4743542196444,0.8819726228802548,0.4687662373620917
n00498,East 42nd Street,East 42nd Street#0,940.0,5.7314699170346675,0.7646981052717634,0.6184908489255327
n00499,East 42nd Street,East 42nd Street#0,960.0,3.618250391166103,0.7521138776081052,0.521574135089342
n00500,East 42nd Street,East 42nd Street#0,980.0,5.50831311403554,0.6921846526832728,0.6666544454852905
n00501,East 42nd Street,East 42nd Street#0,1000.0,1.0652676841332587,0.8182002212427297,0.32250421610457086
n00502,East 42nd Street,East 42nd Street#0,1020.0,2.065566406130884,0.7519073267641448,0.44195073765734827
n00503,East 42nd Street,East 42nd Street#0,1040.0,1.5770628762430907,0.6004219495126112,0.5129116854066206
n00504,Lexington Avenue,Lexington Avenue#0,620.0,0.0,0.9373785104433058,0.10566006948431111
n00506,Lexington Avenue,Lexington Avenue#0,680.0,0.0290317300675738,0.9488083797491428,0.08892015274704664
n00507,Lexington Avenue,Lexington Avenue#0,700.0,0.0353397747221509,0.9499252326629144,0.08743764188867335
n00508,Lexington Avenue,Lexington Avenue#0,740.0,0.16770713257491315,0.9181473413718191,0.14389549406477853
n00509,Lexington Avenue,Lexington Avenue#0,760.0,0.0,0.9375923774502173,0.10532324015543981
n00510,Lexington Avenue,Lexington Avenue#0,780.0,0.014478135099823349,0.9438149069981472,0.09619519353306726
n00511,Lexington Avenue,Lexington Avenue#0,820.0,6.063577679434835,0.900187340766909,0.4734091161347781
n00512,Lexington Avenue,Lexington Avenue#0,840.0,6.188380858952841,0.8782514662553954,0.5105605519222511
n00513,Lexington Avenue,Lexington Avenue#0,860.0,2.692996880381437,0.9503812258273028,0.22330710304969992
n00514,Lexington Avenue,Lexington Avenue#0,900.0,0.8196819779141028,0.9207565962115691,0.17346814454302673
n00515,Lexington Avenue,Lexington Avenue#0,920.0,2.3794752883192096,0.9176252143785987,0.2583698934999465
n00516,Lexington Avenue,Lexington Avenue#0,940.0,4.371862684782389,0.9334471629446912,0.3365441168295207
n00517,Lexington Avenue,Lexington Avenue#0,980.0,3.398046732758533,0.8906114995447528,0.35002658016367966
n00518,Lexington Avenue,Lexington Avenue#0,1000.0,3.4563102246103474,0.9131187861227064,0.3204598117241456
n00519,Lexington Avenue,Lexington Avenue#0,1020.0,0.8131115125270332,0.9003354689059555,0.20331213670501136
n00520,Lexington Avenue,Lexington Avenue#0,1060.0,2.2274367351476023,0.9006408072691177,0.2755708084396319
n00521,Lexington Avenue,Lexington Avenue#0,1080.0,3.6057841359367533,0.8581914444595876,0.4044018803549928
n00522,Lexington Avenue,Lexington Avenue#0,1100.0,2.5537469924552876,0.8256731891193073,0.3903538053197624
n00523,Lexington Avenue,Lexington Avenue#0,1140.0,2.0365109799236656,0.8546473651738258,0.32828582154091857
n00524,Lexington Avenue,Lexington Avenue#0,1160.0,2.363125173787968,0.8487827760978406,0.352499978405704
n00525,Lexington Avenue,Lexington Avenue#0,1180.0,1.8099952804046293,0.8540700294198049,0.3173790037254713
n00526,Lexington Avenue,Lexington Avenue#0,1220.0,2.474658795717482,0.8537740860131748,0.3519209877034971
n00527,Lexington Avenue,Lexington Avenue#0,1240.0,1.5354797110232579,0.8733433659878327,0.2780329731151969
n00528,Lexington Avenue,Lexington Avenue#0,1260.0,2.5454077061268756,0.8299003239388745,0.3849369950724021
n00529,Lexington Avenue,Lexington Avenue#0,1300.0,1.112818454985657,0.8389645916142492,0.3003863080132806
n00530,Madison Avenue,Madison Avenue#0,620.0,0.6164529960707383,0.8696359052769318,0.2357515436904619
n00531,Madison Avenue,Madison Avenue#0,660.0,0.7211372145719368,0.929016114544487,0.155769080095131
n00532,Madison Avenue,Madison Avenue#0,680.0,0.14410306762834285,0.933920838976658,0.11849003035973109
n00533,Madison Avenue,Madison Avenue#0,700.0,0.22693856166132045,0.9207155737314343,0.14306218674088042
n00534,Madison Avenue,Madison Avenue#0,740.0,2.4261138271197957,0.9284731218992035,0.24424608573290846
n00535,Madison Avenue,Madison Avenue#0,760.0,1.4591068710403985,0.8609970990997011,0.2904267239334247
n00536,Madison Avenue,Madison Avenue#0,780.0,0.5651554839287254,0.8192749326309801,0.2955643537764206
n00537,Madison Avenue,Madison Avenue#0,820.0,4.56237407119247,0.8176814739076894,0.5028556130608515
n00538,Madison Avenue,Madison Avenue#0,840.0,6.1642638810241115,0.8200823962790703,0.5824394716478775
n00539,Madison Avenue,Madison Avenue#0,860.0,5.831943643083223,0.8449008518593566,0.5356506624422415
n00540,Madison Avenue,Madison Avenue#0,900.0,0.6670417894129914,0.912137808937713,0.17854353196494174
n00541,Madison Avenue,Madison Avenue#0,920.0,0.5074144567747572,0.920599389631503,0.15765510457317586
n00542,Madison Avenue,Madison Avenue#0,940.0,0.0728212713186337,0.9067117104188718,0.155997198434323
n00543,Madison Avenue,Madison Avenue#0,980.0,0.00977412773567885,0.9305309195353054,0.11686003717266168
n00544,Madison Avenue,Madison Avenue#0,1000.0,0.03830198060971295,0.9370410873766482,0.10815994994959681
n00545,Madison Avenue,Madison Avenue#0,1020.0,0.0,0.9438699434027227,0.09536305201859478
n00546,Madison Avenue,Madison Avenue#0,1040.0,1.6021120504608948,0.8906213281006268,0.25769844139832454
n00547,Madison Avenue,Madison Avenue#0,1060.0,0.3882364735707072,0.9254532785595939,0.14413717668675025
n00548,Madison Avenue,Madison Avenue#0,1080.0,0.5516793740587554,0.9260712153148036,0.15159130091065595
n00549,Madison Avenue,Madison Avenue#0,1100.0,0.147729747714059,0.8972590541823086,0.17352701739269297
n00550,Madison Avenue,Madison Avenue#0,1140.0,0.1236383186386348,0.9391171891322707,0.10927220461519314
n00551,Madison Avenue,Madison Avenue#0,1160.0,0.0,0.9399564694960372,0.10158894890744853
n00552,Madison Avenue,Madison Avenue#0,1180.0,0.34202141724755264,0.9053981924102134,0.17175467460562116
n00553,Madison Avenue,Madison Avenue#0,1200.0,1.7083364471410272,0.9401854568376582,0.18903778309440428
n00554,Madison Avenue,Madison Avenue#0,1220.0,1.4789364909300886,0.9472855926823416,0.16590411000320177
n00555,Madison Avenue,Madison Avenue#0,1240.0,1.6385641528521688,0.9476503244967237,0.17352172203492133
n00556,Madison Avenue,Madison Avenue#0,1260.0,0.31210312564335024,0.9348938423624236,0.12560389237189193
n00557,Park Avenue,Park Avenue#0,140.0,0.2397821363420995,0.8437162114377899,0.24967173785552563
n00558,Park Avenue,Park Avenue#0,180.0,4.782967221654391,0.8502842709190583,0.474994910398717
n00559,Park Avenue,Park Avenue#0,200.0,8.482435633301394,0.8851307668046975,0.6190263861999772
n00560,Park Avenue,Park Avenue#0,220.0,10.98471410517468,0.8593036307049267,0.7676216217320639
n00561,Park Avenue,Park Avenue#0,260.0,17.531496880221326,0.846309897579425,0.7841250187093507
n00562,Park Avenue,Park Avenue#0,280.0,22.50436543228614,0.8796964374838618,0.7404951076517149
n00563,Park Avenue,Park Avenue#0,300.0,27.140609013465912,0.9048148806085768,0.7050248423881547
n00564,Park Avenue,Park Avenue#0,340.0,12.96363984003039,0.8289775078287881,0.8051928388169675
n00565,Park Avenue,Park Avenue#0,360.0,17.034677341397714,0.897014199406921,0.716283505844707
n00566,Park Avenue,Park Avenue#0,380.0,14.016139879349414,0.8870642220056433,0.730326318477699
n00567,Park Avenue,Park Avenue#0,420.0,25.264675582918613,0.8347062367535012,0.7983491231409566
n00568,Park Avenue,Park Avenue#0,440.0,25.491482585059543,0.8860108918152539,0.7317920645199862
n00569,Park Avenue,Park Avenue#0,460.0,26.383513812246736,0.888213440968019,0.7287225836531868
n00570,Park Avenue,Park Avenue#0,500.0,22.66626344742016,0.8189125170581601,0.8169306516345318
n00571,Park Avenue,Park Avenue#0,520.0,18.51273088570081,0.8893128939137105,0.7271838471385577
n00572,Park Avenue,Park Avenue#0,540.0,13.990946758249859,0.9133905348647202,0.692394878231669
n00573,Park Avenue,Park Avenue#0,580.0,2.853313903715677,0.9112050978824244,0.29230419929236406
n00574,Park Avenue,Park Avenue#0,600.0,1.6659090475894944,0.9135583236238921,0.22777588625959394
n00575,Park Avenue,Park Avenue#0,620.0,0.8855149057990044,0.9269159397164959,0.16745408569526882
n00576,Park Avenue,Park Avenue#0,680.0,1.665884490369423,0.8890053496297562,0.2632442089701638
n00577,Park Avenue,Park Avenue#0,700.0,2.8526998424387124,0.9112016691208388,0.29227771112906614
n00578,Park Avenue,Park Avenue#0,720.0,2.9859435894927557,0.9029566011039685,0.31120970527154346
n00580,Park Avenue,Park Avenue#0,780.0,13.464395205972131,0.8690524011588581,0.7548405853579864
n00581,Park Avenue,Park Avenue#0,800.0,21.126798197035974,0.8538673450728185,0.7746002237640067
n00582,Park Avenue,Park Avenue#0,840.0,14.4247581321795,0.8386726430864931,0.793541513484656
n00583,Park Avenue,Park Avenue#0,860.0,20.305923645773326,0.8393931533719181,0.7926621173996783
n00584,Park Avenue,Park Avenue#0,880.0,17.829233773027166,0.8157668244474027,0.8205243626411258
n00585,Park Avenue,Park Avenue#0,920.0,12.640316204929153,0.8095229997605051,0.827551922714665
n00586,Park Avenue,Park Avenue#0,940.0,11.722021012605715,0.8664612566306531,0.7582710652996287
n00587,Park Avenue,Park Avenue#0,960.0,17.143089781964576,0.8621423460920072,0.7639352581005584
n00588,Park Avenue,Park Avenue#0,1000.0,22.9312212585021,0.8597778932960227,0.7670077614918562
n00589,Park Avenue,Park Avenue#0,1020.0,26.69736297648089,0.8557531571169303,0.772191444162406
n00590,Park Avenue,Park Avenue#0,1040.0,26.163646927622935,0.8484093386892,0.7814996788854778
n00591,Park Avenue,Park Avenue#0,1080.0,18.439924680695963,0.871239487468852,0.7519262372989554
n00592,Park Avenue,Park Avenue#0,1100.0,12.304006024838209,0.8735215483152794,0.7488669752994815
n00593,Park Avenue,Park Avenue#0,1120.0,3.8040943992015714,0.8576485175003481,0.4152949573821438
n00594,Park Avenue,Park Avenue#0,1160.0,1.1867945890811988,0.7904571892948808,0.3591457242048548
