their_id,our_id,gap_m,status,their_pano,their_date,our_pano,our_date,same
1st_avenue_west_001,n00026,8.764291928786795,OK,t5pEPpxAFzeCzKTW1Q-vUQ,2026-04,Xro_CQMmdwj3em3ijnvFCQ,2026-04,False
1st_avenue_west_002,n00028,8.803646197675384,OK,NG_enqdDCeNDp80I1Q2OtQ,2026-04,NG_enqdDCeNDp80I1Q2OtQ,2026-04,True
1st_avenue_west_003,n00030,8.884242446827967,OK,V7S7Jk9pULdcXEdre1XHww,2026-04,jG2oqGXEdofIIbalslXAoA,2026-04,False
1st_avenue_west_004,n00032,9.017030586163202,OK,aDzATF7cayiLo5tXwEbCVQ,2026-04,4A6gVc_to1zBkFN9CGXqow,2026-04,False
1st_avenue_west_005,n00034,9.015994324018884,OK,T14_UCYOsYUospXF4h92ig,2026-04,LY-D1hBZd4qq_IxFkppBWQ,2026-04,False
1st_avenue_west_006,n00036,9.160364347386325,OK,YQ3IP7KThShiLsm7juzSlA,2026-04,QtdkBsXpGhNcE6beDBiprg,2026-04,False
1st_avenue_west_007,n00038,9.11941521788214,OK,-2HjgUdgQGf4k05o3nWLoQ,2026-04,lS_CkaxFKeP2rs4KiA0yvQ,2026-04,False
1st_avenue_west_008,n00040,9.257382263222121,OK,NYZXhwwSR_CDdB7ZfpZkgA,2026-04,GIMIDhyB2IjRAA-AvS2b2g,2026-04,False
1st_avenue_west_009,n00686,9.132839636141469,OK,vu4v1CRZYr9k-oXd5YcoQw,2026-04,D6-FLOKD12pKMuD9Jk5AEg,2026-04,False
1st_avenue_west_010,n00044,9.366670287451438,OK,UQgiaG2ofezmvvrNtetjLg,2017-11,OcAdKqVHpJBWZ04T3RKsyA,2021-05,False
1st_avenue_east_015,n00000,3.5785743158983414,OK,AOGAQVBozIBkqviD1iQlvA,2026-04,AOGAQVBozIBkqviD1iQlvA,2026-04,True
1st_avenue_east_016,n00001,3.621150684475921,OK,LPZa1mc8znlMeU8qCJCSCw,2026-04,NdGGOikc9TTAe5BxYoW3Sw,2026-04,False
1st_avenue_east_017,n00002,3.7168806168416237,OK,xm7_tT2trKdcJdYVtT-pJg,2026-04,xm7_tT2trKdcJdYVtT-pJg,2026-04,True
1st_avenue_east_018,n00003,3.8134393234292485,OK,5PCted7Iu0Pa9NBmrz0GJg,2026-04,5PCted7Iu0Pa9NBmrz0GJg,2026-04,True
1st_avenue_east_019,n00004,3.8713742352527474,OK,Gf9GnRHa92-ohWBmfLcsTA,2026-04,Gf9GnRHa92-ohWBmfLcsTA,2026-04,True
1st_avenue_east_020,n00005,3.9515661512397044,OK,eHm5hEjpa07S3aa9y2eo-Q,2026-04,eHm5hEjpa07S3aa9y2eo-Q,2026-04,True
1st_avenue_east_021,n00006,4.048615677409065,OK,c235-kD3mu4WCvClzotFmA,2026-04,G-mz4uYycrAWs2Tw8-R0NQ,2026-04,False
1st_avenue_east_022,n00007,4.089783773784085,OK,QiI0HSlBVPnmhZ63Ilni7A,2026-04,pqE06iRnA9tEPem8tTvEcw,2026-04,False
1st_avenue_east_023,n00008,4.186572885709104,OK,5cr3c6n2v4QqYHggqQTrQQ,2026-04,_7QhHE6Fa-rnwiMRz0z4SQ,2026-04,False
1st_avenue_east_024,n00009,4.228083253782791,OK,TzOEHSY0blGhXA_HV5mdcA,2026-04,gKrj4Wz_EJ34R_al03keDw,2026-04,False
1st_avenue_east_025,n00010,4.186568606126861,OK,lDAXFIGVbmi1Y7sP2EFXlg,2026-04,M6Yc0_9J8Cmbih4gfhsmAg,2026-04,False
1st_avenue_east_026,n00011,4.324624492258859,OK,a00QIdd_B7_Y9UJmaHE5-w,2026-04,vLnL67joZw_TpvjJcfGwlw,2026-04,False
1st_avenue_east_027,n00012,4.421847378897308,OK,O7UGZSBl-_462hHoSi-1zg,2026-04,8dwV4cXDcmCwsdhxV2Yxwg,2026-04,False
1st_avenue_east_028,n00013,4.462765847107087,OK,eAoDIGgpoOMk-jmsA9BJ2Q,2026-04,Y_8WKrdM66DDQthvpYtpbg,2026-04,False
1st_avenue_east_029,n00014,4.559745977669818,OK,nBnuMvFyIMPRiZFIU_7Kqg,2026-04,nBnuMvFyIMPRiZFIU_7Kqg,2026-04,True
1st_avenue_east_030,n00015,4.657352954344823,OK,_EP7GcHB2pV9c18rdZ9w5w,2026-04,_EP7GcHB2pV9c18rdZ9w5w,2026-04,True
1st_avenue_east_031,n00016,4.559741351878629,OK,sw6tbaXaZWpclH47HnHFVg,2026-04,sw6tbaXaZWpclH47HnHFVg,2026-04,True
1st_avenue_east_032,n00017,4.739280646381649,OK,uwurmuX8C2FUhEs_vYQNgw,2026-04,uwurmuX8C2FUhEs_vYQNgw,2026-04,True
1st_avenue_east_033,n00018,4.795102664937276,OK,E39Q5r_kKEXgUdkOWWnkGQ,2026-04,E39Q5r_kKEXgUdkOWWnkGQ,2026-04,True
1st_avenue_east_034,n00019,4.893052072504527,OK,MRCQSipmx5vssWtfHLFHxg,2026-04,MRCQSipmx5vssWtfHLFHxg,2026-04,True
1st_avenue_east_035,n00020,4.97396477156218,OK,-Wlcjz8DFGQBPCkE1AZcLg,2026-04,Rs2vs6n-RAyu-jJ47KEYXQ,2026-04,False
1st_avenue_east_036,n00021,4.991546272534456,OK,NqxZwBcKWcQuhdbtVYHYjA,2026-04,NqxZwBcKWcQuhdbtVYHYjA,2026-04,True
1st_avenue_east_037,n00023,1.3566627352762841,OK,pSeFIxMnRjwPGCZxJJfs_Q,2026-04,pSeFIxMnRjwPGCZxJJfs_Q,2026-04,True
1st_avenue_east_038,n00025,1.395513479545648,OK,FTly5K7kri5lW3S9yIAJkQ,2026-04,FTly5K7kri5lW3S9yIAJkQ,2026-04,True
1st_avenue_east_039,n00027,1.4936248102264085,OK,Xro_CQMmdwj3em3ijnvFCQ,2026-04,Xro_CQMmdwj3em3ijnvFCQ,2026-04,True
1st_avenue_east_040,n00029,1.533653909710823,OK,NG_enqdDCeNDp80I1Q2OtQ,2026-04,NG_enqdDCeNDp80I1Q2OtQ,2026-04,True
1st_avenue_east_041,n00198,0.08442909665980643,OK,V7S7Jk9pULdcXEdre1XHww,2026-04,V7S7Jk9pULdcXEdre1XHww,2026-04,True
1st_avenue_east_042,n00033,1.6995230285716563,OK,R6R5nH8fiMVjOxFy5GHdAQ,2026-04,R6R5nH8fiMVjOxFy5GHdAQ,2026-04,True
1st_avenue_east_043,n00035,1.8210071512207417,OK,godwKmfaciCQUpvxeTCSNQ,2026-04,CgwmoI5veAP5jkgmg2ee6g,2026-04,False
1st_avenue_east_044,n00037,1.7687243857068982,OK,Bj_pFg8i0fnmLkQNsoMgSw,2026-04,Bj_pFg8i0fnmLkQNsoMgSw,2026-04,True
1st_avenue_east_045,n00039,1.9066933248355626,OK,9PV70_6DtFqH7jXfplgeFQ,2026-04,9PV70_6DtFqH7jXfplgeFQ,2026-04,True
1st_avenue_east_046,n00041,1.8670257167815068,OK,bg3Ye5x6i8fwtFHQvgqJcA,2026-04,bg3Ye5x6i8fwtFHQvgqJcA,2026-04,True
1st_avenue_east_047,n00043,2.034479033574339,OK,ZI0SRPp_Q_-LRfqglwAhcw,2026-04,ZI0SRPp_Q_-LRfqglwAhcw,2026-04,True
1st_avenue_east_048,n00045,2.0344783949621044,OK,KTDCyFC6PLAR_14LaneM5g,2026-04,KTDCyFC6PLAR_14LaneM5g,2026-04,True
1st_avenue_tunnel_001,n00198,0.0,OK,V7S7Jk9pULdcXEdre1XHww,2026-04,V7S7Jk9pULdcXEdre1XHww,2026-04,True
1st_avenue_tunnel_002,n00199,0.08442888704394355,OK,awLEL4FL42CF2_NrDpLzHQ,2026-04,awLEL4FL42CF2_NrDpLzHQ,2026-04,True
1st_avenue_tunnel_003,n00201,0.1394723023177412,OK,s1wpXQPDc4woS8XsCPLXlg,2026-04,s1wpXQPDc4woS8XsCPLXlg,2026-04,True
1st_avenue_tunnel_004,n00203,0.20208166791878282,OK,nsYCtHlPaJLzwS0I0IN_Sw,2026-04,nsYCtHlPaJLzwS0I0IN_Sw,2026-04,True
1st_avenue_tunnel_005,n00205,0.27894413832926934,OK,IfKcu2N_5mhyKS878cWg2A,2026-04,IfKcu2N_5mhyKS878cWg2A,2026-04,True
1st_avenue_tunnel_006,n00207,0.278943908998696,OK,6PhNcX1OGpYMyRwNWkeGoQ,2026-04,6PhNcX1OGpYMyRwNWkeGoQ,2026-04,True
1st_avenue_tunnel_007,n00200,0.0,OK,R6R5nH8fiMVjOxFy5GHdAQ,2026-04,R6R5nH8fiMVjOxFy5GHdAQ,2026-04,True
1st_avenue_tunnel_008,n00202,0.13947230891926254,OK,OuIPpkbw9wK6wb2dIN4kgQ,2022-07,OuIPpkbw9wK6wb2dIN4kgQ,2022-07,True
1st_avenue_tunnel_009,n00204,0.13947219357054003,OK,fUP7r9Om4SLCIuYg_pev1Q,2022-07,fUP7r9Om4SLCIuYg_pev1Q,2022-07,True
1st_avenue_tunnel_010,n00206,0.13947207900117078,OK,W5OX2Ih4xCN1Pe_v-ZCQhg,2022-07,W5OX2Ih4xCN1Pe_v-ZCQhg,2022-07,True
1st_avenue_tunnel_011,n00208,0.23754030917155133,OK,f31esDnyEDV3NsgZd4HLsQ,2022-07,f31esDnyEDV3NsgZd4HLsQ,2022-07,True
1st_avenue_tunnel_tunnel_001,n00042,11.000004098567842,OK,bCtaKRkXu7QSURqiZZTPfw,2026-04,4M4arDimSdX07kMKV_uP1w,2026-04,False
1st_avenue_tunnel_tunnel_002,n00687,5.29971013614946,OK,_aV7lHk6Zajnsi_fHakv9Q,2026-04,Tx_tS7rHF9BF5OioeppR5A,2026-04,False
1st_avenue_tunnel_tunnel_022,n00208,8.746219139217466,OK,_D7__kReIMasbswxNHgtfw,2019-06,f31esDnyEDV3NsgZd4HLsQ,2022-07,False
1st_avenue_tunnel_tunnel_023,n00045,6.1174974540949565,OK,PWePIuS_hvqDoL9BV4nkyA,2021-05,KTDCyFC6PLAR_14LaneM5g,2026-04,False
2nd_avenue_021,n00046,14.78380961767476,OK,KdmrkcYVUvIqqGlRdk6UTg,2026-04,XekIGngpW-KX25FXP6F4Uw,2026-04,False
2nd_avenue_022,n00046,5.306227162322351,OK,doAaqLI1jqrFh6Hh_7j7uQ,2026-04,XekIGngpW-KX25FXP6F4Uw,2026-04,False
2nd_avenue_023,n00047,5.3062245370520795,OK,6rtclURjc4AjiryU_G9VNg,2026-04,nDxPB565qw8qXGsjS4xKVw,2026-04,False
2nd_avenue_024,n00048,5.347041241750446,OK,M_9pY_QWyr3mEBji6uPrTA,2026-04,APy9rO2Xo6thve3FjH0gIA,2026-04,False
2nd_avenue_025,n00049,5.485207290813118,OK,01MtM6ZbEhMwwWVV_R330Q,2026-04,QBPvoGWNoTk0-DRP0LvcSQ,2026-04,False
2nd_avenue_026,n00348,2.8410097912548644,OK,etyitxvPN55trfnsvEXFpg,2026-04,etyitxvPN55trfnsvEXFpg,2026-04,True
2nd_avenue_027,n00051,5.582082777101713,OK,If_0BlTUmx-0Q3Hhudx2_Q,2026-04,COilykflfao--d0m9ZedHA,2026-04,False
2nd_avenue_028,n00052,5.720126203317615,OK,VSnuL76akuo2j0bInfh5SA,2026-04,6poXc6RO5VASJUmW2yAwOA,2026-04,False
2nd_avenue_029,n00053,5.720123229296557,OK,SvlPDBFedME2goosvSimKA,2026-04,oRzUZ6kIbN5v6AzFjEnVVg,2026-04,False
2nd_avenue_030,n00054,5.720120271310829,OK,mFI0uKD0zgLqVWCUgOeing,2026-04,mFI0uKD0zgLqVWCUgOeing,2026-04,True
2nd_avenue_031,n00055,5.817323481605791,OK,grbwn57CzUA_SrD1jcUR-A,2026-04,grbwn57CzUA_SrD1jcUR-A,2026-04,True
2nd_avenue_032,n00056,5.955249135289098,OK,3PpVHae-s8auolIu7BUN9w,2026-04,3PpVHae-s8auolIu7BUN9w,2026-04,True
2nd_avenue_033,n00058,7.253711937920768,OK,K6R2MFRna1qBd7MfsqTvug,2026-04,rsVMKdjYxX-72xbIejLvyQ,2026-04,False
2nd_avenue_034,n00059,7.2128092672615045,OK,wI2dX4wQlDfoakDsx130Fw,2026-04,ddvYIqw-caJqaiq_uehpaA,2026-04,False
2nd_avenue_035,n00060,7.074921547509684,OK,da-0YBoiTofQXjeCOEZAQg,2026-04,fI0Eb40EVgd8rgvk39-BQQ,2026-04,False
2nd_avenue_036,n00061,7.1156072722213874,OK,LIrGl8T3I2TWb2fXC0TdCw,2026-04,3_111niLyQKOOOz6XwwYkQ,2026-04,False
2nd_avenue_037,n00062,7.074914502657945,OK,kpJNE28mlEKvJ3ygH0rziQ,2026-04,m5w_WVSv_-TBdGhQHXT6fQ,2026-04,False
2nd_avenue_038,n00063,6.880626377281426,OK,0Ue-5JA46cx5iCH81iZFXw,2026-04,F3H7tH-jgB15cam2awwb7Q,2026-04,False
2nd_avenue_039,n00064,6.839578364600257,OK,UB_SUEJd7Pnjk-eCcPgsqw,2026-04,zX7pkZxowUCkRwZZ0GBqaw,2026-04,False
2nd_avenue_040,n00065,6.7016569920795614,OK,Zc8h5Pe286fBE41JKTGvnw,2026-04,CJPF6dR9rqWQicakS26sEw,2026-04,False
2nd_avenue_041,n00066,6.742480006198922,OK,fKjZXKYCSzwSdxYr07GU4w,2026-04,fKjZXKYCSzwSdxYr07GU4w,2026-04,True
2nd_avenue_042,n00067,6.701650276347309,OK,dApUMUTGGwaYzW7_t8jB9g,2026-04,dApUMUTGGwaYzW7_t8jB9g,2026-04,True
2nd_avenue_043,n00068,6.563795049730462,OK,7vcZV02P3a7LEog8fTHw5g,2026-04,7vcZV02P3a7LEog8fTHw5g,2026-04,True
2nd_avenue_044,n00069,6.466371418285483,OK,Y4IGkaDOkxrHskcVK8afsg,2026-04,Y4IGkaDOkxrHskcVK8afsg,2026-04,True
2nd_avenue_045,n00070,6.466368113076023,OK,RTXH8P9QVgiOdtWzayxu7A,2026-04,NmzFmsHjQOKo9PC4Bboofg,2026-04,False
2nd_avenue_046,n00071,6.369389170533952,OK,_vqbJVhC3pk-i1SOtfHSQQ,2026-04,GpkQvkUs4UNoxhu6eP6fBg,2026-04,False
2nd_avenue_047,n00072,6.328406435904194,OK,X3mb0hGnGDoKJWnmp3mO2A,2026-04,MM0qtzN6nSAc8YwU2gSw6A,2026-04,False
2nd_avenue_048,n00073,6.288290586694621,OK,8c8zvpHziPnCJRBs2YlodQ,2026-04,KbuWA4GZkLpI0t9kB0869w,2026-04,False
2nd_avenue_049,n00074,6.231255114524692,OK,rXwZ421_XNjkQ51qCYUMnQ,2026-04,OliAiaLn8bm1lGeT4bXuGg,2026-04,False
2nd_avenue_050,n00075,6.038396452179066,OK,GbRisdEAIcVddIqJhdIL1g,2026-04,CwJueWQ6lVqwdMicP4meEg,2026-04,False
2nd_avenue_051,n00076,5.996341324263808,OK,Kc_F6NvhdIO7Wp4yE6K5qw,2026-04,zYrXx1gRYxArSxe5AXfrXg,2026-04,False
2nd_avenue_052,n00077,5.996338148034281,OK,laBJSJKjDXQAUF8Xsr_EPg,2026-04,laBJSJKjDXQAUF8Xsr_EPg,2026-04,True
2nd_avenue_053,n00078,5.899989122634334,OK,2ZEhBd_jQ8-9ee6Y9E_-oA,2026-04,2ZEhBd_jQ8-9ee6Y9E_-oA,2026-04,True
2nd_avenue_054,n00079,5.858157911669848,OK,Iur9Kh4W8fims5RMYmCXBA,2026-04,Iur9Kh4W8fims5RMYmCXBA,2026-04,True
2nd_avenue_055,n00079,14.272339444346153,OK,lUsW-5bPbpflwhBEDMUpmQ,2026-04,Iur9Kh4W8fims5RMYmCXBA,2026-04,False
3rd_avenue_027,n00080,0.5112210122872243,OK,JRfca0prQB4nWzxEy4qpaA,2026-04,JRfca0prQB4nWzxEy4qpaA,2026-04,True
3rd_avenue_028,n00081,0.6101353286704789,OK,6_7H4KCQWq3DszNdqDrYXg,2026-04,6_7H4KCQWq3DszNdqDrYXg,2026-04,True
3rd_avenue_029,n00082,0.7468149077734625,OK,yhrglYYmj1T2h-8CMAbqyw,2026-04,yhrglYYmj1T2h-8CMAbqyw,2026-04,True
3rd_avenue_030,n00083,0.746814576775982,OK,nzTmlTgRO64BVHxxmVklew,2026-04,nzTmlTgRO64BVHxxmVklew,2026-04,True
3rd_avenue_031,n00084,0.7885993058099958,OK,XPyvOyT-HAMMLXB6LMC_IA,2026-04,XPyvOyT-HAMMLXB6LMC_IA,2026-04,True
3rd_avenue_032,n00337,0.5614584113534842,OK,EFOoQq4kAVLIloLqGIKVqA,2026-04,EFOoQq4kAVLIloLqGIKVqA,2026-04,True
3rd_avenue_033,n00086,0.8843658368202666,OK,jSbQro0Qcyqmn8v_1-J48Q,2026-04,jSbQro0Qcyqmn8v_1-J48Q,2026-04,True
3rd_avenue_034,n00087,1.022438175201115,OK,tkrp7HNl8Z9sTan-0tklyg,2026-04,tkrp7HNl8Z9sTan-0tklyg,2026-04,True
3rd_avenue_035,n00088,1.0224376279137044,OK,R2dnkktQ-xmwjd_iwwuDFg,2026-04,R2dnkktQ-xmwjd_iwwuDFg,2026-04,True
3rd_avenue_036,n00089,1.1202189172875852,OK,yhc7dIFm5sN_a44yGen3jA,2026-04,yhc7dIFm5sN_a44yGen3jA,2026-04,True
3rd_avenue_037,n00090,1.120218413687276,OK,ItA7OVlHwQzBIMKRKSmVig,2026-04,ItA7OVlHwQzBIMKRKSmVig,2026-04,True
3rd_avenue_038,n00091,1.2576638220621723,OK,dEhrHGTmoYZQu1KrQWjRBg,2026-04,dEhrHGTmoYZQu1KrQWjRBg,2026-04,True
3rd_avenue_039,n00092,1.2576632066406077,OK,KYIqrMKRck2Ex797ezX30Q,2026-04,V7N3uRpR31__-TQYucU7rw,2026-04,False
3rd_avenue_040,n00093,1.3955105279256985,OK,3dpr9Xaw3kYy7tr8z0PkcA,2026-04,3dpr9Xaw3kYy7tr8z0PkcA,2026-04,True
3rd_avenue_041,n00094,1.3955098112286017,OK,U5KkQUrcc97LG9G9Old-Gw,2026-04,U5KkQUrcc97LG9G9Old-Gw,2026-04,True
3rd_avenue_042,n00095,1.5336506025145624,OK,oYiGY4tDiLuH_cmZXoAC0A,2026-04,oYiGY4tDiLuH_cmZXoAC0A,2026-04,True
3rd_avenue_043,n00096,1.631008566627755,OK,t_GEQdBQ38PzGnIuHG0wRw,2026-04,_gNjEhXGivKelsDFUlqttA,2026-04,False
3rd_avenue_044,n00097,1.6310077984481097,OK,CAoSF0NJSE0wb2dLRUlDQWdJQ0VyNTJkcXdF,2017-06,nRd2-eKVFM6YWFa6Kt6icQ,2026-04,False
3rd_avenue_045,n00098,1.631007028020237,OK,tgNS8Vjtznfh-_ChcUzI6Q,2026-04,tgNS8Vjtznfh-_ChcUzI6Q,2026-04,True
3rd_avenue_046,n00099,1.768720201708387,OK,B5xr9zXhZocS4Mm2YqBrPA,2026-04,B5xr9zXhZocS4Mm2YqBrPA,2026-04,True
3rd_avenue_047,n00100,1.906688721780686,OK,rsTHepaS6uRTsgh34LEYdg,2026-04,rsTHepaS6uRTsgh34LEYdg,2026-04,True
3rd_avenue_048,n00101,1.9066877290802737,OK,USvMY0697K7CAqFa8nIrfQ,2026-04,USvMY0697K7CAqFa8nIrfQ,2026-04,True
3rd_avenue_049,n00102,1.949204483056679,OK,wtzX87DyyTrvvHyStzaIlQ,2026-04,wtzX87DyyTrvvHyStzaIlQ,2026-04,True
3rd_avenue_050,n00103,2.004371183885138,OK,aUaP0EBG3n31LfiVcCfPBA,2026-04,aUaP0EBG3n31LfiVcCfPBA,2026-04,True
3rd_avenue_051,n00104,2.1419954051616266,OK,4994o0_LX4D4dFeFhrnMGQ,2026-04,4994o0_LX4D4dFeFhrnMGQ,2026-04,True
3rd_avenue_052,n00105,2.183194255441734,OK,IUEioSnyRBDJt51SrKPrcw,2026-04,IUEioSnyRBDJt51SrKPrcw,2026-04,True
3rd_avenue_053,n00106,2.2798426481038456,OK,S1JbtInUw6Ie6xc3HaUBtg,2026-04,S1JbtInUw6Ie6xc3HaUBtg,2026-04,True
3rd_avenue_054,n00107,2.3216650248796467,OK,L7zD7sFzsKBVLOMftsrb3A,2026-04,L7zD7sFzsKBVLOMftsrb3A,2026-04,True
3rd_avenue_055,n00108,2.4178754456748477,OK,H8mRERjQ10MHST-zLvDnFQ,2026-04,puz41qsd5_0Yz6AAVao2VQ,2026-04,False
3rd_avenue_056,n00109,2.417874167512566,OK,CZd6lMZ6Y6kEKDlkpnpJGQ,2026-04,7F-rf9k2_oLNBG6pwM0Q8w,2026-04,False
3rd_avenue_057,n00110,2.5153046429760186,OK,XbLWF_ojkFkLGwTys_HXiQ,2026-04,bVy0pzYRpSELV0LWhR2sBw,2026-04,False
3rd_avenue_058,n00111,2.556062286684683,OK,ZqzZJ_qL3CokTwEFxA7eWw,2026-04,hrOfoWm-mzQuXyf-pbn5Bw,2026-04,False
3rd_avenue_059,n00112,2.6530631626349237,OK,iA_UmGNq1kkbnTjXULfuOg,2026-04,DsxWGUWv7NFwiKDld4xSHA,2026-04,False
3rd_avenue_060,n00113,2.653061842399267,OK,pzF8Hvka2r3C-wZ38iPRoA,2026-04,3TQKJ0m1QhUjczhyHgO25Q,2026-04,False
east_34th_street_008,n00313,1.155292851512744,OK,BhSC6bJZ99-S_S-iRINXEA,2026-04,BhSC6bJZ99-S_S-iRINXEA,2026-04,True
east_34th_street_009,n00312,1.2839367790753742,OK,zrhWEEqtflYRdela2xo7fA,2026-04,zrhWEEqtflYRdela2xo7fA,2026-04,True
east_34th_street_010,n00311,1.23000944833654,OK,nWIa5MKRQVSDDF427pVp6g,2026-04,nWIa5MKRQVSDDF427pVp6g,2026-04,True
east_34th_street_011,n00310,1.3568242361976846,OK,3eWIoBdCMzxruPv702jayg,2026-04,3eWIoBdCMzxruPv702jayg,2026-04,True
east_34th_street_012,n00309,1.3059100620851223,OK,rcxUTBgPvH3o5uYUWi3HQg,2026-04,rcxUTBgPvH3o5uYUWi3HQg,2026-04,True
east_34th_street_013,n00308,1.430980907848948,OK,9NeXL0MZ2thl3t6hiCa83A,2026-04,9NeXL0MZ2thl3t6hiCa83A,2026-04,True
east_34th_street_014,n00307,1.4309793965556976,OK,qpU0LeqIP4qUr-_yjOvAkg,2026-04,qpU0LeqIP4qUr-_yjOvAkg,2026-04,True
east_34th_street_015,n00306,1.4859048992071315,OK,xXYoNUbMCxk1MYXtqFeRkQ,2026-04,xXYoNUbMCxk1MYXtqFeRkQ,2026-04,True
east_34th_street_016,n00305,1.4859034260956505,OK,6zAkCBSpU3M99ZZXtIStTA,2026-04,6zAkCBSpU3M99ZZXtIStTA,2026-04,True
east_34th_street_017,n00304,1.5584935887512315,OK,m4ncSSbDDXPPzoZ09PUzwQ,2026-04,m4ncSSbDDXPPzoZ09PUzwQ,2026-04,True
east_34th_street_018,n00303,1.5584919920287779,OK,Wg9Mtp35wImk2gQmLu6MQw,2026-04,bIpdk0HHzCjdfQbgQZlNqQ,2026-04,False
east_34th_street_019,n00302,1.5584903966843409,OK,y2pyLP05yjiP0OTwL_oKjw,2026-04,y2pyLP05yjiP0OTwL_oKjw,2026-04,True
east_34th_street_020,n00301,1.7069423934479626,OK,K0ghbrLFDmmfjm5cMFeIwg,2026-04,K0ghbrLFDmmfjm5cMFeIwg,2026-04,True
east_34th_street_021,n00300,1.7069405707679972,OK,0JjPQDMMmZkAfVx_A0UVWQ,2026-04,0JjPQDMMmZkAfVx_A0UVWQ,2026-04,True
east_34th_street_022,n00299,1.7602568124564517,OK,HDj1LhmlcITa6nkX2aw-Sg,2026-04,HDj1LhmlcITa6nkX2aw-Sg,2026-04,True
east_34th_street_023,n00298,1.7069369086146495,OK,dwvFr1EmSn3hAz9BCpfbKw,2026-04,dwvFr1EmSn3hAz9BCpfbKw,2026-04,True
east_34th_street_024,n00297,1.833646058302817,OK,Eely9JsE4ADI6p_kwTfV9g,2026-04,Eely9JsE4ADI6p_kwTfV9g,2026-04,True
east_34th_street_025,n00296,1.8336441664588181,OK,rkA_0asxvHN-jfSa0ONPrQ,2026-04,rkA_0asxvHN-jfSa0ONPrQ,2026-04,True
east_34th_street_026,n00295,1.8336422743143923,OK,8kTECM62TXyrLqLPbWNYwg,2026-04,8kTECM62TXyrLqLPbWNYwg,2026-04,True
east_34th_street_027,n00294,1.9079462270406267,OK,dq_tYL9t5OyHYQTuEscM2w,2026-04,dq_tYL9t5OyHYQTuEscM2w,2026-04,True
east_34th_street_028,n00293,1.9830606917226052,OK,2bTUsFPec0GPmO6KORwckg,2026-04,2bTUsFPec0GPmO6KORwckg,2026-04,True
east_34th_street_029,n00292,1.9830585808569376,OK,bwNQoPS89yjdo15l9QtDxQ,2026-04,bwNQoPS89yjdo15l9QtDxQ,2026-04,True
east_34th_street_030,n00291,2.02086849891945,OK,12K3skdY-PyC2syZFUygsA,2026-04,12K3skdY-PyC2syZFUygsA,2026-04,True
east_34th_street_031,n00290,2.1639571600599385,OK,ZSjP5G18RlgihnIoAeMJSg,2026-04,67QMA_qbk_gqIZh2oXmTLw,2026-04,False
east_34th_street_032,n00289,2.109156236736742,OK,L86mjTn_Z3CM5bIfl75ghg,2026-04,L86mjTn_Z3CM5bIfl75ghg,2026-04,True
east_34th_street_033,n00288,2.109154034348287,OK,fYu2Dl9HLJlQmJ8Tq7_g1g,2026-04,fYu2Dl9HLJlQmJ8Tq7_g1g,2026-04,True
east_34th_street_034,n00287,2.1838749153003225,OK,4XTDCB632IIH7bHMXhlKsA,2026-04,4XTDCB632IIH7bHMXhlKsA,2026-04,True
east_34th_street_035,n00286,2.236841657165663,OK,p29lMy99J9TIxzs5UGglPg,2026-04,p29lMy99J9TIxzs5UGglPg,2026-04,True
east_34th_street_036,n00285,2.3105181441497744,OK,FFfUbH0lbp8qaPRUW1-Ylw,2026-04,FFfUbH0lbp8qaPRUW1-Ylw,2026-04,True
east_34th_street_037,n00284,2.3352992886722155,OK,lweXJwU9ljQsg785GEvnmQ,2026-04,lweXJwU9ljQsg785GEvnmQ,2026-04,True
east_34th_street_038,n00283,2.3849051913820833,OK,3qXV_ebiOkxVN1TwoXAayg,2026-04,3qXV_ebiOkxVN1TwoXAayg,2026-04,True
east_34th_street_039,n00282,2.438559105235974,OK,CAoSF0NJSE0wb2dLRUlDQWdJQ0VyN095X2dF,2016-04,yocR-PHEFtTH3bquJSYx6w,2026-04,False
east_34th_street_040,n00281,2.3658531763048547,OK,crKkOvYb8DQTvsXwBIQykw,2026-04,crKkOvYb8DQTvsXwBIQykw,2026-04,True
east_34th_street_041,n00280,2.384897643028234,OK,lZRiGoXb2WAjzzkw3fvzTA,2026-04,lZRiGoXb2WAjzzkw3fvzTA,2026-04,True
east_34th_street_042,n00279,2.511988583247073,OK,UL0UWicZ6OZLTJVN_ir0bw,2026-04,UL0UWicZ6OZLTJVN_ir0bw,2026-04,True
east_34th_street_043,n00278,2.5119859992238793,OK,5OqAkeoByImMuZuT2jPveg,2026-04,5OqAkeoByImMuZuT2jPveg,2026-04,True
east_34th_street_044,n00277,2.5119834146992424,OK,oV1ZciKpGc6SAWQ4U540oA,2026-04,oV1ZciKpGc6SAWQ4U540oA,2026-04,True
east_34th_street_045,n00276,2.511980801027108,OK,VgZKtKbDBuuRLEjIcSZo0A,2026-04,VgZKtKbDBuuRLEjIcSZo0A,2026-04,True
east_34th_street_046,n00275,2.6403215629557066,OK,oNcoVLSc8N-OjTG0fvVk4A,2026-04,O6I5LHBMTxflbZb3whSJUQ,2026-04,False
east_34th_street_047,n00274,2.640318908082883,OK,W2VbiE6Ye8j2sr3rUbYShQ,2026-04,mjnRQAvv2kN8ga0vMvus2g,2026-04,False
east_34th_street_048,n00273,2.640316254614242,OK,8D4WxpdrDH1Ba_xUZNAAnw,2026-04,Vuv8bnIVAAJJZzYAX009xA,2026-04,False
east_34th_street_049,n00272,2.7135428140003945,OK,CAoSF0NJSE0wb2dLRUlDQWdJQ0U3NkN2cWdF,2017-05,xs_ippcxMs0av2Yz7_KiMw,2026-04,False
east_34th_street_050,n00271,2.8421330860503056,OK,4-H-RhxzTBPfdZo7nULGAQ,2026-04,4-H-RhxzTBPfdZo7nULGAQ,2026-04,True
east_34th_street_051,n00270,2.7697275393857397,OK,Rq54Ci7IlQN3LLfDlmxoWA,2026-04,Rq54Ci7IlQN3LLfDlmxoWA,2026-04,True
east_34th_street_052,n00269,2.842127149705736,OK,5vc4ZqCXHXTAHYBNdV3DPw,2026-04,5vc4ZqCXHXTAHYBNdV3DPw,2026-04,True
east_34th_street_053,n00268,2.861840580773913,OK,aib_i5EsLNeEKj-8GtHpqA,2026-04,aib_i5EsLNeEKj-8GtHpqA,2026-04,True
east_34th_street_054,n00267,2.9368242332020733,OK,NL8x7szoOAwMZu6hTDEE8w,2026-04,xafjbRtNoCmIfGPkeE3nHw,2026-04,False
east_35th_street_007,n00360,0.27655976603757965,OK,cDrKhT8HX8ZpqDZrfi9clw,2026-04,cDrKhT8HX8ZpqDZrfi9clw,2026-04,True
east_35th_street_008,n00359,0.27655944522465614,OK,iCMIs3Xr8D5B0zo0KNHGmg,2026-04,iCMIs3Xr8D5B0zo0KNHGmg,2026-04,True
east_35th_street_009,n00358,0.202089432817397,OK,CIqg5MLDMBO8arqpni1C2w,2026-04,CIqg5MLDMBO8arqpni1C2w,2026-04,True
east_35th_street_010,n00357,0.2020892395072202,OK,L15CyTMg1wDO0A-ZAu9exQ,2026-04,L15CyTMg1wDO0A-ZAu9exQ,2026-04,True
east_35th_street_011,n00356,0.08443295140106635,OK,GLCg1IGTFaM3l3oiQYDarw,2026-04,GLCg1IGTFaM3l3oiQYDarw,2026-04,True
east_35th_street_012,n00355,0.13947470839694637,OK,3pveiKT3d0EEtdaOnEFyPQ,2026-04,3pveiKT3d0EEtdaOnEFyPQ,2026-04,True
east_35th_street_013,n00354,9.313225746154785e-10,OK,iDkq1YoJB6Y0o9xDQiTBuA,2026-04,iDkq1YoJB6Y0o9xDQiTBuA,2026-04,True
east_35th_street_014,n00353,9.313225746154785e-10,OK,yIZylFnN8QAgS-5lPggu-Q,2026-04,yIZylFnN8QAgS-5lPggu-Q,2026-04,True
east_35th_street_015,n00352,0.0,OK,Zj9aRWogaypQuG0wiWmSmA,2026-04,Zj9aRWogaypQuG0wiWmSmA,2026-04,True
east_35th_street_016,n00351,0.0,OK,F106toC2b2kwsUMtqssyWw,2026-04,F106toC2b2kwsUMtqssyWw,2026-04,True
east_35th_street_017,n00350,9.313225746154785e-10,OK,zZUKiH74uIYXwNz4PPSEDQ,2026-04,zZUKiH74uIYXwNz4PPSEDQ,2026-04,True
east_35th_street_018,n00349,0.08443215496096583,OK,BJwJvNaggHuYyxyAYadRlg,2026-04,BJwJvNaggHuYyxyAYadRlg,2026-04,True
east_35th_street_019,n00348,0.16886408249750043,OK,etyitxvPN55trfnsvEXFpg,2026-04,etyitxvPN55trfnsvEXFpg,2026-04,True
east_35th_street_020,n00347,0.20208732234712942,OK,Q0Rs53OUSXKwYdW0cdzbMA,2026-04,Q0Rs53OUSXKwYdW0cdzbMA,2026-04,True
east_35th_street_021,n00346,0.20208713211960022,OK,uLtLUviXUcpshqfe0L6YuQ,2026-04,uLtLUviXUcpshqfe0L6YuQ,2026-04,True
east_35th_street_022,n00345,0.2765550436062587,OK,WB5dLuo30b5CCxXZIq_XDQ,2026-04,WB5dLuo30b5CCxXZIq_XDQ,2026-04,True
east_35th_street_023,n00344,0.27655472745437476,OK,-piZCTNJJPYO3XRrl4NcsA,2026-04,-piZCTNJJPYO3XRrl4NcsA,2026-04,True
east_35th_street_024,n00343,0.2765544153521213,OK,qOVBPhHAueOV8uEdj9LJyQ,2026-04,qOVBPhHAueOV8uEdj9LJyQ,2026-04,True
east_35th_street_025,n00342,0.40417273326547304,OK,BYmhcxgXbR30CaG22hRL9g,2026-04,BYmhcxgXbR30CaG22hRL9g,2026-04,True
east_35th_street_026,n00341,0.3555031038631753,OK,9bTYqTOub_YrMD5CsMCIUA,2026-04,9bTYqTOub_YrMD5CsMCIUA,2026-04,True
east_35th_street_027,n00340,0.47698274383753386,OK,10yKHxaXZaPolSPTCDlTxw,2026-04,10yKHxaXZaPolSPTCDlTxw,2026-04,True
east_35th_street_028,n00339,0.5377113095749536,OK,mUD035JR0rd6EdhawMjq4Q,2026-04,mUD035JR0rd6EdhawMjq4Q,2026-04,True
east_35th_street_029,n00338,0.5377108507972326,OK,ZBkMIntALvr7faUzc_eCBA,2026-04,ZBkMIntALvr7faUzc_eCBA,2026-04,True
east_35th_street_030,n00337,0.47698121161508467,OK,EFOoQq4kAVLIloLqGIKVqA,2026-04,EFOoQq4kAVLIloLqGIKVqA,2026-04,True
east_35th_street_031,n00336,0.6062556540471453,OK,uzI9paD6B-nX3E789evjZA,2026-04,uzI9paD6B-nX3E789evjZA,2026-04,True
east_35th_street_032,n00335,0.6783922064465252,OK,TK0G6Vs8ZOZHtNQAzGSA7g,2026-04,TK0G6Vs8ZOZHtNQAzGSA7g,2026-04,True
east_35th_street_033,n00334,0.6062545109657745,OK,uPotSN8x8DcK3vdDANHsIQ,2026-04,uPotSN8x8DcK3vdDANHsIQ,2026-04,True
east_35th_street_034,n00333,0.6783908195862091,OK,LHNwh9u3UcnNbEVaB4ENig,2026-04,LHNwh9u3UcnNbEVaB4ENig,2026-04,True
east_35th_street_035,n00332,0.7530870471518005,OK,c5_f2HvHgbqqojKVttTzGg,2026-04,c5_f2HvHgbqqojKVttTzGg,2026-04,True
east_35th_street_036,n00331,0.8083370565931852,OK,h-pJb30jgQmdAFCrqRPqmw,2026-04,h-pJb30jgQmdAFCrqRPqmw,2026-04,True
east_35th_street_037,n00330,0.7530854062259245,OK,udoO96N95vD7HWyw29mqBw,2026-04,udoO96N95vD7HWyw29mqBw,2026-04,True
east_35th_street_038,n00329,0.880107495981276,OK,ngKWcBQzxax6lcZJtijWYA,2026-04,ngKWcBQzxax6lcZJtijWYA,2026-04,True
east_35th_street_039,n00328,0.8801066122378287,OK,wlqmz-RzIXUQv9CDUSbkAQ,2026-04,wlqmz-RzIXUQv9CDUSbkAQ,2026-04,True
east_35th_street_040,n00327,0.9539523251767725,OK,Q488lbtXMon0WD1YYb2PnQ,2026-04,Q488lbtXMon0WD1YYb2PnQ,2026-04,True
east_35th_street_041,n00326,0.8801048336802995,OK,C-VeaCHYIkxcPQV5NcbXqg,2026-04,C-VeaCHYIkxcPQV5NcbXqg,2026-04,True
east_35th_street_042,n00325,0.9539503015924087,OK,aPo9mBUQbjhXeIsNNkhNlQ,2026-04,aPo9mBUQbjhXeIsNNkhNlQ,2026-04,True
east_35th_street_043,n00324,1.0294239870155921,OK,emcNdxRcv7r0RKO3vh4tpQ,2026-04,emcNdxRcv7r0RKO3vh4tpQ,2026-04,True
east_35th_street_044,n00323,1.0819564964617547,OK,P0kWaivjxQwphlqFr0bpYw,2026-04,P0kWaivjxQwphlqFr0bpYw,2026-04,True
east_35th_street_045,n00322,1.081955409156678,OK,fI9z_Fgin-52mdhtirX6YQ,2026-04,fI9z_Fgin-52mdhtirX6YQ,2026-04,True
east_35th_street_046,n00321,1.1552380533434006,OK,QwHq90wqhtdue7BGHHYn6w,2026-04,QwHq90wqhtdue7BGHHYn6w,2026-04,True
east_35th_street_047,n00320,1.1552368562725657,OK,UxlG92VlS6L5pp3axNqp6g,2026-04,UxlG92VlS6L5pp3axNqp6g,2026-04,True
east_35th_street_048,n00319,1.2124918201838815,OK,eJY1YsEYRBwfy5YEruBqbQ,2026-04,NGf9iHbjgmEZ2nAzutqbOg,2026-04,False
east_35th_street_049,n00318,1.2299477827063094,OK,1zJVPr6MtYgR_Ir3o26Gfg,2026-04,LxtQW1WJBumGNNS2QnbqCw,2026-04,False
east_35th_street_050,n00317,1.2299464781169185,OK,sie_DAIVYjgD62b48M74sQ,2026-04,sie_DAIVYjgD62b48M74sQ,2026-04,True
east_35th_street_051,n00316,1.2838738505312453,OK,B0zFmBPa0_8g2EIS0S5ehw,2026-04,B0zFmBPa0_8g2EIS0S5ehw,2026-04,True
east_35th_street_052,n00315,1.3567566320595024,OK,RuZrY5HKjmspakcC2pgdmg,2026-04,RuZrY5HKjmspakcC2pgdmg,2026-04,True
east_35th_street_053,n00314,1.430908881576621,OK,MBRi_o7iTfo2z8NYp0RVkQ,2026-04,MBRi_o7iTfo2z8NYp0RVkQ,2026-04,True
east_36th_street_007,n00009,9.276472347994394,OK,MSn2Enpq-_0EP6E46Pl7gw,2026-04,gKrj4Wz_EJ34R_al03keDw,2026-04,False
east_36th_street_008,n00407,9.719128478791507,OK,uKH9yEbSa7jVZLv0VOYSEA,2026-04,gKrj4Wz_EJ34R_al03keDw,2026-04,False
east_36th_street_009,n00406,9.793284295409093,OK,vVpxUC3buP6WZ3EqkVWT6A,2026-04,dd8gKjFCj5-Aw_QGlFbQ8Q,2026-04,False
east_36th_street_010,n00405,9.719108535721602,OK,YeN_mgVxWzp2-Qw74-SQaw,2026-04,W-AXNRxhEG1HBTbLIddNhw,2026-04,False
east_36th_street_011,n00404,9.7932641099769,OK,1qqsztvkn_hcjRklaO9GYw,2026-04,CLxREESmb1wJfFmpV-7GRg,2026-04,False
east_36th_street_012,n00403,9.793254017663628,OK,4M29shBPDk2VfmxurP2mpg,2026-04,3QQKx_It6l6mjiabHIdZlw,2026-04,False
east_36th_street_013,n00402,9.867574246202377,OK,tRZpNTKlK-rBXvhXczN9_Q,2026-04,X5SgO4SAaMRqFrMA0i_XCA,2026-04,False
east_36th_street_014,n00401,9.942055542732064,OK,WwqbNpXb_bsii7cL386n8w,2026-04,sWvxQHOeJ5nJyF7VOASHoQ,2026-04,False
east_36th_street_015,n00400,9.965502993023456,OK,4T4fvwP9UWDyd-vEI0CPYQ,2026-04,HQ1dLpDaRJd2cBVJpjRG2Q,2026-04,False
east_36th_street_016,n00169,4.850083810127494,OK,LMyv0fmBA75Ki8i0-uIQbg,2026-04,LMyv0fmBA75Ki8i0-uIQbg,2026-04,True
east_36th_street_017,n00397,9.939707359255003,OK,pcDWcIUlS-tFsBfzPuvGRg,2026-04,UNse684RJjFlog1PpfBMoQ,2026-04,False
east_36th_street_018,n00396,9.946174027973981,OK,51eIRuPe8XWbD-Pvcd-YGw,2026-04,h9dY2E2jK59dYSLKvmrxKg,2026-04,False
east_36th_street_019,n00054,6.10639876636929,OK,mFI0uKD0zgLqVWCUgOeing,2026-04,mFI0uKD0zgLqVWCUgOeing,2026-04,True
east_36th_street_020,n00394,9.846505609504336,OK,aZsO7sBCncXWhjienGsl9g,2026-04,qeRPA0rEo8_vfHZPq3hyfw,2026-04,False
east_36th_street_021,n00393,9.772735885049528,OK,43SMg9JUpD3cnZgcPVM89w,2026-04,8sXxYwSslIc1h7KYoF-JCw,2026-04,False
east_36th_street_022,n00392,9.77272574592368,OK,li_HxNlNh-9_-Mw1ZMOuqg,2026-04,jcto-HQXzUu-5xhG2b4ElQ,2026-04,False
east_36th_street_023,n00391,9.77271560722353,OK,oHRi9QCFkXVq5640AD1dIg,2026-04,kqdyWEAoOxtUI-YZXguAdg,2026-04,False
east_36th_street_024,n00390,9.718961305635897,OK,XzfeZ07hUviNVOuIg9cV7A,2026-04,YJQNAA9cs0wTXi49jwq7OQ,2026-04,False
east_36th_street_025,n00389,6.93152452174655,OK,vIyHIMoRnLpMc0vB356NZg,2026-04,vIyHIMoRnLpMc0vB356NZg,2026-04,True
east_36th_street_026,n00388,6.985536100287079,OK,l8R3ozzZwm-uLopWvvR_vA,2026-04,l8R3ozzZwm-uLopWvvR_vA,2026-04,True
east_36th_street_027,n00387,7.059124789891047,OK,JvFZlBnxpPkouln2sACeiQ,2026-04,JvFZlBnxpPkouln2sACeiQ,2026-04,True
east_36th_street_028,n00386,7.132953271791857,OK,rg_ra0DftvTcFdokFrGUBw,2026-04,rg_ra0DftvTcFdokFrGUBw,2026-04,True
east_36th_street_029,n00089,3.7157737330628597,OK,yhc7dIFm5sN_a44yGen3jA,2026-04,yhc7dIFm5sN_a44yGen3jA,2026-04,True
east_36th_street_030,n00384,7.132938441553626,OK,CAoSFkNJSE0wb2dLRUlDQWdJQ2NvcXJSVlE.,2019-11,EOd4YXZxAHYB4cQjEiptCw,2026-04,False
east_36th_street_031,n00383,7.1329310686114065,OK,518rMp6E8Do0kkS2n8kxiQ,2026-04,518rMp6E8Do0kkS2n8kxiQ,2026-04,True
east_36th_street_032,n00382,7.260658168718516,OK,r44hM4ZL9F4lLIFZ6xnllQ,2026-04,r44hM4ZL9F4lLIFZ6xnllQ,2026-04,True
east_36th_street_033,n00381,7.206984015467742,OK,hqCQmBLyRyqyoYxfBndAyg,2026-04,hqCQmBLyRyqyoYxfBndAyg,2026-04,True
east_36th_street_034,n00380,7.260643202993267,OK,mDaq-bknwFehoreaz7tLcA,2026-04,mDaq-bknwFehoreaz7tLcA,2026-04,True
east_36th_street_035,n00379,7.334385256447094,OK,wePemfCF1Qq5Tis2Xhheng,2026-04,wePemfCF1Qq5Tis2Xhheng,2026-04,True
east_36th_street_036,n00378,7.334377608421835,OK,V7c_HIA3mGnPJl7e8Yfw1Q,2026-04,dJiRcw8GpL5zQljlDsN2pQ,2026-04,False
east_36th_street_037,n00377,7.408347327160133,OK,eQMNVfd4Db7UXU7BFO1F_w,2014-08,VGhUmr_NyXuxqU-y_pwvPA,2026-04,False
east_36th_street_038,n00376,7.408339558067526,OK,nAkZCiPpxnqAZ5ZMLUqojg,2026-04,nAkZCiPpxnqAZ5ZMLUqojg,2026-04,True
east_36th_street_039,n00375,7.462201993877902,OK,ovsT_VAZFELVQmYPiC_UWQ,2026-04,ovsT_VAZFELVQmYPiC_UWQ,2026-04,True
east_36th_street_040,n00374,7.462194362190501,OK,5mgPowl6GJ6l1-XTEKJRvA,2026-04,5mgPowl6GJ6l1-XTEKJRvA,2026-04,True
east_36th_street_041,n00373,7.535854321356889,OK,euu2X1UntJ1Umacy5IJ5pQ,2026-04,X6jZWIX5BoSPVt2Q88IBnw,2026-04,False
east_36th_street_042,n00372,7.535846566204374,OK,zlug_Gt51tu279MH5P57Qg,2026-04,rG5WESg31WzHuWdOCVR-_Q,2026-04,False
east_36th_street_043,n00371,7.609729724714548,OK,TDZM_7tJgzmSx93HM6ByJA,2026-04,_BQ742UfTgqStMrKyOvhCg,2026-04,False
east_36th_street_044,n00123,1.7809578813880238,OK,ycmLfsklx-lHAxyi4i4tAQ,2026-04,ycmLfsklx-lHAxyi4i4tAQ,2026-04,True
east_36th_street_045,n00369,7.737366732088956,OK,P184XmPg8PvKALZ61lbZOg,2026-04,j_qTbaA-TW2S8PKTI9tB4w,2026-04,False
east_36th_street_046,n00368,7.609706007917619,OK,-UZ6HjlwO3EuVyOXknAV2w,2026-04,kF6MBRMJpRABV1y452ltdA,2026-04,False
east_36th_street_047,n00367,7.7373507536576565,OK,TT4A8esFmZv1UsJI2l_5WQ,2026-04,BbED4k4_Hy0a1_2o-T1aiA,2026-04,False
east_36th_street_048,n00366,7.737342721243396,OK,IE-UdqkI9vwcQTX4yvhcWQ,2026-04,FDwMIs1h-5laL0SdBMtb3A,2026-04,False
east_36th_street_049,n00365,7.811143625841289,OK,aKLitqDldZv1ctNPpSaseg,2026-04,uOzqdD7qFaifoAyt83UwMQ,2026-04,False
east_36th_street_050,n00364,7.865380654244097,OK,99ajd07W1SyohgveqEmcBA,2026-04,NjuyuSRwEngxrVw7oDsqjQ,2026-04,False
east_36th_street_051,n00363,7.885149104978709,OK,CeMd1iqNlSbf3n9W5UaR2A,2026-04,CeMd1iqNlSbf3n9W5UaR2A,2026-04,True
east_36th_street_052,n00732,7.450455663825948,OK,TVob8NQSb2LNtZMF_IizNw,2026-04,B8_YjTLlNoNFCo8Ilvez-Q,2026-04,False
east_36th_street_053,n00361,7.88513263575253,OK,qGc3fk01i0WqTFL2HY6gXA,2026-04,rLNYC6hde-pr_DDNxJr9VQ,2026-04,False
east_37th_street_006,n00454,2.915248217954886,OK,v8EDKJBfKy5hXmUhE67enA,2024-09,v8EDKJBfKy5hXmUhE67enA,2024-09,True
east_37th_street_007,n00453,2.861913215472425,OK,Y_8WKrdM66DDQthvpYtpbg,2026-04,hprRNLeIOZoehQnj0NRJJw,2026-04,False
east_37th_street_008,n00452,2.787460603047244,OK,9tTVIZgSddfGIJeYWE_3EQ,2024-09,9tTVIZgSddfGIJeYWE_3EQ,2024-09,True
east_37th_street_009,n00451,2.7135927475883004,OK,Wc3Za0uN6mxNmfmuXHkfeQ,2024-09,Wc3Za0uN6mxNmfmuXHkfeQ,2024-09,True
east_37th_street_010,n00450,2.71358997253661,OK,pbaapGBx1ACVu1VJBN1pJw,2026-04,pbaapGBx1ACVu1VJBN1pJw,2026-04,True
east_37th_street_011,n00449,2.713587194180882,OK,EiFHAodaPkog00UcbIqGTA,2024-09,CYMkeBh1FoXvJU5YUUGOBw,2024-09,False
east_37th_street_012,n00448,2.640353426888446,OK,4pNgL7y58eOF1LEMhdLY5w,2024-09,4pNgL7y58eOF1LEMhdLY5w,2024-09,True
east_37th_street_013,n00447,2.5861155109061,OK,Ea-T3kPlw5iwMHDrHOJFjw,2024-09,Ea-T3kPlw5iwMHDrHOJFjw,2024-09,True
east_37th_street_014,n00446,2.5861128020866455,OK,25YdfkuLrcKfLecFzHSKhg,2021-05,25YdfkuLrcKfLecFzHSKhg,2021-05,True
east_37th_street_015,n00445,2.512001465132893,OK,yG4FpFHUOJAfKk66xIgITg,2026-04,yG4FpFHUOJAfKk66xIgITg,2026-04,True
east_37th_street_016,n00444,2.51199885002526,OK,sUqftFJ0UGLEbynhRfJ3TQ,2026-04,sUqftFJ0UGLEbynhRfJ3TQ,2026-04,True
east_37th_street_017,n00443,2.4599420644264964,OK,iIOztCL2TLI3fy1iTxKsFg,2026-04,iIOztCL2TLI3fy1iTxKsFg,2026-04,True
east_37th_street_018,n00442,2.4385565374578917,OK,rsVMKdjYxX-72xbIejLvyQ,2026-04,rsVMKdjYxX-72xbIejLvyQ,2026-04,True
east_37th_street_019,n00441,2.365850712203225,OK,WDFIzAGPBzCbwkLrbnKy9g,2026-04,WDFIzAGPBzCbwkLrbnKy9g,2026-04,True
east_37th_street_020,n00440,2.3105038759605123,OK,VwCEt3ySzeNaQr0_A7GzwA,2026-04,VwCEt3ySzeNaQr0_A7GzwA,2026-04,True
east_37th_street_021,n00439,2.31050145780144,OK,3XV-0O9Y5vZdwYpU1yClqw,2026-04,3XV-0O9Y5vZdwYpU1yClqw,2026-04,True
east_37th_street_022,n00438,2.310499007787652,OK,d3TOtyBJVfYBInngXUgQgg,2026-04,d3TOtyBJVfYBInngXUgQgg,2026-04,True
east_37th_street_023,n00437,2.217730143473628,OK,QpAC2Gn3MrOdd5Y_COAHRQ,2026-04,QpAC2Gn3MrOdd5Y_COAHRQ,2026-04,True
east_37th_street_024,n00436,2.236815931364225,OK,NzeZy6EPoYehbzyxVEHQzA,2026-04,NzeZy6EPoYehbzyxVEHQzA,2026-04,True
east_37th_street_025,n00435,2.109122362396825,OK,OA_b1wdPARfVAfChpaD-jA,2026-04,sObSP4xKHieiJ-o8WYvDfQ,2026-04,False
east_37th_street_026,n00434,2.1329802832549905,OK,P8L-9dwWl-jh31TPNMqBjQ,2026-04,P8L-9dwWl-jh31TPNMqBjQ,2026-04,True
east_37th_street_027,n00433,2.109118850876722,OK,UB_D8QS-GzB7kc01SWa2JA,2021-09,UB_D8QS-GzB7kc01SWa2JA,2021-09,True
east_37th_street_028,n00432,2.1091166461502744,OK,FNEHDjGly6ZPD5uojki8qw,2024-09,qDTG2FSbt9nSd4xDXWsJ7Q,2026-04,False
east_37th_street_029,n00431,2.035152819843786,OK,3dpr9Xaw3kYy7tr8z0PkcA,2026-04,3dpr9Xaw3kYy7tr8z0PkcA,2026-04,True
east_37th_street_030,n00430,1.9620344014936744,OK,L5f9K-WS-m73QMW6cd8sxg,2026-04,L5f9K-WS-m73QMW6cd8sxg,2026-04,True
east_37th_street_031,n00429,1.9078936755260076,OK,nsYw3kj9an7Zi-oobGJdrg,2026-04,nsYw3kj9an7Zi-oobGJdrg,2026-04,True
east_37th_street_032,n00428,1.962030417688815,OK,9f-s2r5AUlqDpsc5xCdofA,2026-04,9f-s2r5AUlqDpsc5xCdofA,2026-04,True
east_37th_street_033,n00427,1.9078895849827464,OK,tTfVbqRXDxh8u9JqxMrZdw,2026-04,tTfVbqRXDxh8u9JqxMrZdw,2026-04,True
east_37th_street_034,n00426,1.8335852970568731,OK,FEDCn_XJlnZWCd08ZZOM-g,2026-04,FEDCn_XJlnZWCd08ZZOM-g,2026-04,True
east_37th_street_035,n00425,1.8335834070054262,OK,9bE9azcD-Of9YcmMrElp_A,2026-04,9bE9azcD-Of9YcmMrElp_A,2026-04,True
east_37th_street_036,n00424,1.7601929249670976,OK,bk2ROnoF8P4rfxrQyWpbbw,2026-04,bk2ROnoF8P4rfxrQyWpbbw,2026-04,True
east_37th_street_037,n00423,1.7068709976988508,OK,_AbT4cIBEcSUi9uneGd0oA,2026-04,_AbT4cIBEcSUi9uneGd0oA,2026-04,True
east_37th_street_038,n00422,1.7068691763982735,OK,oNguQykrpSpFe9NkmeTu2Q,2026-04,EENCJZGU_xY4_CdtqL7DCw,2026-04,False
east_37th_street_039,n00421,1.6321496456215097,OK,yd8ECTM0DCFIPgPps82EJw,2026-04,yd8ECTM0DCFIPgPps82EJw,2026-04,True
east_37th_street_040,n00420,1.632147923935901,OK,5bitZcu6T_TaWTBNinO94A,2026-04,5bitZcu6T_TaWTBNinO94A,2026-04,True
east_37th_street_041,n00419,1.6321462244366807,OK,5xphdpuWsZlj7odnLn0xxg,2026-04,5xphdpuWsZlj7odnLn0xxg,2026-04,True
east_37th_street_042,n00418,1.5584191211916218,OK,VtbnMNKJ_CGXfFtFxNTLcg,2026-04,VtbnMNKJ_CGXfFtFxNTLcg,2026-04,True
east_37th_street_043,n00417,1.4309020421221033,OK,6YdxuBl0VTJBg2F1fCCyNQ,2026-04,6YdxuBl0VTJBg2F1fCCyNQ,2026-04,True
east_37th_street_044,n00416,1.4309005168901114,OK,BlyC9bZWbJJSM1eXcNAjlw,2026-04,BlyC9bZWbJJSM1eXcNAjlw,2026-04,True
east_37th_street_045,n00415,1.4858289057600813,OK,f96jbOv3WAFQTDGsBI6FWA,2026-04,f96jbOv3WAFQTDGsBI6FWA,2026-04,True
east_37th_street_046,n00414,1.4308974634187044,OK,hQlfTPWKp4laxRJtl5MLtg,2026-04,hQlfTPWKp4laxRJtl5MLtg,2026-04,True
east_37th_street_047,n00413,1.356743404157518,OK,SQc65BP5vLZrzKgMXdOkyg,2026-04,SQc65BP5vLZrzKgMXdOkyg,2026-04,True
east_37th_street_048,n00412,1.3567420334605564,OK,f68xvJTG804PGKiqgTFZcg,2026-04,f68xvJTG804PGKiqgTFZcg,2026-04,True
east_37th_street_049,n00411,1.305824696997361,OK,zuWcYnLRGnsDw2Dz9IHL1A,2026-04,zuWcYnLRGnsDw2Dz9IHL1A,2026-04,True
east_37th_street_050,n00410,1.2299273338782575,OK,SXs1NfDz070TwYV2JTfDWg,2026-04,SXs1NfDz070TwYV2JTfDWg,2026-04,True
east_37th_street_051,n00409,1.2838555475035145,OK,QCaHbTPSvujLOHo4xgD4-w,2026-04,QCaHbTPSvujLOHo4xgD4-w,2026-04,True
east_37th_street_052,n00408,1.1552135578389888,OK,XOOhsEAV_Hq3lMzHXIfc_w,2026-04,XOOhsEAV_Hq3lMzHXIfc_w,2026-04,True
east_38th_street_007,n00501,1.1552598534058374,OK,LeMyijIQx_rKZZLO8HRNBw,2026-04,LeMyijIQx_rKZZLO8HRNBw,2026-04,True
east_38th_street_008,n00500,1.0294399364670843,OK,4gZeGl6UZ9LrL7m5EaTNeg,2026-04,4gZeGl6UZ9LrL7m5EaTNeg,2026-04,True
east_38th_street_009,n00499,1.0819718177205562,OK,fViLd2M8Sj5nThdRQciJaw,2026-04,fViLd2M8Sj5nThdRQciJaw,2026-04,True
east_38th_street_010,n00498,1.0819707427168295,OK,INiF0BbQsc9h2pN-s4r2EA,2026-04,INiF0BbQsc9h2pN-s4r2EA,2026-04,True
east_38th_street_011,n00497,1.0104253877388785,OK,b6nyzMJrmAOaullMhmoEJg,2026-04,b6nyzMJrmAOaullMhmoEJg,2026-04,True
east_38th_street_012,n00496,1.0104244339601098,OK,NJEDwyTyORq03oa9CMNfqg,2026-04,NJEDwyTyORq03oa9CMNfqg,2026-04,True
east_38th_street_013,n00495,0.9539585435434578,OK,zaFkwh_rpOSFwBUpNk5Tyg,2026-04,zaFkwh_rpOSFwBUpNk5Tyg,2026-04,True
east_38th_street_014,n00494,0.9539575380064156,OK,zGpITbm_5nOQqrx7AtFYKw,2026-04,zGpITbm_5nOQqrx7AtFYKw,2026-04,True
east_38th_street_015,n00493,0.880109457151406,OK,q6oDxteu3DZ4MVzAgXd8dQ,2026-04,q6oDxteu3DZ4MVzAgXd8dQ,2026-04,True
east_38th_street_016,n00492,0.8083365039939983,OK,bH_wC2dWFy4e3gS6e925dA,2026-04,bH_wC2dWFy4e3gS6e925dA,2026-04,True
east_38th_street_017,n00491,0.7530847083146021,OK,JXvG18OEU-JSD6NkbYmxlQ,2026-04,JXvG18OEU-JSD6NkbYmxlQ,2026-04,True
east_38th_street_018,n00490,0.7530838933133873,OK,gOEyve0f7vRYMQ2GE45QtA,2026-04,gOEyve0f7vRYMQ2GE45QtA,2026-04,True
east_38th_street_019,n00489,0.8083342195422617,OK,WwAaEG6hl_C-qZOJgsMcaw,2026-04,WwAaEG6hl_C-qZOJgsMcaw,2026-04,True
east_38th_street_020,n00488,0.6783860894684329,OK,OqX9-sk0fT1vVU--pV_uuA,2026-04,OqX9-sk0fT1vVU--pV_uuA,2026-04,True
east_38th_street_021,n00487,0.6062495168026673,OK,O5fC9_fm76rudoQ91lqn2g,2026-04,O5fC9_fm76rudoQ91lqn2g,2026-04,True
east_38th_street_022,n00486,0.6783846938102563,OK,8Ho9aYbphKO07YXCR0iK1Q,2026-04,8Ho9aYbphKO07YXCR0iK1Q,2026-04,True
east_38th_street_023,n00485,0.6062483738947152,OK,Zi4OmnGhzOKPDEqGvzR8uA,2026-04,Zi4OmnGhzOKPDEqGvzR8uA,2026-04,True
east_38th_street_024,n00484,0.4769737301317166,OK,dsk-Od2qRSPL4tjo7rB3kA,2026-04,dsk-Od2qRSPL4tjo7rB3kA,2026-04,True
east_38th_street_025,n00483,0.5530951284857067,OK,MVZuKvCsK0PthwIwHh-sjA,2026-04,MVZuKvCsK0PthwIwHh-sjA,2026-04,True
east_38th_street_026,n00482,0.476972717466816,OK,aEZC-gv2VxNTFg9N2mJUEw,2026-04,aEZC-gv2VxNTFg9N2mJUEw,2026-04,True
east_38th_street_027,n00481,0.4041640467864499,OK,gAVcr1GgLm8K_VGManLe8w,2026-04,gAVcr1GgLm8K_VGManLe8w,2026-04,True
east_38th_street_028,n00480,0.4041636626429362,OK,-ekg0gp1kN93sn8zwT-AiQ,2026-04,-ekg0gp1kN93sn8zwT-AiQ,2026-04,True
east_38th_street_029,n00479,0.27654629973693695,OK,nRd2-eKVFM6YWFa6Kt6icQ,2026-04,nRd2-eKVFM6YWFa6Kt6icQ,2026-04,True
east_38th_street_030,n00478,0.2765459837050219,OK,38G6U6IL8gnf90A_1YzrsQ,2026-04,38G6U6IL8gnf90A_1YzrsQ,2026-04,True
east_38th_street_031,n00477,0.33682396798328734,OK,E2DyZR5J4LkNakdfwCVZaw,2026-04,E2DyZR5J4LkNakdfwCVZaw,2026-04,True
east_38th_street_032,n00476,0.2765453586310902,OK,EmNLuq201Q1MyGrRFvquWw,2026-04,EmNLuq201Q1MyGrRFvquWw,2026-04,True
east_38th_street_033,n00475,0.2765450454343969,OK,7rSNdGZsOdsHcuAhRWIK9w,2026-04,7rSNdGZsOdsHcuAhRWIK9w,2026-04,True
east_38th_street_034,n00474,0.20208067852885636,OK,HVipw5Og2YFm5wxrp4rpUg,2026-04,HVipw5Og2YFm5wxrp4rpUg,2026-04,True
east_38th_street_035,n00473,0.13947167566382734,OK,e3qsPpcn9Gv_wV2vk9Rzig,2026-04,e3qsPpcn9Gv_wV2vk9Rzig,2026-04,True
east_38th_street_036,n00472,0.08442771460747686,OK,k-LRzL-TeF4qznMmLfl8mQ,2026-04,k-LRzL-TeF4qznMmLfl8mQ,2026-04,True
east_38th_street_037,n00471,0.1394715352435813,OK,M85v_MAOD1YdWs52ZQLREg,2026-04,M85v_MAOD1YdWs52ZQLREg,2026-04,True
east_38th_street_038,n00470,0.08442748704562125,OK,IJu6PYtdsROnjZ5tTUKh0w,2026-04,IJu6PYtdsROnjZ5tTUKh0w,2026-04,True
east_38th_street_039,n00469,0.0,OK,Fci_lUnXZ2X-6QUhJjCbFw,2026-04,Fci_lUnXZ2X-6QUhJjCbFw,2026-04,True
east_38th_street_040,n00468,9.313225746154785e-10,OK,uvAO_X52D1Nt9uIzimdiUw,2026-04,uvAO_X52D1Nt9uIzimdiUw,2026-04,True
east_38th_street_041,n00467,0.08442714728865684,OK,6w_4N_kUFMG4vc9t_BCQbg,2026-04,6w_4N_kUFMG4vc9t_BCQbg,2026-04,True
east_38th_street_042,n00466,0.08442703404448385,OK,vmLVZIHkijad0-mcYhFWdQ,2026-04,vmLVZIHkijad0-mcYhFWdQ,2026-04,True
east_38th_street_043,n00465,0.13947111027298514,OK,-intCq0LNHzFRyWPE1_Epw,2026-04,-intCq0LNHzFRyWPE1_Epw,2026-04,True
east_38th_street_044,n00464,0.1688536102881818,OK,BO7oD_-nw8ww4NQwLQAKtw,2026-04,BO7oD_-nw8ww4NQwLQAKtw,2026-04,True
east_38th_street_045,n00463,0.2020785651299737,OK,VcbJc1lGzoOq7J6XSt9bxw,2026-04,VcbJc1lGzoOq7J6XSt9bxw,2026-04,True
east_38th_street_046,n00462,0.20207836902770512,OK,ogTrW7iTBBSgj1HssSgbBg,2026-04,ogTrW7iTBBSgj1HssSgbBg,2026-04,True
east_38th_street_047,n00461,0.27654063405346135,OK,2UcY4YbkduUa27zE8oeFvw,2026-04,2UcY4YbkduUa27zE8oeFvw,2026-04,True
east_38th_street_048,n00460,0.3368195344550156,OK,1ZXe11xE1R4s9lwJFIruOA,2026-04,1ZXe11xE1R4s9lwJFIruOA,2026-04,True
east_38th_street_049,n00459,0.3554840330008966,OK,v7D6kukKU16SUp2xUmClUA,2026-04,v7D6kukKU16SUp2xUmClUA,2026-04,True
east_38th_street_050,n00458,0.40415521734350146,OK,ZgkT8u6LL1ygK-MYTvO1-g,2026-04,ZgkT8u6LL1ygK-MYTvO1-g,2026-04,True
east_38th_street_051,n00457,0.47696004427533245,OK,M9Ke3tHsWqT7YNC63kEpTQ,2026-04,M9Ke3tHsWqT7YNC63kEpTQ,2026-04,True
east_38th_street_052,n00456,0.4769595394331216,OK,Oou9vnCzxMtPZhbZaY59OA,2026-04,Oou9vnCzxMtPZhbZaY59OA,2026-04,True
east_38th_street_053,n00455,0.5530775248769497,OK,zPAEp2PmVxEpouqQL_yM-Q,2026-04,zPAEp2PmVxEpouqQL_yM-Q,2026-04,True
east_39th_street_001,n00548,0.0,OK,Y01Mt0kSWGgvZEacPxCnMA,2026-04,Y01Mt0kSWGgvZEacPxCnMA,2026-04,True
east_39th_street_002,n00547,0.1110149084695777,OK,dY1xfHLB0igeYnh2NH5XLQ,2026-04,dY1xfHLB0igeYnh2NH5XLQ,2026-04,True
east_39th_street_003,n00546,0.08442999890718873,OK,wlETha9wvl5doZsAsQJAXA,2026-04,wlETha9wvl5doZsAsQJAXA,2026-04,True
east_39th_street_004,n00545,0.08442988564715419,OK,UBm3DmV9PTWtpjQqV6gSwA,2026-04,UBm3DmV9PTWtpjQqV6gSwA,2026-04,True
east_39th_street_005,n00544,0.08442977236576596,OK,cQsrusG29t0zFks8Fb69Kw,2026-04,cQsrusG29t0zFks8Fb69Kw,2026-04,True
east_39th_street_006,n00543,0.20208358903541376,OK,Zl2mjfdT4gHLnJCFhvv_Mg,2026-04,Zl2mjfdT4gHLnJCFhvv_Mg,2026-04,True
east_39th_street_007,n00542,0.20208339731001468,OK,YQPalxa6UulpdpK99yEW_g,2026-04,YQPalxa6UulpdpK99yEW_g,2026-04,True
east_39th_street_008,n00541,0.2765488519567,OK,loz-gWScg87ub8lQhZxTcw,2026-04,loz-gWScg87ub8lQhZxTcw,2026-04,True
east_39th_street_009,n00540,0.33682638142488663,OK,4k_uZ5VmD03qBOWYKEO64g,2026-04,4k_uZ5VmD03qBOWYKEO64g,2026-04,True
east_39th_street_010,n00539,0.3554953629404245,OK,W5VoDVjRnXMxz6bPc7TrSQ,2026-04,W5VoDVjRnXMxz6bPc7TrSQ,2026-04,True
east_39th_street_011,n00538,0.2765479113021862,OK,TvI6ZgEzA-JgB6LFtzdNfA,2026-04,TvI6ZgEzA-JgB6LFtzdNfA,2026-04,True
east_39th_street_012,n00537,0.4041648828604098,OK,pUXxcrnHvWaFtzGeuWfp_w,2026-04,pUXxcrnHvWaFtzGeuWfp_w,2026-04,True
east_39th_street_013,n00536,0.436497569906476,OK,bQSHiMD5gT2Ze65garVK1g,2026-04,bQSHiMD5gT2Ze65garVK1g,2026-04,True
east_39th_street_014,n00535,0.47697228016209425,OK,vV-IDRwBBGArKTznJUpVWw,2026-04,vV-IDRwBBGArKTznJUpVWw,2026-04,True
east_39th_street_015,n00534,0.5530933168594429,OK,1509MpyQJo9sLNagkEdZwA,2026-04,1509MpyQJo9sLNagkEdZwA,2026-04,True
east_39th_street_016,n00533,0.4769712674793027,OK,j1WAHka9HvGKnWsWheUpeA,2026-04,j1WAHka9HvGKnWsWheUpeA,2026-04,True
east_39th_street_017,n00532,0.5530920627475645,OK,uR3WhHAKv5EnihkZQLO8zw,2026-04,uR3WhHAKv5EnihkZQLO8zw,2026-04,True
east_39th_street_018,n00531,0.6062438772665497,OK,6sO8CszOd-SLZPAzyY9-sA,2026-04,6sO8CszOd-SLZPAzyY9-sA,2026-04,True
east_39th_street_019,n00530,0.6313279422108259,OK,8TA-CXCC3fseYRw-0BaBUQ,2026-04,8TA-CXCC3fseYRw-0BaBUQ,2026-04,True
east_39th_street_020,n00529,0.6783771180329969,OK,6cupKH4widcqjNdr4ZafzA,2026-04,OUMBBGXOivSzwY6zi0VRQg,2026-04,False
east_39th_street_021,n00528,0.6783764015267362,OK,Hjq5wAzwg9cByAPIjjn3vg,2026-04,opjfYayJ7gbp-eiWUBaXXg,2026-04,False
east_39th_street_022,n00527,0.7392318086773882,OK,WI2cHrfffmnMEw9993ZzIg,2026-04,WI2cHrfffmnMEw9993ZzIg,2026-04,True
east_39th_street_023,n00526,0.7530691856523498,OK,uZNPwvhevndSgV5yzgZfhg,2026-04,uZNPwvhevndSgV5yzgZfhg,2026-04,True
east_39th_street_024,n00525,0.88009000683624,OK,PAu6bUuRyaiaGFdivT6Ifw,2026-04,PAu6bUuRyaiaGFdivT6Ifw,2026-04,True
east_39th_street_025,n00524,0.8296305369082787,OK,eFgyJqiHn092lgdBFisDyg,2026-04,eFgyJqiHn092lgdBFisDyg,2026-04,True
east_39th_street_026,n00523,0.880088267984404,OK,HSkmkdufklVTtz37pF4zwg,2026-04,HSkmkdufklVTtz37pF4zwg,2026-04,True
east_39th_street_027,n00522,0.8800873829806873,OK,mnBrL2p0HDMB_izi6y59yw,2026-04,mnBrL2p0HDMB_izi6y59yw,2026-04,True
east_39th_street_028,n00521,0.9539304019669687,OK,zytsFOT5_T2v27qaymZN6Q,2026-04,zytsFOT5_T2v27qaymZN6Q,2026-04,True
east_39th_street_029,n00520,0.95392939576114,OK,pg0q2eymrBHe0YkTCV9Ssw,2026-04,pg0q2eymrBHe0YkTCV9Ssw,2026-04,True
east_39th_street_030,n00519,1.0294004849242697,OK,Szij9PTocfNQ69EAjp9dQQ,2026-04,Szij9PTocfNQ69EAjp9dQQ,2026-04,True
east_39th_street_031,n00518,1.081934215626663,OK,kOJmCPU6jeyhiUX5eTNCoQ,2026-04,kOJmCPU6jeyhiUX5eTNCoQ,2026-04,True
east_39th_street_032,n00517,1.1552143316861145,OK,qV6nwTrjw62pdtPGtyhpHQ,2026-04,qV6nwTrjw62pdtPGtyhpHQ,2026-04,True
east_39th_street_033,n00516,1.155213095745795,OK,3gzCPMaYcjz180GhxCOmJw,2026-04,3gzCPMaYcjz180GhxCOmJw,2026-04,True
east_39th_street_034,n00515,1.155211845145022,OK,l2g5WZhYA2G978tYiGM8hA,2026-04,l2g5WZhYA2G978tYiGM8hA,2026-04,True
east_39th_street_035,n00514,1.183971382748397,OK,HsZmA3lPFbdYP-K4VSOzIw,2026-04,HsZmA3lPFbdYP-K4VSOzIw,2026-04,True
east_39th_street_036,n00513,1.28385017780777,OK,jpXGHRUVRp6u23-yqC2MTQ,2026-04,jpXGHRUVRp6u23-yqC2MTQ,2026-04,True
east_39th_street_037,n00512,1.229919028616535,OK,lWxmqxObR63qYv5QR6kt9A,2026-04,lWxmqxObR63qYv5QR6kt9A,2026-04,True
east_39th_street_038,n00511,1.3058127254126963,OK,rM5tF0ar33DAemL55kZRxw,2026-04,rM5tF0ar33DAemL55kZRxw,2026-04,True
east_39th_street_039,n00510,1.3567277671063782,OK,ltK12NjeKyfU-fdmY-eB-A,2026-04,ltK12NjeKyfU-fdmY-eB-A,2026-04,True
east_39th_street_040,n00509,1.3567263636268656,OK,wg9UJYpF68BxIJk1E8u9Fg,2026-04,wg9UJYpF68BxIJk1E8u9Fg,2026-04,True
east_39th_street_041,n00508,1.4308759259604005,OK,SSfEaSTGjN1dnLSv1lEXcg,2026-04,SSfEaSTGjN1dnLSv1lEXcg,2026-04,True
east_39th_street_042,n00507,1.4308744518314103,OK,w_vH5WJKYhe0dH232a-Qww,2026-04,1vl6tFP4CKAxCrJVn5WCEg,2026-04,False
east_39th_street_043,n00506,1.5061058472350572,OK,SyyqH1AyhMlfMNwuu6h9yg,2026-04,SyyqH1AyhMlfMNwuu6h9yg,2026-04,True
east_39th_street_044,n00505,1.5583855771069222,OK,chh9d0sDHNuBbwbqqYnJ2Q,2026-04,chh9d0sDHNuBbwbqqYnJ2Q,2026-04,True
east_39th_street_045,n00504,1.632106659415502,OK,X1RRvFqMHxD0c3d0kZHGiA,2026-04,X1RRvFqMHxD0c3d0kZHGiA,2026-04,True
east_39th_street_046,n00503,1.6321049401253975,OK,CEZD5vuAnVM4KO1MsmSfqw,2026-04,OEQLMuyRWj2XdX5h4n5imQ,2026-04,False
east_39th_street_047,n00502,1.6321032767676578,OK,zpPPMlgKCF5gXjtYGRWDBA,2026-04,zpPPMlgKCF5gXjtYGRWDBA,2026-04,True
east_40th_street_001,n00027,6.288322403294219,OK,1RjPsThotgCEEtdVFgXZow,2026-04,Xro_CQMmdwj3em3ijnvFCQ,2026-04,False
east_40th_street_002,n00594,0.6783849133311277,OK,iBfjzNckTRLrw67StkRXmQ,2026-04,iBfjzNckTRLrw67StkRXmQ,2026-04,True
east_40th_street_003,n00593,0.6783842220213288,OK,BVOSu24kI0QSScVKoU7uwQ,2026-04,BVOSu24kI0QSScVKoU7uwQ,2026-04,True
east_40th_street_004,n00592,0.7530792088236267,OK,zRjvWAoE1WhfzbKhKY5BgQ,2026-04,zRjvWAoE1WhfzbKhKY5BgQ,2026-04,True
east_40th_street_005,n00591,0.7530783939160388,OK,K1Z2mFefxCULlCv1Oc7vCg,2026-04,K1Z2mFefxCULlCv1Oc7vCg,2026-04,True
east_40th_street_006,n00590,0.8800999984215386,OK,yN_r5otzTcWQQU4EVphluQ,2026-04,yN_r5otzTcWQQU4EVphluQ,2026-04,True
east_40th_street_007,n00589,0.7530767546989353,OK,updHMFKklHgYSFOMmYYSRA,2026-04,updHMFKklHgYSFOMmYYSRA,2026-04,True
east_40th_street_008,n00588,0.8800982193274057,OK,V8rnjUs3F1xTT4OYDJeVkg,2026-04,V8rnjUs3F1xTT4OYDJeVkg,2026-04,True
east_40th_street_009,n00587,0.8800973236667877,OK,v0fcbV6MgAOt5De1-xzj2A,2026-04,qorvV3HqxTNmRDyckXtNsA,2026-04,False
east_40th_street_010,n00586,0.9539416866353532,OK,qfiYYrRWKCOIDDoocVhhWQ,2026-04,DC5LK6H-YpnfnCGmqaAHfg,2026-04,False
east_40th_street_011,n00585,1.0294142675292226,OK,CAoSFkNJSE0wb2dLRUlDQWdJQ0VyLWUtZFE.,2016-07,ocTeagFTwNcZT55BmgicvA,2026-04,False
east_40th_street_012,n00584,1.0819474133105633,OK,vzsq9e6pohoVE2RHcQoWhA,2026-04,vzsq9e6pohoVE2RHcQoWhA,2026-04,True
east_40th_street_013,n00583,1.081946360810825,OK,zGY65vqC1dgvrgWBeU7H9g,2026-04,zGY65vqC1dgvrgWBeU7H9g,2026-04,True
east_40th_street_014,n00582,1.081945297751965,OK,J2DpK6enPyzjzFzpi7ZQyg,2026-04,J2DpK6enPyzjzFzpi7ZQyg,2026-04,True
east_40th_street_015,n00581,1.155226707890797,OK,AoXEfrHmkX7Tcccf9szk_g,2026-04,AoXEfrHmkX7Tcccf9szk_g,2026-04,True
east_40th_street_016,n00580,1.1552254971628757,OK,yQGJCDk90s5onlv-Dvk8Mw,2026-04,yQGJCDk90s5onlv-Dvk8Mw,2026-04,True
east_40th_street_017,n00579,1.2299365020860864,OK,qo3itGneIffjWuppasHCZg,2026-04,qo3itGneIffjWuppasHCZg,2026-04,True
east_40th_street_018,n00578,1.212480005462601,OK,VHLVCBVPHGZSZCqwoOsbUQ,2026-04,VHLVCBVPHGZSZCqwoOsbUQ,2026-04,True
east_40th_street_019,n00577,1.229933848798288,OK,FiUObgVak8W1qo2Wto8lkA,2026-04,FiUObgVak8W1qo2Wto8lkA,2026-04,True
east_40th_street_020,n00576,1.283861878324525,OK,nBVdSu5SBIx7IbbX865bSw,2026-04,nBVdSu5SBIx7IbbX865bSw,2026-04,True
east_40th_street_021,n00575,1.3567433842655086,OK,eVRW3mr1oL2ycdGB68L1HQ,2026-04,eVRW3mr1oL2ycdGB68L1HQ,2026-04,True
east_40th_street_022,n00574,1.3567419979289748,OK,GJ9wP8jDMzbTgvRxAIRf1g,2026-04,GJ9wP8jDMzbTgvRxAIRf1g,2026-04,True
east_40th_street_023,n00573,1.4308928680005706,OK,3YMY3Bt5uTpDBMsgtyL_UA,2026-04,pLr5cA2oCJ8YD_WqvyOoOA,2026-04,False
east_40th_street_024,n00572,1.4858216529904733,OK,i_PM384mFuTPJX1jyt28BQ,2026-04,i_PM384mFuTPJX1jyt28BQ,2026-04,True
east_40th_street_025,n00571,1.4308898322804082,OK,s-DKhMwGsyTo3WQN4fQt3Q,2026-04,s-DKhMwGsyTo3WQN4fQt3Q,2026-04,True
east_40th_street_026,n00570,1.5061224140939253,OK,mUsUG2Ug_lpmhylz_lms9w,2026-04,mUsUG2Ug_lpmhylz_lms9w,2026-04,True
east_40th_street_027,n00569,1.5584016462801868,OK,o0X3KZs70gvjNVMpJoxjyQ,2026-04,o0X3KZs70gvjNVMpJoxjyQ,2026-04,True
east_40th_street_028,n00568,1.6321239319441128,OK,DgBhFnOMHQVxmMfXv1TDFQ,2026-04,DgBhFnOMHQVxmMfXv1TDFQ,2026-04,True
east_40th_street_029,n00567,1.6321222313700572,OK,PbcGVOP-eUZStXwa8mWsRw,2026-04,PbcGVOP-eUZStXwa8mWsRw,2026-04,True
east_40th_street_030,n00566,1.632120511259193,OK,nGVa1fvXiu1sKm91rThE9w,2026-04,nGVa1fvXiu1sKm91rThE9w,2026-04,True
east_40th_street_031,n00565,1.7601555856900017,OK,CAoSFkNJSE0wb2dLRUlDQWdJQ0U3LVMxTlE.,2016-05,wirGGI_nltRT_ObxW-5AEQ,2026-04,False
east_40th_street_032,n00564,1.7068324351862938,OK,L3_0h-Y70H7XYJO5aN68RQ,2026-04,L3_0h-Y70H7XYJO5aN68RQ,2026-04,True
east_40th_street_033,n00563,1.8335377486674649,OK,UeOt3iFZffb0eAn7uEG6AA,2026-04,UeOt3iFZffb0eAn7uEG6AA,2026-04,True
east_40th_street_034,n00562,1.7601502187969236,OK,zcEUSulMlrZwwsB49567zw,2026-04,zcEUSulMlrZwwsB49567zw,2026-04,True
east_40th_street_035,n00561,1.8898041074753313,OK,7fiheV3rvBOq9hCz63llNg,2026-04,7fiheV3rvBOq9hCz63llNg,2026-04,True
east_40th_street_036,n00560,1.907830744267014,OK,Cvqad8LXQht8hwda_qn8Cg,2026-04,Cvqad8LXQht8hwda_qn8Cg,2026-04,True
east_40th_street_037,n00559,1.9078286863917793,OK,ZCulNTU7DtFLav_SpTEoWw,2026-04,ZCulNTU7DtFLav_SpTEoWw,2026-04,True
east_40th_street_038,n00558,1.9078266508914208,OK,GlGDWEKb4yUoSSMokAiYlw,2026-04,GlGDWEKb4yUoSSMokAiYlw,2026-04,True
east_40th_street_039,n00557,1.9619652714147882,OK,3U3MsXOqGsdLQ0bO7H5yrg,2026-04,3U3MsXOqGsdLQ0bO7H5yrg,2026-04,True
east_40th_street_040,n00556,1.9829315723291439,OK,MznzULp1RNKIaN76INwuZA,2026-04,MznzULp1RNKIaN76INwuZA,2026-04,True
east_40th_street_041,n00555,2.1090299467904283,OK,w9nhDa7KR0Yaed2b_OyxYQ,2026-04,w9nhDa7KR0Yaed2b_OyxYQ,2026-04,True
east_40th_street_042,n00554,2.109027765496207,OK,xbQgdq-LcXcZWL0n8DxuIg,2026-04,xbQgdq-LcXcZWL0n8DxuIg,2026-04,True
east_40th_street_043,n00553,2.1090255855796927,OK,CAoSFkNJSE0wb2dLRUlDQWdJQ2tzTC04WkE.,2012-04,TQB7L8CQnGTtXXesRSnnrg,2026-04,False
east_40th_street_044,n00552,2.236711628605862,OK,v6lDbV13dO6K1ZtcAnqWhQ,2026-04,v6lDbV13dO6K1ZtcAnqWhQ,2026-04,True
east_40th_street_045,n00551,2.183736997086735,OK,7kxoJhwVk8D-RAlIVr1ltw,2026-04,7kxoJhwVk8D-RAlIVr1ltw,2026-04,True
east_40th_street_046,n00550,2.2591343829521726,OK,ziiG4BAQ78YYiEb4QCUpng,2026-04,ziiG4BAQ78YYiEb4QCUpng,2026-04,True
east_40th_street_047,n00549,2.236705008268196,OK,DKSWWfMx4OX1dvIuFi1PzQ,2026-04,ocR8tjXRs7q2bq-7p3xoeg,2026-04,False
east_41st_street_007,n00640,4.345542659138788,OK,D0m3SyPzAmuNrSzXhivNww,2014-08,FPQ2tXIGJoWuAAOQixCNag,2017-09,False
east_41st_street_008,n00639,5.023895750788623,OK,-UuHfZxyLSnkrSY4QaEJ0A,2017-11,-UuHfZxyLSnkrSY4QaEJ0A,2017-11,True
east_41st_street_009,n00760,2.62119435078018,OK,BbTm7q5sDV9IyO3uoEYIrA,2026-04,BbTm7q5sDV9IyO3uoEYIrA,2026-04,True
east_41st_street_010,n00637,4.950275389541715,OK,BRmZt-G4YaBOjPd4wljaLA,2026-04,BRmZt-G4YaBOjPd4wljaLA,2026-04,True
east_41st_street_011,n00636,4.950270283856081,OK,GtRiPLen7rn8xPWzRonRtg,2026-04,7CmGe1MeobkMVpIEeHdNpA,2026-04,False
east_41st_street_012,n00635,4.950265178110435,OK,LSuMnKXIsFjntyJvaMLBpA,2026-04,LSuMnKXIsFjntyJvaMLBpA,2026-04,True
east_41st_street_013,n00634,4.822364002810873,OK,V52trPnLooZDwLhfAWX8zQ,2026-04,V52trPnLooZDwLhfAWX8zQ,2026-04,True
east_41st_street_014,n00633,4.8223589688435045,OK,G4mgzUrhVz4MgRHrBGscHQ,2026-04,G4mgzUrhVz4MgRHrBGscHQ,2026-04,True
east_41st_street_015,n00632,4.822353932272808,OK,1HxjwHLCooXDm27J1S5_zQ,2026-04,1HxjwHLCooXDm27J1S5_zQ,2026-04,True
east_41st_street_016,n00631,4.822348898090297,OK,BwV6L_DChJNe2zuTBr-qxQ,2026-04,BwV6L_DChJNe2zuTBr-qxQ,2026-04,True
east_41st_street_017,n00630,4.695107304050922,OK,3J-gJBsOPml3WXlld0aOHw,2026-04,3J-gJBsOPml3WXlld0aOHw,2026-04,True
east_41st_street_018,n00629,4.675240023175795,OK,wDtwAO7Bb2RK3wcgYYiCPA,2026-04,wDtwAO7Bb2RK3wcgYYiCPA,2026-04,True
east_41st_street_019,n00628,4.6208795092114405,OK,Oa4o3qXVUYgWm9K4x-IcXQ,2026-04,Oa4o3qXVUYgWm9K4x-IcXQ,2026-04,True
east_41st_street_020,n00627,4.620874719574623,OK,RrquuQxi9W1jTgrWDoLzeg,2026-04,RrquuQxi9W1jTgrWDoLzeg,2026-04,True
east_41st_street_021,n00626,4.620869929154851,OK,wr68ijXJR8gI_ah42wPuxw,2026-04,wr68ijXJR8gI_ah42wPuxw,2026-04,True
east_41st_street_022,n00625,4.493839863991653,OK,5hWRp8smFDCi2gJuCGRAbw,2026-04,5hWRp8smFDCi2gJuCGRAbw,2026-04,True
east_41st_street_023,n00624,4.546999297602562,OK,TaO4spwnTy2SNEf5gcwC3A,2026-04,TaO4spwnTy2SNEf5gcwC3A,2026-04,True
east_41st_street_024,n00623,4.473507461418564,OK,9rZJuwIL2XiMHVRsWEwO2A,2026-04,9rZJuwIL2XiMHVRsWEwO2A,2026-04,True
east_41st_street_025,n00622,4.419454725301173,OK,KPtfLgutzTTtzQDA0k91hw,2026-04,66tEhwNdMIRA0us4zyU9-w,2026-04,False
east_41st_street_026,n00621,4.4734983222625155,OK,Bg3-I95_SndQ9SuAqC_Qyg,2026-04,alyyCGTb0ZDhsQ5FmDfXpg,2026-04,False
east_41st_street_027,n00620,4.345442278005187,OK,D5zjJ3QKoMWrtZQN_z31cQ,2026-04,FYZvaFUdKE7MZaioJsn_6A,2026-04,False
east_41st_street_028,n00619,4.400395099255348,OK,ECP0E69g_ntVLkXTz064XQ,2026-04,7F-rf9k2_oLNBG6pwM0Q8w,2026-04,False
east_41st_street_029,n00618,4.345433176870611,OK,7T4jTAb4hteTlXUtRjjvwQ,2026-04,OpVDVXWCP3ZSYWzw4SF2Lg,2026-04,False
east_41st_street_030,n00617,4.271812403442405,OK,TRm5mNYHS4zi-yjjfYB7pg,2026-04,jbsXwpqy70FGNe-u8iRcIg,2026-04,False
east_41st_street_031,n00616,4.198598838524082,OK,fwZgr43fccXYhZgaKfJZ0A,2026-04,SHL2ZxrG5cfx_6YpUGIgFg,2026-04,False
east_41st_street_032,n00615,4.218092850580092,OK,XjtR6a_sXFMHcDA0JXvSzg,2026-04,ElsCnyZMOhwKw9E0JYfEPQ,2026-04,False
east_41st_street_033,n00614,4.143930699423153,OK,CynRtujdaeBJ9aXep4bxTA,2026-04,er3fzhhfFBlUYgxmA5d6rw,2026-04,False
east_41st_street_034,n00613,4.1439263655817715,OK,yierx3MC4pksDoc_b6bdYQ,2026-04,FAexfmTQdeaPd4s5uUXLsg,2026-04,False
east_41st_street_035,n00612,4.0701646604813515,OK,SW5SMjGAWs5DzgPY6NCnMQ,2026-04,SW5SMjGAWs5DzgPY6NCnMQ,2026-04,True
east_41st_street_036,n00717,2.310398969089402,OK,LZaqgmmoVFhsYx7CIbcWUQ,2026-04,LZaqgmmoVFhsYx7CIbcWUQ,2026-04,True
east_41st_street_037,n00610,4.070156422840854,OK,XN_xOV9DKAh6v0mBoRj1Kg,2026-04,XN_xOV9DKAh6v0mBoRj1Kg,2026-04,True
east_41st_street_038,n00609,3.9239284666158305,OK,SMbGA6BmvAl2Qe0r8wa7EA,2026-04,SMbGA6BmvAl2Qe0r8wa7EA,2026-04,True
east_41st_street_039,n00608,3.9239244634888344,OK,4IknqOIoaSLO4JJPls20WA,2026-04,4IknqOIoaSLO4JJPls20WA,2026-04,True
east_41st_street_040,n00607,3.942478099641023,OK,6lnjiywCAFWFgpndfD87Gg,2026-04,ACyyWiJj0A3-qGo5rEarlg,2026-04,False
east_41st_street_041,n00606,3.815634928637024,OK,jaRqfnZGh-Zx_QJYMBPFQA,2026-04,Mqy-oaNO16Slnzv1iwgakg,2026-04,False
east_41st_street_042,n00605,3.8156309479411608,OK,DcuJx8VsQlJkTrXpRWlXDw,2026-04,F_PbT_aIoyeIdXG1XDCC3A,2026-04,False
east_41st_street_043,n00604,3.839423291130742,OK,XTknyJo-uPNQVfcarCVO0w,2026-04,BL3VgrHdbgW5Uwf8UEJtbQ,2026-04,False
east_41st_street_044,n00603,3.795076822098784,OK,GBuy-MZ1BNY6RN5rCLaAlQ,2026-04,03adPYSS-9RFJd85ta395A,2026-04,False
east_41st_street_045,n00602,3.7411063677989493,OK,OkFg90SCrFBEGaZoOm61yg,2026-04,xZsCrE8PEyFjB4xn48nP6w,2026-04,False
east_41st_street_046,n00601,3.6670199342369365,OK,R_sSjGSPpSgf1kAo8lQhiQ,2026-04,u1rnPjRS1493VicEoQTPQA,2026-04,False
east_41st_street_047,n00600,3.6670161108444703,OK,vhSWP3NcbxykPkToopkkxQ,2026-04,Hy_Q9B9xj6PAzT07T2WGbg,2026-04,False
east_41st_street_048,n00599,3.593386248940832,OK,EnuoPA1ZkUg3MlhAPMsKXQ,2026-04,kVPsP_zbhQaHWlACovLAlA,2026-04,False
east_41st_street_049,n00598,3.6670085467596216,OK,FzR-u7mD5LTr67GKUMNbag,2026-04,Fu1X1KHu9SZUacNqSUd7xQ,2026-04,False
east_41st_street_050,n00597,3.5398190790101416,OK,kCahRW2B7ioKIQko1rp_iA,2026-04,_gJuQQh53nXMXVsO3AqLJw,2026-04,False
east_41st_street_051,n00596,3.539815406227341,OK,kMvqt0SX7rhBW1ydH_3ciQ,2026-04,LsbiJr1q_XVEaUFJS53Q1w,2026-04,False
east_41st_street_052,n00595,3.5202310370543852,OK,vGOsj__G-bfaWxGO5947Eg,2026-04,vGOsj__G-bfaWxGO5947Eg,2026-04,True
east_42nd_street_005,n00688,12.044836055303822,OK,WtKn8QLaoxBlhqcER5K8hA,2022-07,Knaf1qYcqkmuT3dquz8CQA,2022-07,False
east_42nd_street_006,n00688,7.809219637883771,OK,cJg_ofG7NLzCGbTdwSFxhw,2026-04,Knaf1qYcqkmuT3dquz8CQA,2022-07,False
east_42nd_street_007,n00688,7.809219637883771,OK,cJg_ofG7NLzCGbTdwSFxhw,2026-04,Knaf1qYcqkmuT3dquz8CQA,2022-07,False
east_42nd_street_008,n00687,7.8331472954427115,OK,vu4v1CRZYr9k-oXd5YcoQw,2026-04,Tx_tS7rHF9BF5OioeppR5A,2026-04,False
east_42nd_street_009,n00686,7.81114348103535,OK,JO_puwDDB0IHlQL6EGDtSw,2026-04,D6-FLOKD12pKMuD9Jk5AEg,2026-04,False
east_42nd_street_010,n00685,7.93889669481594,OK,CAoSF0NJSE0wb2dLRUlDQWdJQzQ5OUtKaXdF,2015-09,_COazMYRwFmHfJoc0lnAnw,2026-04,False
east_42nd_street_011,n00684,7.9388884665096775,OK,hQaLQElx3FmUkRvqpFWrsg,2026-04,GVtoo24fB3xBUzq9O9q60w,2026-04,False
east_42nd_street_012,n00683,8.012611139810621,OK,sluGv_NE28ZSoT7HI_kjtw,2026-04,n2FwwrfcEh3xg-EyChDJ5A,2026-04,False
east_42nd_street_013,n00682,8.012602786467976,OK,-uxZb_VVs_nFclwFuROUEA,2026-04,n1u6NEIEb_-6GBxgkeMnEw,2026-04,False
east_42nd_street_014,n00681,8.140458406611337,OK,5HW9cYn5Gl80HLfVzrV6NQ,2026-04,GAcB-4wTdknbsKT03h46kg,2026-04,False
east_42nd_street_015,n00680,8.086525826648456,OK,P_tjgnHx4DwFoyKGaliW8A,2026-04,YQuEwZcklYOwsbCWNR2Kgg,2026-04,False
east_42nd_street_016,n00679,8.140441656060796,OK,x3M9aJ4WYo2cwNrcD4iNAw,2026-04,OzCDuRUto94bfaqQSmveCQ,2026-04,False
east_42nd_street_017,n00678,8.214089436215371,OK,kBC1yAWvkcz8DmjoE-2_yQ,2026-04,nbtvDeIRXnjYlleDwQEguA,2026-04,False
east_42nd_street_018,n00677,8.140424814398232,OK,83wi4fVhtMRUqvMsVr_O2w,2026-04,OE2UaWfWPNximZhQ_Nvv5Q,2026-04,False
east_42nd_street_019,n00078,2.89747987466633,OK,zUEhNx2F0NQbIRo2ZK0WAw,2026-04,2ZEhBd_jQ8-9ee6Y9E_-oA,2026-04,False
east_42nd_street_020,n00675,8.214063435152253,OK,ynubjyFJw3WM-Lxn4jCEKA,2026-04,DI-Ao3UGS9RV5d6-LR9cWw,2026-04,False
east_42nd_street_021,n00674,8.361977364787206,OK,Mxqp9sLvJ267v5YIMHRXNg,2026-04,MqOv5TWTs9ExPAe-MysaBA,2026-04,False
east_42nd_street_022,n00673,8.361968765453577,OK,hGtbBhwpDQ4JdE3lkJBpgg,2026-04,WA7RJwEozgpe3z3pjPMHmQ,2026-04,False
east_42nd_street_023,n00672,8.361960262485228,OK,VNjIw-bHtK3P60zGuKoSNA,2026-04,m7pvtTtlRaVXbvpBKseHig,2026-04,False
east_42nd_street_024,n00671,8.361951568165045,OK,KMlLduXa84w4XWLrOgpdLA,2026-04,bjEIRgA8g1IIb4Cxm7HXDw,2026-04,False
east_42nd_street_025,n00670,8.489353052191396,OK,rxONnlw9IvCEwDJinx3_SQ,2026-04,NiKQvuF5jKFCzGcLjMkH3Q,2026-04,False
east_42nd_street_026,n00669,8.56332719409607,OK,MZGRr8iUFLJnM-i0idMM7A,2026-04,f5jFiWiRAWYp5OqpqvKmhQ,2026-04,False
east_42nd_street_027,n00668,8.563318503676642,OK,z_FA9uzbWu17l6A_ZmKUwQ,2026-04,2uH-ZA1NXySVaG9SuRwYlg,2026-04,False
east_42nd_street_028,n00667,8.5633098128414,OK,ujdIsDFYhpA6HF64Hz_lFw,2026-04,TbA10hZdfO13EspcY_tkEg,2026-04,False
east_42nd_street_029,n00666,8.637475095615823,OK,V4O8FH8vzvVziKEn-N3eMw,2026-04,ji8gjBaIITCNuwWjl2y65Q,2026-04,False
east_42nd_street_030,n00113,5.807286629548902,OK,3TQKJ0m1QhUjczhyHgO25Q,2026-04,3TQKJ0m1QhUjczhyHgO25Q,2026-04,True
east_42nd_street_031,n00664,8.690799202153112,OK,ZCjX2TFsL5y9yHV6WYU46w,2026-04,qO6KlF_Wbd2tU5_-wn0cJw,2026-04,False
east_42nd_street_032,n00663,8.69079014943753,OK,Ag63ycsZU0OQZ7EmwFOFfw,2026-04,nLsp0w1WEM0ondNFajsQeA,2026-04,False
east_42nd_street_033,n00662,8.690781194698816,OK,IuPNVIU238I75sUnyy-o3w,2026-04,VG0Swmv2QyQDFfh3ryOqVw,2026-04,False
east_42nd_street_034,n00661,8.818649619305106,OK,Pkz7X8MbDdbrU1FtEzUYqg,2026-04,wYzKUOco4UAuRbgiKrnuNg,2026-04,False
east_42nd_street_035,n00660,8.76467051900435,OK,WI0Z_WrSz-AW3voG0Vs_pg,2026-04,ZSbah7jnBpMQOueyyWLrmA,2026-04,False
east_42nd_street_036,n00659,8.838757054016567,OK,zj_tuzEBEGM0WBNA0o-BQw,2026-04,wiMxb1HNkVK3rm9fCRmEQg,2026-04,False
east_42nd_street_037,n00658,8.892268242892328,OK,W6l9X9IzIBgeUkRqmvNr-g,2026-04,sRwO0NezLWyrhfbsJVnXmA,2026-04,False
east_42nd_street_038,n00657,8.892258998846588,OK,Q4K2ZZ_vPy38epmqFbg56Q,2026-04,nbiARjK75-J-Bg87W7j8AA,2026-04,False
east_42nd_street_039,n00656,8.966085324006718,OK,CAoSFkNJSE0wb2dLRUlDQWdJRDRzcExuVUE.,2017-05,3bMWgISwy0YPV-zMAd4xeg,2026-04,False
east_42nd_street_040,n00655,8.966076060108602,OK,gxwLdAWfH-Ql5An4TUbfQw,2026-04,3fjvZn_1bix6Xkj8EYJ_rw,2026-04,False
east_42nd_street_041,n00654,9.0400874929397,OK,L1zkgCNB2m3sNdrBc6_opg,2026-04,GgKN3VA7Hhhf6WqU2v4EBQ,2026-04,False
east_42nd_street_042,n00653,9.040078104125103,OK,RIWZc_-loB7SYeQav3mlyg,2026-04,o9hCfMy1pA46ebz3Pgk-RQ,2026-04,False
east_42nd_street_043,n00652,9.114270136680409,OK,CAoSFkNJSE0wb2dLRUlDQWdJQzQ5OGJRUEE.,2015-10,2fIDodg8kSw_txslM7pxlw,2026-04,False
east_42nd_street_044,n00651,9.114260624575733,OK,LC7Qkb2AcwSXcvItvkoyuA,2026-04,hIX0mTURLesMJEj2RtItrA,2026-04,False
east_42nd_street_045,n00650,9.188628767208247,OK,bmeRby9TLRzR-XYTFNkIcw,2026-04,zlFALrkqgRcIv3MPQoHLCw,2026-04,False
east_42nd_street_046,n00649,9.188619243002368,OK,CAoSF0NJSE0wb2dLRUlDQWdJRDRtZmVlMUFF,2016-05,t3xm6w6DCeEG3FWmuzXCZA,2026-04,False
east_42nd_street_047,n00648,9.295291012723764,OK,6lgZa5a4e3HYshaHKW2mcQ,2026-04,6lgZa5a4e3HYshaHKW2mcQ,2026-04,True
east_42nd_street_048,n00647,9.295281485824034,OK,CAoSF0NJSE0wb2dLRUlDQWdJQzRuTzdMandF,2018-08,FfSZlKd2IZffFdFtP06qwg,2026-04,False
east_42nd_street_049,n00646,9.315544896601633,OK,r6wdsU-bCb-erW9Y9Yqcyg,2026-04,Cr5ds2YGKoUoIiBsdXbHhg,2026-04,False
east_42nd_street_050,n00645,9.333331732554404,OK,9wkIAMnDPyr5_OBbASwRXw,2026-04,W7qp8RPwbo4f2Li9OZKGog,2026-04,False
east_42nd_street_051,n00644,9.377255509250917,OK,MeGYeD2qlVASugpTmsEtRw,2026-04,m8xyW-y2bimjZgucWZCY8w,2026-04,False
east_42nd_street_052,n00643,9.44282151712899,OK,rgLAukGxQ-9hPiaaQkarFw,2026-04,OHaqv5nJ8YdTFRFXHUTiwQ,2026-04,False
east_42nd_street_053,n00642,9.423364965922726,OK,Bjfy0VLrqaW1f0Nxri8r_w,2026-04,f7D_IMdlIjWItkwGRHVf0A,2026-04,False
east_42nd_street_054,n00641,9.496810988959455,OK,2iQBp6_Vgz21t3oUXLpCpw,2026-04,TXqKzQiBZkOMYwRWyHeBHg,2026-04,False
lexington_avenue_032,n00283,1.6179487522910743,OK,3qXV_ebiOkxVN1TwoXAayg,2026-04,3qXV_ebiOkxVN1TwoXAayg,2026-04,True
lexington_avenue_033,n00690,3.5785342359258974,OK,L4lHYt1rr-AAdPaOhV2N6g,2026-04,L4lHYt1rr-AAdPaOhV2N6g,2026-04,True
lexington_avenue_034,n00691,3.6753744076817174,OK,kcwr9bFeAnOjYKWv44f5iw,2026-04,kcwr9bFeAnOjYKWv44f5iw,2026-04,True
lexington_avenue_035,n00692,3.7729955434597384,OK,g0O4vqL2Y7BHHstWJ-g43g,2026-04,g0O4vqL2Y7BHHstWJ-g43g,2026-04,True
lexington_avenue_036,n00693,3.716836229116418,OK,Pca_c5E00Uh5n3FLbeB2Gg,2026-04,Pca_c5E00Uh5n3FLbeB2Gg,2026-04,True
lexington_avenue_037,n00694,3.855225828251952,OK,oMgcqGZ9smvUIqZRGSHeRg,2026-04,oMgcqGZ9smvUIqZRGSHeRg,2026-04,True
lexington_avenue_038,n00695,3.951522557291831,OK,nSHZwBiGFhE6UL7wQEQlQw,2026-04,nSHZwBiGFhE6UL7wQEQlQw,2026-04,True
lexington_avenue_039,n00696,4.048573025758178,OK,iq3sn94G3VM4ea6c-IDZ4g,2026-04,iq3sn94G3VM4ea6c-IDZ4g,2026-04,True
lexington_avenue_040,n00377,3.3892588687943137,OK,VGhUmr_NyXuxqU-y_pwvPA,2026-04,VGhUmr_NyXuxqU-y_pwvPA,2026-04,True
lexington_avenue_041,n00698,4.186528006419209,OK,9A0AGCVP9hXMSsdpZyIw_w,2026-04,6jO9dP_sGtKNg81KV1mOcw,2026-04,False
lexington_avenue_042,n00699,4.186525857171008,OK,9jUhfxuhRBzD1iA2UxhFow,2026-04,Vt3N9Hn27CbOjrCBBqndkA,2026-04,False
lexington_avenue_043,n00700,4.284006044425396,OK,7oMSWlhHlGzt9tMnU54Wcw,2026-04,v1Cbp39WU6PMRRw_DMDmBg,2026-04,False
lexington_avenue_044,n00701,4.32363210664397,OK,P_6MeCqqgDsOjjzUca_Vcw,2026-04,6v4mi_poeq2vuU9xWPn1tg,2026-04,False
lexington_avenue_045,n00702,4.421801261299649,OK,30RCWmxB2baE6jsBzoF5PA,2026-04,pye5Ty8QS85oI4lkxJU9UQ,2026-04,False
lexington_avenue_046,n00703,4.462716602094604,OK,XUAWD4JdWwkwUsJ4_sk-aA,2026-04,iOz4S2ypqI7sZ7jpN3QRWg,2026-04,False
lexington_avenue_047,n00704,4.559697664449281,OK,RbPagxIFiGazyouGIBjQzg,2026-04,C5nnvbkO4CDIm2eg-EyNRQ,2026-04,False
lexington_avenue_048,n00471,1.815181007305737,OK,M85v_MAOD1YdWs52ZQLREg,2026-04,M85v_MAOD1YdWs52ZQLREg,2026-04,True
lexington_avenue_049,n00706,4.559693038843362,OK,ELGtaRPhHJz_gvJhCvuzww,2026-04,ELGtaRPhHJz_gvJhCvuzww,2026-04,True
lexington_avenue_050,n00707,4.795055398065113,OK,0U_YL4BqLT6PCQoCPUQp3g,2026-04,0U_YL4BqLT6PCQoCPUQp3g,2026-04,True
lexington_avenue_051,n00708,4.7950530343097135,OK,WYyorQeJhw5eZOPDmyLoXw,2026-04,WYyorQeJhw5eZOPDmyLoXw,2026-04,True
lexington_avenue_052,n00518,1.4530372361314665,OK,kOJmCPU6jeyhiUX5eTNCoQ,2026-04,kOJmCPU6jeyhiUX5eTNCoQ,2026-04,True
lexington_avenue_053,n00710,4.973909806317735,OK,CjMg2Wi60qaj-fLgkYM4Ug,2026-04,CjMg2Wi60qaj-fLgkYM4Ug,2026-04,True
lexington_avenue_054,n00711,4.973907157850171,OK,V6TZu_4-h7cnwZoYNVm4tg,2026-04,V6TZu_4-h7cnwZoYNVm4tg,2026-04,True
lexington_avenue_055,n00712,4.973904508089584,OK,fZUi2xh3a0VDfWCpxiqwNQ,2026-04,CAoSF0NJSE0wb2dLRUlDQWdJQ3F5LV9Db0FF,2021-04,False
lexington_avenue_056,n00565,3.3395387487885366,OK,zoBl-242v_cGuDgdof-gUg,2026-04,wirGGI_nltRT_ObxW-5AEQ,2026-04,False
lexington_avenue_057,n00714,5.112125653683668,OK,tHhnrK3SqudywaZT9DUl6Q,2026-04,g1TIRMFNxyyDk1MJ4CJ2Jg,2026-04,False
lexington_avenue_058,n00715,5.208845257655118,OK,CAoSF0NJSE0wb2dLRUlDQWdJQ0VvcUNHcXdF,2018-10,6pGkWXfDNO6dkE2MGY3ayA,2026-04,False
lexington_avenue_059,n00716,5.306124569079918,OK,hU1n3hneFjDmsBEYcDeVOg,2026-04,NNffdzYe-9uIGFdQfBhLnA,2026-04,False
lexington_avenue_060,n00717,5.346935087658868,OK,RmDmsum-KdwRsHoSkYzcjg,2026-04,LZaqgmmoVFhsYx7CIbcWUQ,2026-04,False
lexington_avenue_061,n00718,5.38875895149074,OK,CAoSF0NJSE0wb2dLRUlDQWdJQ0U3OFNuX1FF,2016-05,Nx_CXrKvrwz3LUUFAaxzfQ,2026-04,False
lexington_avenue_062,n00719,5.48509406726139,OK,dHYCPRSsnu2w4CAqJWJ0Cw,2026-04,zt4UqpoPIi3yNvFM98jisg,2026-04,False
lexington_avenue_063,n00720,5.485091163009484,OK,zDp1tNSQe2YMO_dBgrOvhw,2026-04,LkQkeM9q_yCNkyL0eEFwVA,2026-04,False
lexington_avenue_064,n00657,3.166382071694164,OK,o4IZd0RFIKuNguGR8Byo6g,2026-04,nbiARjK75-J-Bg87W7j8AA,2026-04,False
lexington_avenue_065,n00722,5.720010844396812,OK,xIYSU8oC8UIzyiBPz9rvFQ,2026-04,s_OJW1xjZoASlIUekJAHUQ,2026-04,False
madison_avenue_035,n00723,12.381065132297993,OK,HCWSXcjKeoTbqeyTXQ3gtQ,2026-04,0pm5gYHMr2SK0UHVegI5PQ,2026-04,False
madison_avenue_036,n00267,7.6878269539973205,OK,sc4HSCw5im2V-q6dWieFlg,2026-04,xafjbRtNoCmIfGPkeE3nHw,2026-04,False
madison_avenue_037,n00724,7.80653036542622,OK,dtcdpdRFZtkHL3ttsr2S0A,2026-04,1s8V7mnBoLuS23ExO1N1CQ,2026-04,False
madison_avenue_038,n00725,7.903020604123864,OK,Xd6sgl0dEteQhsNqrQ492g,2026-04,Xd6sgl0dEteQhsNqrQ492g,2026-04,True
madison_avenue_039,n00726,7.999887608247611,OK,cXetDvVhf4fi-7uWiArQhA,2026-04,cXetDvVhf4fi-7uWiArQhA,2026-04,True
madison_avenue_040,n00727,7.919284833390599,OK,Y2v2611i4bl2dZ6INw5XpA,2026-04,Y2v2611i4bl2dZ6INw5XpA,2026-04,True
madison_avenue_041,n00728,8.097113755540835,OK,2BvplyV8UsV0CKUVaj4LlA,2026-04,2BvplyV8UsV0CKUVaj4LlA,2026-04,True
madison_avenue_042,n00729,8.137941695432941,OK,NTQVaoBPnJz8g98v0Ac_eA,2026-04,ZByGY50ZuYl_Hx_RixghOQ,2026-04,False
madison_avenue_043,n00730,8.23503837062256,OK,gvOxGY-QcFb96K9DATPyBg,2026-04,gvOxGY-QcFb96K9DATPyBg,2026-04,True
madison_avenue_044,n00731,8.235034185894904,OK,lixmav_aQqPqRvASupnnXA,2026-04,lixmav_aQqPqRvASupnnXA,2026-04,True
madison_avenue_045,n00732,8.373013521391892,OK,n2EazOTMSmZCDYhJLB1aFA,2026-04,B8_YjTLlNoNFCo8Ilvez-Q,2026-04,False
madison_avenue_046,n00733,8.373009254310086,OK,TBdyoJpAk0KJ6rJKQxqcmA,2026-04,rwmrUclQdkQzqQh-DAVGig,2026-04,False
madison_avenue_047,n00734,8.511036760594074,OK,D_Vyhuw7LjFXCmZbMz0Yyw,2026-04,JUjZ_V6A5MgqIwnqLHa2Zw,2026-04,False
madison_avenue_048,n00408,5.253253087467208,OK,XOOhsEAV_Hq3lMzHXIfc_w,2026-04,XOOhsEAV_Hq3lMzHXIfc_w,2026-04,True
madison_avenue_049,n00736,8.511027968243578,OK,w0hVetQ4ywcQmRMH7p6yeg,2026-04,dnIsJumb_MxR6PHL7X11HQ,2026-04,False
madison_avenue_050,n00737,8.746163583046503,OK,aJR5BHSuZNfPSRYemR_oHg,2026-04,M_nuCViyjL5VRz8PdnTuIg,2026-04,False
madison_avenue_051,n00738,8.746159119785396,OK,3EYIfF4E7a3bTIvjXGphtw,2026-04,1e95vMcfk8baami3T8E7zQ,2026-04,False
madison_avenue_052,n00739,8.884154244628107,OK,swsdp0H5IqePmGz02hGnhA,2026-04,D33lkilfylGWD7rU0B-8Pw,2026-04,False
madison_avenue_053,n00740,8.843541005922162,OK,1_fWponcfc32C-bSUY1rFQ,2026-04,1_fWponcfc32C-bSUY1rFQ,2026-04,True
madison_avenue_054,n00741,8.98141175107396,OK,WHhK2rL_zkC2uWsFSPx9ZA,2026-04,MxscpxbTHKUpbMQsEDGIxw,2026-04,False
madison_avenue_055,n00742,9.078989380104753,OK,HpSj8Yf-ODR0vjnJYJmrrg,2026-04,Mvic7G0VY-IxUCmqW_VbhA,2026-04,False
madison_avenue_056,n00502,7.270185302166494,OK,HRpznOshLIdPS9MUCQtllA,2026-04,zpPPMlgKCF5gXjtYGRWDBA,2026-04,False
madison_avenue_057,n00744,9.119321526386345,OK,0MqSZwfFCcDx5-L3WgEJRw,2026-04,sTB7LbyCqDIaAaC3Zap46A,2026-04,False
madison_avenue_058,n00745,9.2167761205455,OK,6FAcudh9NZfesrcdqOh1xg,2026-04,sTvGhV0WnB-GA5sReTsE3Q,2026-04,False
madison_avenue_059,n00746,9.257281713274212,OK,mMPyRA0G4S2viMwsI_ywhA,2026-04,NyHAATmzSw0Rz35p3uIpPQ,2026-04,False
madison_avenue_060,n00549,8.667334796006802,OK,ocR8tjXRs7q2bq-7p3xoeg,2026-04,ocR8tjXRs7q2bq-7p3xoeg,2026-04,True
madison_avenue_061,n00748,9.39528579212747,OK,_0uSwGWhuwvZW1tBANgtjw,2026-04,gWCk8RaHAzWAxRbejrpn8w,2026-04,False
madison_avenue_062,n00749,9.492503558026637,OK,9jVhhM-s6AxyTeLS2yIk_Q,2026-04,R2D66FWvihTJCVVHGNx8Aw,2026-04,False
madison_avenue_063,n00750,9.533331795283642,OK,Cbb6aGKJZxoyi8tGC782Iw,2026-04,F-8wFYqsK1Yp7DT3ns6CRg,2026-04,False
madison_avenue_064,n00751,9.630435572776989,OK,71ZECEY9T5bzA7gPKwFREg,2026-04,kHna0nnlLbd9n7o3qYvMnA,2026-04,False
madison_avenue_065,n00752,9.671417949695963,OK,Ih6TQ_FDA0QZN57RBFE-9Q,2026-04,h8Xalkle41XwQgLbGFfqsA,2026-04,False
madison_avenue_066,n00753,9.671412877516886,OK,lSQygwLpOgZKwTZMiLhsbA,2026-04,KFv2fZjQmDIh4wvukP2p9A,2026-04,False
madison_avenue_067,n00754,9.76840554029728,OK,hx62zFnOHgKO_9Wg1h1Dig,2026-04,iMIeg9HBeMQ84nuSRPEWlA,2026-04,False
madison_avenue_068,n00641,9.62502618630539,OK,Bjfy0VLrqaW1f0Nxri8r_w,2026-04,TXqKzQiBZkOMYwRWyHeBHg,2026-04,False
madison_avenue_069,n00756,9.989528962855243,OK,Tmnpnt7KHmCP9oQr7_EDXg,2026-04,wqKJbzOKsegxz0A2RET4gQ,2026-04,False
park_avenue_west_008,n00152,11.115908390585759,OK,DfKq83xLZlK1UJz2Jg_KtQ,2026-04,43Pi6IRpO9uN5zEqpG0Lrg,2026-04,False
park_avenue_west_009,n00209,6.701662208694265,OK,oNcoVLSc8N-OjTG0fvVk4A,2026-04,43Pi6IRpO9uN5zEqpG0Lrg,2026-04,False
park_avenue_west_010,n00210,6.83957690166434,OK,TIrG-j7b4bYSrNQTyDxQWQ,2026-04,me0LIOTPjqW8L-K4OkqJUg,2026-04,False
park_avenue_west_011,n00211,6.880617972588219,OK,mS8jAvA3V01hcBfOpfPkdg,2026-04,mS8jAvA3V01hcBfOpfPkdg,2026-04,True
park_avenue_west_012,n00212,6.922445127032716,OK,1mlA5N8Q0teZyEbr4Q9UJw,2026-04,1mlA5N8Q0teZyEbr4Q9UJw,2026-04,True
park_avenue_west_013,n00213,7.018799024636574,OK,r-Xv4zDp_6-JJFz-zVpTug,2026-04,r-Xv4zDp_6-JJFz-zVpTug,2026-04,True
park_avenue_west_014,n00214,7.018795268211372,OK,DkGnQg4g-gw3rrG4Qb5HKg,2026-04,DkGnQg4g-gw3rrG4Qb5HKg,2026-04,True
park_avenue_west_015,n00215,7.115576490546311,OK,l8DkJaQhx5QrOF-ELlEEHg,2026-04,wPux7-Ajmh45EEi9PyAwhA,2026-04,False
park_avenue_west_016,n00216,7.157025549257228,OK,niPqBNHanWKDGQN-tsLv0g,2026-04,AZj5HR7gVzp8Bv0xDE00QQ,2026-04,False
park_avenue_west_017,n00369,6.329237550977635,OK,NPzWkb6o3CghlJc_ykPpKQ,2026-04,j_qTbaA-TW2S8PKTI9tB4w,2026-04,False
park_avenue_west_018,n00218,7.391801417501328,OK,EY0TsX9ef-5ymjZQ2_JwfA,2026-04,3MynJB90h6Itcu_1ITU-gw,2026-04,False
park_avenue_west_019,n00219,7.391797499787522,OK,L1w_BlhMuXSOIZUBTB3JIA,2026-04,5M8S1k7V93svI-j4m4zyzA,2026-04,False
park_avenue_west_020,n00220,7.350695833138848,OK,3ZilN7cs1cIZASRThIBK3Q,2026-04,al5TCQNdLtjsg62UPfAj7g,2026-04,False
park_avenue_west_021,n00415,3.8083428635747367,OK,f96jbOv3WAFQTDGsBI6FWA,2026-04,f96jbOv3WAFQTDGsBI6FWA,2026-04,True
park_avenue_west_022,n00222,7.626739841316534,OK,WA1kgeRbn45YH9YWAsp8Mw,2026-04,FFaZu_KulNmFxEtY96U3YQ,2026-04,False
park_avenue_west_023,n00223,7.626735873530853,OK,Dfh1tDLmohRIlccHju5AZQ,2026-04,Dfh1tDLmohRIlccHju5AZQ,2026-04,True
park_avenue_west_024,n00224,7.723877134924213,OK,GWMJF4CILLH_ocp9JPj_mA,2026-04,9mDvEBF7-dgVwdA3U8y63Q,2026-04,False
park_avenue_west_025,n00463,3.7503054843433503,OK,6jYbC-WOIVeBuD86-OSJFQ,2026-04,VcbJc1lGzoOq7J6XSt9bxw,2026-04,False
park_avenue_west_026,n00226,7.861833244332788,OK,EmM9bezwyrKt9e0829N2_Q,2026-04,ON6zBVH9EX7zHyAyjpb6GQ,2026-04,False
park_avenue_west_027,n00227,7.861829220531905,OK,jLe_YcABKX2s4eJ0wcjdgw,2026-04,LB3NE5BmisRvHS_BepBv3g,2026-04,False
park_avenue_west_028,n00228,7.999841135450253,OK,XCZwffIkJm0ne8qaZre_Kw,2026-04,TTFAqa-_zpknnUzDw5DQnA,2026-04,False
park_avenue_west_029,n00510,5.924667194789369,OK,ltK12NjeKyfU-fdmY-eB-A,2026-04,ltK12NjeKyfU-fdmY-eB-A,2026-04,True
park_avenue_west_030,n00230,8.097067989861483,OK,dKGb1zRVaqSRMAIMDDQWPQ,2026-04,dIOgegN969MqybRwb7vCIQ,2026-04,False
park_avenue_west_031,n00231,8.1946493160763,OK,cNatxEZhXgv6EpCvhVC3JA,2026-04,edpBcuvxP4eMgq7fno4fWg,2026-04,False
park_avenue_west_032,n00232,8.234991294387882,OK,df94jRD2Q9px9ICA55s08Q,2026-04,KDeqBEXZcS1JUxjF3hx90g,2026-04,False
park_avenue_west_033,n00557,1.0293825065690194,OK,3U3MsXOqGsdLQ0bO7H5yrg,2026-04,3U3MsXOqGsdLQ0bO7H5yrg,2026-04,True
park_avenue_west_034,n00234,8.27599494239197,OK,nSxSg9jxpnvgkxfA2mxM1Q,2026-04,zPHu8kFeVie3nb1Nl137lQ,2026-04,False
park_avenue_west_035,n00236,8.414147331258464,OK,QQy-iaF4xgc8DiGVNHA-ig,2026-04,0KyExbi8faARHpFN5syV6Q,2026-04,False
park_avenue_west_036,n00238,8.510988891942016,OK,rW94Mbdp6hrTJZfqtCkgpg,2026-04,YBE3kmaSnpypSWW04Ba2qw,2026-04,False
park_avenue_west_037,n00557,5.830143668580757,OK,3U3MsXOqGsdLQ0bO7H5yrg,2026-04,3U3MsXOqGsdLQ0bO7H5yrg,2026-04,True
park_avenue_west_038,n00235,2.832812124877567,OK,DhexN-k0OoCxKA8Up9LYjQ,2024-07,DhexN-k0OoCxKA8Up9LYjQ,2024-07,True
park_avenue_west_039,n00237,2.9290627857372646,OK,Clw-RYa5mVDBVcl925m_gg,2024-07,T1ZWyuHQCjr7KF3yIhTSUQ,2024-07,False
park_avenue_west_040,n00239,3.0263247932400206,OK,H_aDOgWMsQ_YXJTTlRn6jQ,2024-07,_dG0QcfE9v0TbgEUM0507w,2024-07,False
park_avenue_east_008,n00114,5.070882080922778,OK,8dcsoYSWNfJdgZH9R94U3A,2026-04,8dcsoYSWNfJdgZH9R94U3A,2026-04,True
park_avenue_east_009,n00115,4.916443158351809,OK,8qkpS_wAtFPlMtItoWI0iw,2026-04,8qkpS_wAtFPlMtItoWI0iw,2026-04,True
park_avenue_east_010,n00116,4.835792676980282,OK,_QvKtXNSgmC66-JeVbt0Mw,2026-04,_QvKtXNSgmC66-JeVbt0Mw,2026-04,True
park_avenue_east_011,n00117,4.835790140118161,OK,o3BPaXZcpDqtHL4tvYF4RA,2026-04,o3BPaXZcpDqtHL4tvYF4RA,2026-04,True
park_avenue_east_012,n00118,4.739253272866294,OK,r-V4vI2DSV0zXG9tXYkPoQ,2026-04,r-V4vI2DSV0zXG9tXYkPoQ,2026-04,True
park_avenue_east_013,n00119,4.697706002380931,OK,bzsGuvb1V6d5Ae1PFlPRYQ,2026-04,bzsGuvb1V6d5Ae1PFlPRYQ,2026-04,True
park_avenue_east_014,n00120,4.559709435570215,OK,CpacIjUi98DrNT3JKZAY6A,2026-04,CpacIjUi98DrNT3JKZAY6A,2026-04,True
park_avenue_east_015,n00121,4.559707121780442,OK,sXujW_LuO-PxH_eBFnLMkA,2026-04,sXujW_LuO-PxH_eBFnLMkA,2026-04,True
park_avenue_east_016,n00122,4.4218036257085656,OK,CK5iy91aho4M-3TdIMIG6g,2026-04,CK5iy91aho4M-3TdIMIG6g,2026-04,True
park_avenue_east_017,n00123,4.42180142314952,OK,ycmLfsklx-lHAxyi4i4tAQ,2026-04,ycmLfsklx-lHAxyi4i4tAQ,2026-04,True
park_avenue_east_018,n00124,4.421799221571433,OK,O890ExPfNmVwnilQPlTTLQ,2026-04,O890ExPfNmVwnilQPlTTLQ,2026-04,True
park_avenue_east_019,n00125,4.324570932212094,OK,5RZedEt508cAsB3t7HH9_Q,2026-04,5RZedEt508cAsB3t7HH9_Q,2026-04,True
park_avenue_east_020,n00126,4.186513262657549,OK,vifgrIr5Ir0Vydl0d_l-NA,2026-04,vifgrIr5Ir0Vydl0d_l-NA,2026-04,True
park_avenue_east_021,n00416,3.399016423059835,OK,BlyC9bZWbJJSM1eXcNAjlw,2026-04,BlyC9bZWbJJSM1eXcNAjlw,2026-04,True
park_avenue_east_022,n00128,4.089716255567337,OK,T_ZgIriK3mHpGJhM4lG54g,2026-04,T_ZgIriK3mHpGJhM4lG54g,2026-04,True
park_avenue_east_023,n00129,4.048548833336077,OK,2w6zsmnFi4KyKUdg4_2JEg,2026-04,2w6zsmnFi4KyKUdg4_2JEg,2026-04,True
park_avenue_east_024,n00130,3.951493554578743,OK,UUWYSVfhqWuFZa_McMSDug,2026-04,UUWYSVfhqWuFZa_McMSDug,2026-04,True
park_avenue_east_025,n00131,3.9514914735940505,OK,0oBFciNUutslp3SuqHhGgg,2026-04,0oBFciNUutslp3SuqHhGgg,2026-04,True
park_avenue_east_026,n00132,3.910692439168518,OK,jQ56E4EJ86hvjfTXD6QcwQ,2026-04,jQ56E4EJ86hvjfTXD6QcwQ,2026-04,True
park_avenue_east_027,n00133,3.7167977851304506,OK,99ltcoPMZKzrLr2wtGqt4g,2026-04,99ltcoPMZKzrLr2wtGqt4g,2026-04,True
park_avenue_east_028,n00134,3.675333481103638,OK,dW4QKQl3qkVwTJfM45heZw,2026-04,dW4QKQl3qkVwTJfM45heZw,2026-04,True
park_avenue_east_029,n00135,3.6753316245346372,OK,rM5tF0ar33DAemL55kZRxw,2026-04,ohb47A8Yzivy9Ina4hEf9g,2026-04,False
park_avenue_east_030,n00136,3.578486315628525,OK,Qy2yuSG9nfZahp0EyDI03A,2026-04,Qy2yuSG9nfZahp0EyDI03A,2026-04,True
park_avenue_east_031,n00137,3.4824868348720144,OK,pCRLF446XMkKqywK3mot_g,2026-04,pCRLF446XMkKqywK3mot_g,2026-04,True
park_avenue_east_032,n00138,3.4013676609036803,OK,9rX19T-7gd8eikjVAsXHPA,2026-04,9rX19T-7gd8eikjVAsXHPA,2026-04,True
park_avenue_east_033,n00140,3.2693457597391475,OK,vH42yswVrH1gTcCnaOvaew,2026-04,vH42yswVrH1gTcCnaOvaew,2026-04,True
park_avenue_east_034,n00139,1.1641532182693481e-10,OK,GlGDWEKb4yUoSSMokAiYlw,2026-04,GlGDWEKb4yUoSSMokAiYlw,2026-04,True
park_avenue_east_035,n00141,0.13946999107981967,OK,g5gjCjVOEWChkWQ85-YOhw,2024-09,g5gjCjVOEWChkWQ85-YOhw,2024-09,True
park_avenue_east_036,n00142,0.13946987493525514,OK,KZtpyQqXvUjjkc_zl66Qpw,2024-07,KZtpyQqXvUjjkc_zl66Qpw,2024-07,True
park_avenue_east_037,n00143,0.23753885485307735,OK,nmao-iaqH5YVKmM5GF61Qg,2024-09,nmao-iaqH5YVKmM5GF61Qg,2024-09,True
park_avenue_bridge_west_001,n00240,9.630463139328944,OK,rW94Mbdp6hrTJZfqtCkgpg,2026-04,Bgh50o-QKaqI9yHez7q1fg,2026-04,False
park_avenue_bridge_west_002,n00603,6.673218206146477,OK,GBuy-MZ1BNY6RN5rCLaAlQ,2026-04,03adPYSS-9RFJd85ta395A,2026-04,False
park_avenue_bridge_west_003,n00145,9.533344765546428,OK,uGoihe3jazyS0wDzcsp54w,2026-04,85pdfEBdqqoJ33RT4xF4Bw,2026-04,False
park_avenue_bridge_west_004,n00146,9.395283983050868,OK,EWUapkSA-uchK7GAqgBGzw,2026-04,FI_ybNhE87x7pdnKdwJvhw,2026-04,False
park_avenue_bridge_west_005,n00147,9.395279135008037,OK,G7TSy3g7DVOi3z4zBF7rHA,2026-04,SvG98tr7dZt62b6zB1JP7w,2026-04,False
park_avenue_bridge_west_006,n00649,5.840039666756076,OK,bmeRby9TLRzR-XYTFNkIcw,2026-04,t3xm6w6DCeEG3FWmuzXCZA,2026-04,False
park_avenue_bridge_west_007,n00242,6.7507044911037655,OK,zWFnXvxzu6B_deBf7sJmCQ,2026-04,mPUv_eOGXDa7kCm5ccibXQ,2026-04,False
park_avenue_bridge_west_008,n00244,6.857149130293924,OK,gF7K5FZ3A0t2jcTdKmC1ng,2026-04,00Hc18QJMvz49_KLaimLww,2026-04,False
park_avenue_bridge_west_009,n00243,6.862327998654825,OK,-0cFCWYIrnsJN-7-iGJHVA,2026-04,phlbhWH75mgCmQsWmuR55w,2026-04,False
park_avenue_bridge_west_010,n00245,6.9403139436031935,OK,-V8AA2VobbuLSexpH-wiXA,2026-04,LaASWtKuqdokbkB8ef_GLg,2026-04,False
park_avenue_bridge_east_001,n00148,0.0,OK,2eazXcWj-vJfvH83bHs7-w,2026-04,2eazXcWj-vJfvH83bHs7-w,2026-04,True
park_avenue_bridge_east_002,n00149,0.08442337964457422,OK,nhmgT5TPsAZ9_8yFR2EdnA,2026-04,nhmgT5TPsAZ9_8yFR2EdnA,2026-04,True
park_avenue_bridge_east_003,n00150,0.08442349267033492,OK,NbcB2BO410gKBB9M3CJe0g,2026-04,NbcB2BO410gKBB9M3CJe0g,2026-04,True
park_avenue_bridge_east_004,n00151,0.08442355844900544,OK,6JvazaFjaQ6NVAiUQYdU8w,2026-04,6JvazaFjaQ6NVAiUQYdU8w,2026-04,True
park_avenue_tunnel_2_004,n00152,11.496733980976238,OK,8dcsoYSWNfJdgZH9R94U3A,2026-04,43Pi6IRpO9uN5zEqpG0Lrg,2026-04,False
park_avenue_tunnel_2_005,n00190,4.559673466028952,OK,CAoSF0NJSE0wb2dLRUlDQWdJRDR4dUtlN1FF,2016-01,rkc0SsJAv40eu_j44sY5CA,2026-04,False
park_avenue_tunnel_2_006,n00192,4.643316932892574,OK,edpBcuvxP4eMgq7fno4fWg,2026-04,edpBcuvxP4eMgq7fno4fWg,2026-04,True
park_avenue_tunnel_2_007,n00194,4.643314328840978,OK,KDeqBEXZcS1JUxjF3hx90g,2026-04,KDeqBEXZcS1JUxjF3hx90g,2026-04,True
park_avenue_tunnel_2_008,n00196,4.6868559302731345,OK,vH42yswVrH1gTcCnaOvaew,2026-04,9rX19T-7gd8eikjVAsXHPA,2026-04,False
park_avenue_tunnel_tunnel_001,n00152,0.0,OK,43Pi6IRpO9uN5zEqpG0Lrg,2026-04,43Pi6IRpO9uN5zEqpG0Lrg,2026-04,True
park_avenue_tunnel_tunnel_002,n00154,0.08442982910629568,OK,O6I5LHBMTxflbZb3whSJUQ,2026-04,O6I5LHBMTxflbZb3whSJUQ,2026-04,True
park_avenue_tunnel_tunnel_003,n00156,0.13947268642168284,OK,BvRFhjAenEZn5eEPIGYbow,2026-04,BvRFhjAenEZn5eEPIGYbow,2026-04,True
park_avenue_tunnel_tunnel_004,n00158,0.2020831152149852,OK,_tGMU6hbFV-rqb7DxTPHdQ,2026-04,_tGMU6hbFV-rqb7DxTPHdQ,2026-04,True
park_avenue_tunnel_tunnel_005,n00160,0.23754026347323065,OK,yb_1nYypvIbQe8-2vQoJow,2026-04,yb_1nYypvIbQe8-2vQoJow,2026-04,True
park_avenue_tunnel_tunnel_006,n00162,0.278944677636034,OK,pOSwsJ8_SvbYU8zy2QsbwQ,2026-04,pOSwsJ8_SvbYU8zy2QsbwQ,2026-04,True
park_avenue_tunnel_tunnel_007,n00164,0.37340509611119804,OK,l6WAUWLHrV3oqv2LCSFrJA,2026-04,l6WAUWLHrV3oqv2LCSFrJA,2026-04,True
park_avenue_tunnel_tunnel_008,n00166,0.3734049321066076,OK,l8DkJaQhx5QrOF-ELlEEHg,2026-04,l8DkJaQhx5QrOF-ELlEEHg,2026-04,True
park_avenue_tunnel_tunnel_009,n00168,0.511216054776069,OK,CK5iy91aho4M-3TdIMIG6g,2026-04,CK5iy91aho4M-3TdIMIG6g,2026-04,True
park_avenue_tunnel_tunnel_010,n00170,0.5112157776247945,OK,j_qTbaA-TW2S8PKTI9tB4w,2026-04,j_qTbaA-TW2S8PKTI9tB4w,2026-04,True
park_avenue_tunnel_tunnel_011,n00171,0.6497356766670427,OK,O890ExPfNmVwnilQPlTTLQ,2026-04,O890ExPfNmVwnilQPlTTLQ,2026-04,True
park_avenue_tunnel_tunnel_012,n00172,0.6497352891691406,OK,5RZedEt508cAsB3t7HH9_Q,2026-04,5RZedEt508cAsB3t7HH9_Q,2026-04,True
park_avenue_tunnel_tunnel_013,n00173,0.7885903674494328,OK,vifgrIr5Ir0Vydl0d_l-NA,2026-04,vifgrIr5Ir0Vydl0d_l-NA,2026-04,True
park_avenue_tunnel_tunnel_014,n00174,0.788589865674371,OK,2JpKWzdM16bMz3j32cgJ8A,2026-04,2JpKWzdM16bMz3j32cgJ8A,2026-04,True
park_avenue_tunnel_tunnel_015,n00176,0.927629464013916,OK,WA1kgeRbn45YH9YWAsp8Mw,2026-04,WA1kgeRbn45YH9YWAsp8Mw,2026-04,True
park_avenue_tunnel_tunnel_016,n00178,0.9276288445018152,OK,HMxVCFQTpYHqC5RLUeHTmg,2026-04,HMxVCFQTpYHqC5RLUeHTmg,2026-04,True
park_avenue_tunnel_tunnel_017,n00180,1.0224276960067376,OK,GWMJF4CILLH_ocp9JPj_mA,2026-04,GWMJF4CILLH_ocp9JPj_mA,2026-04,True
park_avenue_tunnel_tunnel_018,n00182,1.1202098535661873,OK,VcbJc1lGzoOq7J6XSt9bxw,2026-04,VcbJc1lGzoOq7J6XSt9bxw,2026-04,True
park_avenue_tunnel_tunnel_019,n00184,1.1608319313151947,OK,LB3NE5BmisRvHS_BepBv3g,2026-04,LB3NE5BmisRvHS_BepBv3g,2026-04,True
park_avenue_tunnel_tunnel_020,n00186,1.2576528514172196,OK,TTFAqa-_zpknnUzDw5DQnA,2026-04,TTFAqa-_zpknnUzDw5DQnA,2026-04,True
park_avenue_tunnel_tunnel_021,n00188,1.2994635810154467,OK,wXme8kfEA6KHSiWrJZZzMA,2019-06,wXme8kfEA6KHSiWrJZZzMA,2019-06,True
park_avenue_tunnel_tunnel_022,n00190,1.3954976412245133,OK,rkc0SsJAv40eu_j44sY5CA,2026-04,rkc0SsJAv40eu_j44sY5CA,2026-04,True
queens_midtown_tunnel_tunnel_south_028,n00027,12.440545260751836,OK,NSC7jn_QzeGtRKqBISonHw,2026-04,Xro_CQMmdwj3em3ijnvFCQ,2026-04,False
queens_midtown_tunnel_tunnel_south_029,n00025,10.336818074140757,OK,9Jn5xllP1abn_L2E83MM7w,2026-04,FTly5K7kri5lW3S9yIAJkQ,2026-04,False
queens_midtown_tunnel_tunnel_south_056,n00029,13.300798212887617,OK,guM0Pc7HzY-QfBNs58p5Sw,2026-04,NG_enqdDCeNDp80I1Q2OtQ,2026-04,False
queens_midtown_tunnel_tunnel_south_057,n00027,8.342255727931848,OK,NSC7jn_QzeGtRKqBISonHw,2026-04,Xro_CQMmdwj3em3ijnvFCQ,2026-04,False
queens_midtown_tunnel_tunnel_south_058,n00025,5.373467690612727,OK,9Jn5xllP1abn_L2E83MM7w,2026-04,FTly5K7kri5lW3S9yIAJkQ,2026-04,False
queens_midtown_tunnel_tunnel_north_024,n00640,7.531611598075478,OK,D0m3SyPzAmuNrSzXhivNww,2014-08,FPQ2tXIGJoWuAAOQixCNag,2017-09,False
queens_midtown_tunnel_tunnel_north_026,n00033,12.405965814185933,OK,zxi0Y2GY4by64gC5FbWDKg,2026-04,R6R5nH8fiMVjOxFy5GHdAQ,2026-04,False
queens_midtown_tunnel_tunnel_north_027,n00031,9.53247231991405,OK,ErF8AJek78E85rarSImXFg,2026-04,V7S7Jk9pULdcXEdre1XHww,2026-04,False
queens_midtown_tunnel_tunnel_north_028,n00028,7.945518197994238,OK,1RjPsThotgCEEtdVFgXZow,2026-04,NG_enqdDCeNDp80I1Q2OtQ,2026-04,False
queens_midtown_tunnel_tunnel_north_029,n00026,5.847005609255564,OK,usCmfvjhAafDlMzQZ3sChQ,2026-04,Xro_CQMmdwj3em3ijnvFCQ,2026-04,False
queens_midtown_tunnel_tunnel_north_030,n00024,5.712761726639683,OK,cKf0MiXtR5fwKI3GxhBVQQ,2026-04,cKf0MiXtR5fwKI3GxhBVQQ,2026-04,True
queens_midtown_tunnel_tunnel_north_054,n00640,5.459039091626912,OK,D0m3SyPzAmuNrSzXhivNww,2014-08,FPQ2tXIGJoWuAAOQixCNag,2017-09,False
queens_midtown_tunnel_tunnel_north_055,n00035,10.823027345151372,OK,HXRhR2lMQRJEuwU5KXEy4w,2026-04,CgwmoI5veAP5jkgmg2ee6g,2026-04,False
queens_midtown_tunnel_tunnel_north_056,n00033,8.167175715055526,OK,R6R5nH8fiMVjOxFy5GHdAQ,2026-04,R6R5nH8fiMVjOxFy5GHdAQ,2026-04,True
queens_midtown_tunnel_tunnel_north_057,n00031,5.321188962206545,OK,jG2oqGXEdofIIbalslXAoA,2026-04,V7S7Jk9pULdcXEdre1XHww,2026-04,False
queens_midtown_tunnel_tunnel_north_058,n00028,3.0880286549415645,OK,1RjPsThotgCEEtdVFgXZow,2026-04,NG_enqdDCeNDp80I1Q2OtQ,2026-04,False
queens_midtown_tunnel_tunnel_north_059,n00026,2.428317274229889,OK,usCmfvjhAafDlMzQZ3sChQ,2026-04,Xro_CQMmdwj3em3ijnvFCQ,2026-04,False
queens_midtown_tunnel_tunnel_north_060,n00024,3.292757612918659,OK,cKf0MiXtR5fwKI3GxhBVQQ,2026-04,cKf0MiXtR5fwKI3GxhBVQQ,2026-04,True
queens_midtown_tunnel_tunnel_west_002,n00450,7.608174464262112,OK,gjaZW6dr_XHeKmdq4tS1Ug,2026-04,pbaapGBx1ACVu1VJBN1pJw,2026-04,False
queens_midtown_tunnel_tunnel_west_003,n00451,6.948553622470873,OK,rs9FB4Zjr5oaTmw6zwW4Zw,2021-05,Wc3Za0uN6mxNmfmuXHkfeQ,2024-09,False
queens_midtown_tunnel_tunnel_west_007,n00016,10.581943867985894,OK,x6g9aMBCIwSXiRibk-NVdw,2026-04,sw6tbaXaZWpclH47HnHFVg,2026-04,False
queens_midtown_tunnel_tunnel_west_008,n00017,7.242233666437124,OK,jvA_qduowehCqn7nYB6-HA,2026-04,uwurmuX8C2FUhEs_vYQNgw,2026-04,False
queens_midtown_tunnel_tunnel_west_009,n00018,7.115624308455962,OK,Xf909Fxb-mSfaeA-k0OCnw,2026-04,E39Q5r_kKEXgUdkOWWnkGQ,2026-04,False
queens_midtown_tunnel_tunnel_west_010,n00019,7.337743075047936,OK,W7SqqKmEZPjgg8kdLZZf_Q,2026-04,MRCQSipmx5vssWtfHLFHxg,2026-04,False
queens_midtown_tunnel_tunnel_west_011,n00020,7.57205957750665,OK,lOkXltl3UGCEpqh38soYuA,2026-04,Rs2vs6n-RAyu-jJ47KEYXQ,2026-04,False
queens_midtown_tunnel_tunnel_west_012,n00021,8.302950406409442,OK,XEqkruf_lJ0EF_hRJf3NWQ,2026-04,NqxZwBcKWcQuhdbtVYHYjA,2026-04,False
queens_midtown_tunnel_tunnel_west_013,n00023,6.895598887298621,OK,pSeFIxMnRjwPGCZxJJfs_Q,2026-04,pSeFIxMnRjwPGCZxJJfs_Q,2026-04,True
queens_midtown_tunnel_tunnel_west_014,n00449,13.048339357880279,OK,C3JEENDO_G84bZINdY6s4Q,2026-04,CYMkeBh1FoXvJU5YUUGOBw,2024-09,False
queens_midtown_tunnel_tunnel_west_015,n00450,5.46059903888661,OK,gjaZW6dr_XHeKmdq4tS1Ug,2026-04,pbaapGBx1ACVu1VJBN1pJw,2026-04,False
queens_midtown_tunnel_tunnel_west_016,n00451,10.93012118043003,OK,n2odV1h462knnB6VWV9KbA,2026-04,Wc3Za0uN6mxNmfmuXHkfeQ,2024-09,False
queens_midtown_tunnel_tunnel_west_020,n00500,9.10243636252011,OK,x6g9aMBCIwSXiRibk-NVdw,2026-04,4gZeGl6UZ9LrL7m5EaTNeg,2026-04,False
queens_midtown_tunnel_tunnel_west_021,n00017,12.961057421876298,OK,jvA_qduowehCqn7nYB6-HA,2026-04,uwurmuX8C2FUhEs_vYQNgw,2026-04,False
queens_midtown_tunnel_tunnel_west_022,n00018,13.0950072037056,OK,Q-uXxp5JazIrIMAaHg7uig,2026-04,E39Q5r_kKEXgUdkOWWnkGQ,2026-04,False
queens_midtown_tunnel_tunnel_west_023,n00019,13.426047111653608,OK,dTcr4wnNVfyFOXjQMOp67Q,2026-04,MRCQSipmx5vssWtfHLFHxg,2026-04,False
queens_midtown_tunnel_tunnel_west_024,n00547,9.600403426845775,OK,8SqEgHXADnn30BU5zkWDwA,2026-04,dY1xfHLB0igeYnh2NH5XLQ,2026-04,False
queens_midtown_tunnel_tunnel_west_025,n00021,14.406184621957932,OK,ZOtsYP1HzlVeArSdzOCtxw,2026-04,NqxZwBcKWcQuhdbtVYHYjA,2026-04,False
queens_midtown_tunnel_tunnel_west_026,n00023,12.324914941194356,OK,j4P_E7oSRoA3M60F6Vuc7g,2026-04,pSeFIxMnRjwPGCZxJJfs_Q,2026-04,False
queens_midtown_tunnel_tunnel_east_002,n00453,2.019702788929637,OK,hprRNLeIOZoehQnj0NRJJw,2026-04,hprRNLeIOZoehQnj0NRJJw,2026-04,True
queens_midtown_tunnel_tunnel_east_003,n00014,8.16208598710637,OK,eAoDIGgpoOMk-jmsA9BJ2Q,2026-04,nBnuMvFyIMPRiZFIU_7Kqg,2026-04,False
queens_midtown_tunnel_tunnel_east_004,n00015,9.010284567740378,OK,PYY9VBd0E9ETwil1qyoaiA,2026-04,_EP7GcHB2pV9c18rdZ9w5w,2026-04,False
queens_midtown_tunnel_tunnel_east_005,n00016,11.76845145545216,OK,z7MH1trUaXBSO6PD0SuUyQ,2026-04,sw6tbaXaZWpclH47HnHFVg,2026-04,False
queens_midtown_tunnel_tunnel_east_006,n00501,9.893622264089974,OK,s9FRvJyr2CZMjuy5F9yhEg,2026-04,LeMyijIQx_rKZZLO8HRNBw,2026-04,False
queens_midtown_tunnel_tunnel_east_007,n00018,11.98492757237909,OK,QU9Ll1kIvelYWtHSP4Ir4Q,2026-04,E39Q5r_kKEXgUdkOWWnkGQ,2026-04,False
queens_midtown_tunnel_tunnel_east_008,n00019,12.004835557664604,OK,JrVVFDS5Py2Thekm3q53_w,2026-04,MRCQSipmx5vssWtfHLFHxg,2026-04,False
queens_midtown_tunnel_tunnel_east_009,n00020,12.067908693983625,OK,5mawP9E_uad9jUWdy9PZiw,2026-04,Rs2vs6n-RAyu-jJ47KEYXQ,2026-04,False
queens_midtown_tunnel_tunnel_east_010,n00548,8.094142983706757,OK,YpfFgSWBMqgQQJUD4HmH9Q,2026-04,Y01Mt0kSWGgvZEacPxCnMA,2026-04,False
queens_midtown_tunnel_tunnel_east_011,n00022,12.112715446093341,OK,m-jdqPtOri2Xhh7Rajge3g,2026-04,pSeFIxMnRjwPGCZxJJfs_Q,2026-04,False
queens_midtown_tunnel_tunnel_east_012,n00023,11.680529927201327,OK,dZcFUsNpOXJBl5DfL0ggug,2026-04,pSeFIxMnRjwPGCZxJJfs_Q,2026-04,False
queens_midtown_tunnel_tunnel_east_014,n00453,6.736635106265023,OK,hprRNLeIOZoehQnj0NRJJw,2026-04,hprRNLeIOZoehQnj0NRJJw,2026-04,True
queens_midtown_tunnel_tunnel_east_015,n00014,8.948591498614814,OK,eAoDIGgpoOMk-jmsA9BJ2Q,2026-04,nBnuMvFyIMPRiZFIU_7Kqg,2026-04,False
queens_midtown_tunnel_tunnel_east_016,n00015,6.763421531396273,OK,PYY9VBd0E9ETwil1qyoaiA,2026-04,_EP7GcHB2pV9c18rdZ9w5w,2026-04,False
queens_midtown_tunnel_tunnel_east_017,n00016,7.808105524072866,OK,-FOmmEIaWWD3ZzuWiJdvgg,2026-04,sw6tbaXaZWpclH47HnHFVg,2026-04,False
queens_midtown_tunnel_tunnel_east_018,n00501,5.447983950020753,OK,LeMyijIQx_rKZZLO8HRNBw,2026-04,LeMyijIQx_rKZZLO8HRNBw,2026-04,True
queens_midtown_tunnel_tunnel_east_019,n00018,7.889289522929834,OK,XPmqzPGG9YcEIxXeQOWOPw,2026-04,E39Q5r_kKEXgUdkOWWnkGQ,2026-04,False
queens_midtown_tunnel_tunnel_east_020,n00019,7.886126735147877,OK,7wd90eT_SuMVnXM5-cP8iA,2026-04,MRCQSipmx5vssWtfHLFHxg,2026-04,False
queens_midtown_tunnel_tunnel_east_021,n00020,7.882058368860015,OK,TPbSs-8PuouytJxMm_WCKA,2026-04,Rs2vs6n-RAyu-jJ47KEYXQ,2026-04,False
queens_midtown_tunnel_tunnel_east_022,n00548,3.7561700554205637,OK,YpfFgSWBMqgQQJUD4HmH9Q,2026-04,Y01Mt0kSWGgvZEacPxCnMA,2026-04,False
queens_midtown_tunnel_tunnel_east_023,n00022,7.886127806677174,OK,m-jdqPtOri2Xhh7Rajge3g,2026-04,pSeFIxMnRjwPGCZxJJfs_Q,2026-04,False
tudor_city_place_001,n00757,0.0,OK,CAoSF0NJSE0wb2dLRUlDQWdJQzQ5NGJxMUFF,2015-09,qQE2Fc8kEFK1DyNq3Vq8xw,2021-05,False
tudor_city_place_002,n00758,0.11101493374961245,OK,16XK7dWFDYfHneEdmKmrBg,2021-05,16XK7dWFDYfHneEdmKmrBg,2021-05,True
tudor_city_place_003,n00759,0.11101493745569962,OK,dBK3wbHpBYkDsE8v5_resA,2021-05,dBK3wbHpBYkDsE8v5_resA,2021-05,True
tudor_city_place_004,n00760,0.2789442164924672,OK,BbTm7q5sDV9IyO3uoEYIrA,2026-04,BbTm7q5sDV9IyO3uoEYIrA,2026-04,True
tudor_city_place_005,n00765,0.23754029974576257,OK,maoUAmqcfVdJE5hDX_9uUA,2026-04,maoUAmqcfVdJE5hDX_9uUA,2026-04,True
tudor_city_place_006,n00763,0.37340490289746664,OK,fCh1f_neXfy3b9ps_PBv6A,2026-04,fCh1f_neXfy3b9ps_PBv6A,2026-04,True
tudor_city_place_007,n00762,0.4184152932556688,OK,vv7pbkNvNaXRwrk24rHv6g,2026-04,vv7pbkNvNaXRwrk24rHv6g,2026-04,True
tudor_city_place_008,n00764,3.5785066915130628,OK,Z5KcQlZBHMCtvkQrjWWaEA,2026-04,Z5KcQlZBHMCtvkQrjWWaEA,2026-04,True
tunnel_approach_street_001,n00153,0.0,OK,6zAkCBSpU3M99ZZXtIStTA,2026-04,6zAkCBSpU3M99ZZXtIStTA,2026-04,True
tunnel_approach_street_002,n00155,0.0,OK,Uezmj67xluIzkiqX9zGqAQ,2026-04,Uezmj67xluIzkiqX9zGqAQ,2026-04,True
tunnel_approach_street_003,n00157,0.11101479534597988,OK,2Ghb6OkMc5bt25lTNDfJiQ,2026-04,2Ghb6OkMc5bt25lTNDfJiQ,2026-04,True
tunnel_approach_street_004,n00159,0.23754160121617116,OK,zlQ1RQVN6JnIQHMeimfkyw,2026-04,zlQ1RQVN6JnIQHMeimfkyw,2026-04,True
tunnel_approach_street_005,n00161,0.278948900453399,OK,F106toC2b2kwsUMtqssyWw,2026-04,F106toC2b2kwsUMtqssyWw,2026-04,True
tunnel_approach_street_006,n00163,0.34358026251280227,OK,yFY5Olb08EaDewr2zfOhYg,2026-04,yFY5Olb08EaDewr2zfOhYg,2026-04,True
tunnel_approach_street_007,n00165,0.37340818980968626,OK,4TvHYHozjXp6GAu4AhwgsA,2026-04,4TvHYHozjXp6GAu4AhwgsA,2026-04,True
tunnel_approach_street_008,n00167,0.4750827120346591,OK,mN-VW6LAzthU37Uk2xmhKg,2026-04,mN-VW6LAzthU37Uk2xmhKg,2026-04,True
tunnel_approach_street_009,n00169,0.5112210617752715,OK,LMyv0fmBA75Ki8i0-uIQbg,2026-04,LMyv0fmBA75Ki8i0-uIQbg,2026-04,True
tunnel_approach_street_010,n00446,0.47698199440527567,OK,25YdfkuLrcKfLecFzHSKhg,2021-05,25YdfkuLrcKfLecFzHSKhg,2021-05,True
tunnel_approach_street_011,n00175,3.3022165008268605,OK,eDRB_ofdhGNs29yweu_UKA,2026-04,eDRB_ofdhGNs29yweu_UKA,2026-04,True
tunnel_approach_street_012,n00177,3.360662889196811,OK,S4TVHlHbrYDNl36JF9napg,2026-04,S4TVHlHbrYDNl36JF9napg,2026-04,True
tunnel_approach_street_013,n00179,3.344042793088817,OK,KhIQWwac53i57_yxIszU1w,2026-04,KhIQWwac53i57_yxIszU1w,2026-04,True
tunnel_approach_street_014,n00181,3.440319422528195,OK,zGpITbm_5nOQqrx7AtFYKw,2026-04,zGpITbm_5nOQqrx7AtFYKw,2026-04,True
tunnel_approach_street_015,n00183,3.4403176016905364,OK,qaKyGpgW-tvzEjfbEUBTFg,2026-04,qaKyGpgW-tvzEjfbEUBTFg,2026-04,True
tunnel_approach_street_016,n00185,3.5785294965426835,OK,3BODPAq_Rnj-6WhKBvgM2g,2026-04,3BODPAq_Rnj-6WhKBvgM2g,2026-04,True
tunnel_approach_street_017,n00187,3.6753700443278254,OK,a3lnysQM1vcaJ9j53VypIg,2026-04,a3lnysQM1vcaJ9j53VypIg,2026-04,True
tunnel_approach_street_018,n00189,3.6753681835517145,OK,yZ-3BX_7ZWQBpcZHoNsgAg,2026-04,yZ-3BX_7ZWQBpcZHoNsgAg,2026-04,True
tunnel_approach_street_019,n00191,3.813393239078358,OK,XradH4r1dAvc3DcPVHthiA,2026-04,XradH4r1dAvc3DcPVHthiA,2026-04,True
tunnel_approach_street_020,n00193,3.8133912549267905,OK,Ab_YHCWJSLGTmA3sfbaEag,2026-04,nEZR_V8aBE-MgRejKJSsXA,2026-04,False
tunnel_approach_street_021,n00195,3.910718692229882,OK,3sJ_u-A2VMVYgOXaanav5g,2026-04,C2DY5IH4XjNl2f2knp9PHQ,2026-04,False
tunnel_exit_street_001,n00246,4.600992950579993,OK,4oZdWtcunfl_u20E3lWqNw,2026-04,f_exQ_6vZTaR6zR_eE7lrQ,2023-05,False
tunnel_exit_street_002,n00247,4.548205176557828,OK,5zJ4KmGYeRBA0EY7Zz3pFg,2023-05,5zJ4KmGYeRBA0EY7Zz3pFg,2023-05,True
tunnel_exit_street_003,n00248,4.40640222677026,OK,8r51w3vqGW-snLd05haDXA,2023-05,8r51w3vqGW-snLd05haDXA,2023-05,True
tunnel_exit_street_004,n00249,4.36301146165451,OK,iw_mIaQY-P432SCzmF0S0g,2023-05,iw_mIaQY-P432SCzmF0S0g,2023-05,True
tunnel_exit_street_005,n00250,4.223603080563436,OK,9bTYqTOub_YrMD5CsMCIUA,2026-04,9bTYqTOub_YrMD5CsMCIUA,2026-04,True
tunnel_exit_street_006,n00251,9.313225746154785e-10,OK,OA_b1wdPARfVAfChpaD-jA,2026-04,OA_b1wdPARfVAfChpaD-jA,2026-04,True
tunnel_exit_street_007,n00252,0.0,OK,UuD-75lVAWXXPZarFwRdJQ,2026-04,UuD-75lVAWXXPZarFwRdJQ,2026-04,True
tunnel_exit_street_008,n00253,0.1394725733791489,OK,mTrRTvMP3dfXsCJCNNLu1w,2026-04,mTrRTvMP3dfXsCJCNNLu1w,2026-04,True
tunnel_exit_street_009,n00254,0.1394724549855095,OK,KhuFDidB5zjM9EFLw6XEtg,2026-04,KhuFDidB5zjM9EFLw6XEtg,2026-04,True
tunnel_exit_street_010,n00255,0.27894467478134727,OK,-lrj8oxmhKb412kuYRmXAg,2026-04,-lrj8oxmhKb412kuYRmXAg,2026-04,True
tunnel_exit_street_011,n00256,0.37340526204605246,OK,lNXZ7eak8s6O5DcBeaECSQ,2026-04,lNXZ7eak8s6O5DcBeaECSQ,2026-04,True
tunnel_exit_street_012,n00257,0.4750804725503139,OK,C6vSBJXvkr_ChnQlQ-QCGw,2026-04,C6vSBJXvkr_ChnQlQ-QCGw,2026-04,True
tunnel_exit_street_013,n00258,0.41841597629237537,OK,UlGi-37a4CbL1uEHnGc50g,2026-04,UlGi-37a4CbL1uEHnGc50g,2026-04,True
tunnel_exit_street_014,n00259,0.5112159474646725,OK,DKwsDRmI4KT6S3fGtU3X2g,2026-04,DKwsDRmI4KT6S3fGtU3X2g,2026-04,True
tunnel_exit_street_015,n00260,0.6497358464133166,OK,rgIRXA9l-Oqz3SThUgW0-Q,2026-04,rgIRXA9l-Oqz3SThUgW0-Q,2026-04,True
tunnel_exit_street_016,n00261,0.6497354580957968,OK,mT-ETG1UTtQ4ePjM-R0wxg,2026-04,mT-ETG1UTtQ4ePjM-R0wxg,2026-04,True
tunnel_exit_street_017,n00262,0.7885905385208969,OK,ZFJpxkcXtQYcKWagxTKcHQ,2026-04,ZFJpxkcXtQYcKWagxTKcHQ,2026-04,True
tunnel_exit_street_018,n00263,0.8843586476520868,OK,W0wa4Q-4HYDIM3stpA0WsA,2026-04,W0wa4Q-4HYDIM3stpA0WsA,2026-04,True
tunnel_exit_street_019,n00264,0.8843582068062809,OK,9jqBnqrxM6cMsEgeK94Yzg,2026-04,9jqBnqrxM6cMsEgeK94Yzg,2026-04,True
tunnel_exit_street_020,n00265,0.9833378236880034,OK,tf7yvEgFAKZiE_wFzh5b8A,2026-04,g-IUL3zdz1v-O2vhPPQN6w,2026-04,False
tunnel_exit_street_021,n00266,1.0224280300088329,OK,9rZJuwIL2XiMHVRsWEwO2A,2026-04,vjpZuROuDPWw3dNRJFQPeA,2026-04,False
