node_id,H_m,VEI,Wc,Wb,face_id,hwc,hwb
n00000,12.737592,0.7572749729537567,,37.91513840589474,f1,,0.3359500330353446
n00001,27.459432000000003,0.7494814100794457,,,f1,,
n00002,41.86732800000001,0.8050657532559079,67.43173828269983,67.38558875663485,f1,0.6208846022102535,0.621309819688675
n00003,41.86732800000001,0.8497553498720423,68.46637894300804,69.70373976463146,f1,0.611502005018415,0.6006467965904464
n00004,33.569713660032,0.7760906129185163,67.34635764720352,67.59101642152257,f1,0.4984636858297257,0.4966593999811877
n00005,26.483592830016,0.6871678155598397,,,f1,,
n00006,99.080856830016,0.6893878035142189,58.209976002070164,58.99567092680267,f1,1.7021284603603395,1.679459785328113
n00007,99.080856830016,0.6748072135076166,57.58034168249005,57.82381787728213,f1,1.7207410365219504,1.7134955882763143
n00008,99.080856830016,0.6774725230797686,,,f1,,
n00009,164.592,0.5985825264923436,,,f1,,
n00010,99.9744,0.5878376102486164,,,f1,,
n00011,99.9744,0.5951006692478065,,,f1,,
n00012,63.922656,0.6345049971599115,94.84039359700878,,f1,0.6740024326724862,
n00013,27.870912,0.5868522748092759,,109.5656392505912,f1,,0.2543763920023824
n00014,27.171396,0.714707182126892,52.5120547599735,54.83782001347347,f1,0.5174315902167091,0.4954864360640901
n00015,27.171396,0.7640134878831241,51.78732838481773,78.6317639403922,f1,0.524672672783903,0.34555241594983954
n00016,27.870912,0.6507512161862778,79.05923620809145,83.8589412591279,f1,0.3525320169630921,0.33235468492116577
n00017,35.48634,0.6003349052351582,68.9090429650844,84.68003029738861,f1,0.5149736300644984,0.4190638557328709
n00018,44.500800000000005,0.5186422324751853,,,f1,,
n00019,44.500800000000005,0.572299613657707,,,f1,,
n00020,92.202,0.5847655031455594,,,f1,,
n00021,92.202,0.5943332297379051,,,f1,,
n00022,139.9032,0.5824060453049993,,,f1,,
n00023,139.9032,0.5824060453049993,,,f1,,
n00025,139.9032,0.5675092316281081,,,f1,,
n00026,114.66576,0.531274004450575,,,f1,,
n00027,114.66576,0.531274004450575,,,f1,,
n00028,114.66576,0.5591901705487159,,,f1,,
n00029,114.66576,0.5591901705487159,,,f1,,
n00030,89.42832,0.5776011699830677,,,f1,,
n00031,89.42832,0.5824531313236516,,,f1,,
n00032,89.42832,0.5892452867565141,,,f1,,
n00033,89.42832,0.5655319375816512,,,f1,,
n00034,83.838288,0.583737671518041,,,f1,,
n00035,89.42832,0.5539720459261379,,,f1,,
n00036,83.838288,0.596876532546461,,,f1,,
n00037,,0.5898574533034389,102.84752269038094,110.79413113387304,f1,,
n00038,78.24825600000001,0.6348132757776395,99.55627681005694,110.51535363989893,f1,0.7859700915622786,0.7080306348651121
n00039,,0.5980649727436176,,,f1,,
n00040,78.24825600000001,0.6301954983937154,81.94846476956556,90.62235437413108,f1,0.9548471252027683,0.8634542386413284
n00041,,0.6165555665346012,110.2897140138218,,f1,,
n00042,77.27016390691202,0.6083693140264618,97.02892329013879,,f1,0.796362170028997,
n00043,18.373344000000003,0.610083536095573,91.56390132157979,108.81875503038033,f1,0.20066143681964074,0.1688435416750585
n00045,18.373344000000003,0.6017595356297097,63.85671811874248,70.21413942085246,f1,0.28772765875368833,0.26167584124150667
n00046,13.130784,0.6452019629575126,103.01315160180471,,f2,0.1274670641158207,
n00047,13.133832000000002,0.6627843205698145,52.63823941841543,53.04074631346438,f2,0.249511232615526,0.2476177827962798
n00048,13.149072,0.7359616330858161,52.573512342722054,53.08627287287191,f2,0.25010830385998123,0.24769250671428142
n00049,13.149072,0.7585139405500291,30.64143255736225,30.941466638736674,f2,0.4291271948654587,0.42496602224854557
n00050,13.478256,0.6439298411407739,73.33152710023971,46.84288675770772,f2,0.18379892705051742,0.287733249014211
n00051,13.587984,0.6351836244522436,89.29596990829404,,f2,0.15216794233776404,
n00052,17.6784,0.5939905413467659,,,f2,,
n00053,17.821656,0.6266483834946552,,,f2,,
n00054,18.01368,0.5725206203927834,,,f2,,
n00055,11.90244,0.525839561665407,,,f2,,
n00056,5.7912,0.5098561521373237,91.61138152120536,91.29778613526193,f2,0.06321485282545931,0.0634319871833482
n00057,5.7912,0.0010045264911365927,,,f2,,
n00058,19.927824,0.5533182199788219,,,f2,,
n00059,19.38528,0.7969942394231408,30.736440641834783,32.7822240374605,f2,0.6306937171383165,0.5913351082540431
n00060,18.908268,0.786189064267502,30.8552810742124,31.81196615757026,f2,0.6128049183710975,0.5943759623766738
n00061,18.908268,0.8035071387463185,30.5662848453567,30.86935617364713,f2,0.6185988286002752,0.6125255056709542
n00062,18.231612,0.755958426175973,59.8917011273584,48.98480183955486,f2,0.30440965370529166,0.3721891549080047
n00063,18.231612,0.8306809111043749,30.699466760281904,30.639113546382728,f2,0.5938738982785049,0.5950437166662883
n00064,17.63268,0.8613074548545518,30.936346364783624,31.672310600939284,f2,0.5699664657256409,0.5567222493542066
n00065,36.237672,0.885113507292102,29.776399440053144,31.35590784849457,f2,1.2169930777881628,1.1556888154887153
n00066,67.056,0.8499455648994558,61.13936872777408,57.94834123359068,f2,1.0967728551233493,1.1571685845104038
n00067,78.92796,0.8809695721744752,66.87382131772577,66.45564307665069,f2,1.1802519796947677,1.1876788237375657
n00068,90.52560000000001,0.8635844459231142,32.65759829217771,32.95107661881643,f2,2.771961342352695,2.747272905441461
n00069,78.7908,0.855215280162819,45.735861796210486,71.49114558601383,f2,1.7227356587501395,1.102105713290098
n00070,108.603288,0.8588088646761599,,95.38139513915362,f2,,1.1386212986458912
n00071,83.207352,0.8909621177067578,33.945765197535934,34.60360196712183,f2,2.451185045197917,2.404586438112957
n00072,60.707015999999996,0.910009870102063,30.44269628450441,30.726330979794177,f2,1.9941405791608668,1.9757326717570445
n00073,65.902332,0.9087788567856553,30.540271066773563,30.489251274639336,f2,2.1578830081733873,2.1614939444189276
n00074,65.902332,0.871343132897917,59.3000636751608,68.90751191130451,f2,1.1113366144260097,0.956388210400447
n00075,71.570088,0.9209137187058226,31.18718509565349,31.52118340055702,f2,2.294855652425477,2.270539373173891
n00076,106.797894091872,0.9149757913851817,34.968517791758615,35.35246728208244,f2,3.054115554106847,3.02094598489311
n00077,106.797894091872,0.8919055388429941,42.03024995940329,42.11994405877371,f2,2.5409768962836834,2.5355659053783968
n00078,95.687388,0.8495892437519666,99.11700464362238,,f2,0.9653983021787871,
n00079,85.78291200000001,0.8628622766112855,31.01741600434685,31.345610521395724,f2,2.7656369566045798,2.7366802105017785
n00080,50.292,0.8127424475231887,48.26558428444107,48.57766303531652,f3,1.041984692521627,1.035290643015024
n00081,83.588352,0.8303779531623176,98.84108658542307,114.6128312646124,f3,0.8456842684318232,0.729310593567097
n00082,16.770096000000002,0.8907039381547024,31.11555108362579,31.064521607580417,f3,0.538961882916002,0.5398472318951706
n00083,16.562832,0.8926248683511889,30.768727165040083,31.03137346210128,f3,0.5383008504433343,0.5337447283868451
n00084,16.66494,0.9127786660189549,30.799105413364906,31.41323629771787,f3,0.5410851963501657,0.5305069443357763
n00085,16.242792,0.8319513673383633,59.97010401416841,77.96825322993607,f3,0.27084815454317895,0.2083257136991181
n00086,34.923984000000004,0.9156046182212325,30.172375597015478,30.308338798000626,f3,1.1574820778598067,1.152289613520615
n00087,34.923984000000004,0.9159215417456658,30.39050751475476,30.97299190596607,f3,1.1491740959917902,1.127562493995709
n00088,34.923984000000004,0.8841413968995687,30.820923432035805,30.933077570752033,f3,1.1331258155522819,1.1290174383754648
n00089,14.749272000000001,0.8168827370251667,62.2186914341647,57.365665250217944,f3,0.2370553230873814,0.25710975259620067
n00090,17.978628,0.8948716968585668,30.465813580237636,30.51815391012521,f3,0.5901246639171408,0.5891125673245625
n00091,14.749272000000001,0.8701959413780981,30.160509662531386,30.716559495075593,f3,0.489025953640403,0.4801733085492394
n00092,18.223992,0.8596818030007679,30.49867045598869,30.639232949915222,f3,0.5975339818926944,0.5947926969904912
n00093,18.528792,0.7917373276611548,65.59766325115459,54.9494667141805,f3,0.2824611591583466,0.33719693944215073
n00094,15.508224000000002,0.8574959320663855,33.64268064774606,33.929273437584165,f3,0.46096873677748973,0.45707503959755347
n00095,39.873936,0.8919645713712419,33.24838290464422,33.56081905868483,f3,1.19927444635,1.188109739821188
n00096,45.034200000000006,0.9088987378434369,33.971927127637194,34.29087010884648,f3,1.3256298305009409,1.3133000083419268
n00097,55.168800000000005,0.8252657670507796,62.1497698397203,73.41653091654769,f3,0.8876750491961,0.7514492895709032
n00098,36.182808,0.8702823027662436,53.8228788340843,54.14336445878191,f3,0.6722570175322282,0.6682777910402139
n00099,17.196816000000002,0.8947684599688367,30.18176869147042,30.445720234921573,f3,0.5697749583794254,0.5648352499894244
n00100,17.196816000000002,0.9027225286477564,30.08168490869724,30.207273062638023,f3,0.5716706378713529,0.569293890393236
n00101,14.613636000000001,0.8507072838246662,60.33702104202605,62.983080812228025,f3,0.24220015750895765,0.2320247884279868
n00102,165.257988,0.8999478600475814,34.06858992735085,41.70677744979974,f3,4.850743407707874,3.9623772946474323
n00103,165.257988,0.9088447982221151,33.99765296984868,34.30540288461407,f3,4.860864605758565,4.817258335541018
n00104,157.834584,0.8988430780859945,41.20417564279331,40.565437322069734,f3,3.830548276667333,3.89086361246079
n00105,156.972,0.8748941773061667,65.78734921533916,48.59029787724629,f3,2.386051450198878,3.2305214591719214
n00106,155.7528,0.8863744414315442,35.95980993009856,34.12141921568897,f3,4.331302092607394,4.56466359196411
n00107,155.7528,0.9260758370493768,33.65289872817341,33.95732417711277,f3,4.6282134938232655,4.586721827303972
n00108,130.65556800000002,0.9334412659440678,30.91625498130781,31.429302826157468,f3,4.2261123825959945,4.157125874623605
n00109,130.65556800000002,0.8987257356780256,48.25092361600839,31.757072080438657,f3,2.7078355854861176,4.114219587657757
n00110,138.746484,0.9300017123100309,30.97053247457834,31.25787277199686,f3,4.47995151887969,4.438769234619814
n00111,138.746484,0.9384581091301922,30.970547700251796,31.265835176330995,f3,4.479949316455646,4.4376388226160195
n00112,129.47599200000002,0.9362008006803565,30.970503162779877,31.439525259496474,f3,4.180622811307868,4.118255314968254
n00113,121.717308,0.8830953691589569,100.64412233258551,,f3,1.2093831728968403,
n00114,123.844442900916,0.847333042866647,59.24068652399815,62.194291848359455,f4,2.090530177275159,1.9912509527863163
n00115,52.114703999999996,0.8351473826504238,106.6525876853564,,f4,0.4886398457930285,
n00116,50.3682,0.849431576972012,42.774859552949565,42.73156984313339,f4,1.1775187698197092,1.1787116687943013
n00117,49.554384000000006,0.8849640910754822,42.92193121231113,43.17210661702061,f4,1.1545236339642266,1.1478333554486124
n00118,46.640496000000006,0.8657869706993279,43.06821490152842,43.29038726581128,f4,1.0829447216848733,1.0773868968558404
n00119,49.961292,0.7793826354500019,61.20191061405206,58.08991738567001,f4,0.8163354950642473,0.8600682226538123
n00120,62.484,0.8572373058558084,42.73241272158296,43.11863823897269,f4,1.4622155881322625,1.4491181204216224
n00121,63.573830235372,0.8795135473193173,44.78187736157446,45.175627997005435,f4,1.4196329850593126,1.4072594683041513
n00122,59.28017882574,0.9079806916925328,43.390176723722604,43.43923758493244,f4,1.3662119701238713,1.3646689518856157
n00123,59.28017882574,0.8021870003671773,70.99594553054646,87.83692218624172,f4,0.8349797778273735,0.674889071136253
n00124,56.07635765148,0.8614890657747014,42.407798303743114,42.66148968291254,f4,1.3223124023048005,1.314449121872568
n00125,55.241952000000005,0.883037271218506,42.718658851555354,43.15969555599879,f4,1.293157451219672,1.2799430414963133
n00126,54.199162825740004,0.8632962100968444,42.85770198006748,42.745184607920976,f4,1.2646306339744318,1.2679594981956523
n00127,48.31842,0.7964967665432046,64.83835731859341,61.68224153038189,f4,0.7452135124673176,0.7833441003631577
n00128,42.341292,0.8364263231564987,42.930240914702615,43.1618164228786,f4,0.9862812576367138,0.9809895761837385
n00129,35.012376,0.8814786581643276,43.10533548283017,44.065722744789895,f4,0.8122515602261401,0.7945490013355038
n00130,42.39768000000001,0.8920596087046592,43.53727789100349,44.144280067975785,f4,0.9738247785298729,0.9604342835518833
n00131,46.46980800000001,0.8172039136794778,71.31923231388397,68.75152635221338,f4,0.6515747084248068,0.67590947380478
n00132,50.081688,0.8273821668901398,43.10149783441281,43.60655934525578,f4,1.1619477400159888,1.1484897857562497
n00133,50.081688,0.8967503920768309,43.80641483189681,44.331269475537404,f4,1.1432500968678672,1.1297147271551913
n00134,56.845200000000006,0.914411790211282,43.46552232660839,43.53892156730629,f4,1.3078227744016078,1.3056180069164942
n00135,97.249488,0.8773897107473168,72.10127467018745,64.74821044035599,f4,1.3487901350544482,1.5019641058586966
n00136,97.249488,0.9117584971939149,43.337755628006406,50.71096359302354,f4,2.243989948043223,1.9177211614527259
n00137,126.650496,0.91030566757208,47.595711536174534,50.2298463383771,f4,2.6609644422216663,2.5214191408591917
n00138,126.650496,0.9317003598349568,43.08379016373923,43.21346336139112,f4,2.939632179960651,2.93081105165839
n00139,145.173192,0.8881758750569347,65.6053658743024,82.79313587869675,f4,2.2128249734655365,1.7534447808897897
n00140,145.173192,0.8864193409445952,66.09281506599461,86.4341591196567,f4,2.1965048977720576,1.6795812382350692
n00144,109.441488,0.9215759053021537,,10.256031353408467,f5,,10.670939296965825
n00145,95.32315200000001,0.9188465457806329,,10.101999409219683,f5,,9.436067865238881
n00146,95.32315200000001,0.9185010990011335,,10.192923815911627,f5,,9.351894875462147
n00147,95.32315200000001,0.8767131026947266,,25.71148442447772,f5,,3.7074153489656525
n00148,70.582536,0.901061558498879,68.9617732707186,80.29728691872896,f5,1.0235023354593695,0.8790152034830079
n00149,45.84192,0.940631365587198,51.115756281991295,55.883456072953365,f5,0.8968256235338274,0.8203129015527496
n00150,72.26808,0.9796513058812173,51.05688038111962,55.81896179536664,f5,1.4154425311642052,1.2946869249366575
n00151,72.26808,0.971564079684451,55.70730269506277,57.81593037900816,f5,1.2972819810643061,1.2499682963891061
n00153,29.311092000000002,0.7344318047125633,,,f8,,
n00154,52.114703999999996,0.842386350529492,113.50394965290752,,f9,0.4591444100347659,
n00155,17.105376,0.8758170193389012,16.18616943021614,16.40037853580057,f8,1.0567896297976405,1.04298665806161
n00156,50.3682,0.8569892807986123,42.78382016396949,42.677981773848906,f9,1.1772721511768536,1.1801917032277123
n00157,27.168348,0.8534569231375475,16.186193262835893,16.916672217534003,f8,1.678489040556531,1.6060101922315557
n00158,49.554384000000006,0.8745631925240488,42.93089475387689,43.14789199893376,f9,1.154282580973344,1.1484775200889201
n00159,27.168348,0.8972768868565523,13.704053399629355,13.500390643651894,f8,1.982504534077108,2.012411989928233
n00160,49.554384000000006,0.8732032982806274,43.077478293640006,43.295888854766076,f9,1.150354801694979,1.144551718668434
n00161,17.105376,0.6261985014606439,95.61070397502209,98.30288431300085,f8,0.1789064957043796,0.17400685767810947
n00162,49.554384000000006,0.8238069131875859,60.76609282579861,65.196206869956,f9,0.8154939983069208,0.7600807835161937
n00163,17.105376,0.5802045073743742,,,f8,,
n00164,62.484,0.8471172321908992,42.726749739040734,43.13939463708966,f9,1.4624093894721524,1.4484208813231367
n00165,,0.48653560004736385,,,f8,,
n00166,63.573830235372,0.8554707929926727,44.776040410078686,45.20907498288686,f9,1.4198180467306818,1.4062183369033057
n00167,,0.4427330580581144,,,f8,,
n00168,63.573830235372,0.9079806916925328,43.384403376042485,43.459592912441366,f9,1.4653614038283265,1.4628261788704524
n00169,,0.4844191708171872,,,f8,,
n00170,59.28017882574,0.8206270409832432,69.8138178802786,80.653353166763,f9,0.849118134856879,0.7349995567223259
n00171,55.241952000000005,0.8614890657747014,42.416838470261915,42.66841843194787,f9,1.3023590157180072,1.2946800943209493
n00172,55.241952000000005,0.883037271218506,42.728404537678315,43.169146015489474,f9,1.2928625020690188,1.2796628402187689
n00173,52.321968,0.8632962100968444,42.86674574087351,42.748811521410026,f9,1.2205724296470426,1.2239397105530154
n00174,51.300888,0.7996938488344089,61.47855342940143,58.894429353763485,f9,0.8344517744535271,0.8710652019709528
n00175,18.95856,0.6851771654717774,13.991646097392097,14.138608371869616,f7,1.3549913904364466,1.3409070752479593
n00176,38.325552,0.8187905065555554,42.93002905215498,43.168846193975796,f9,0.892744608987777,0.8878057992976501
n00177,19.274028,0.863745770084756,14.415348988097259,14.552833351204011,f7,1.3370490035249614,1.3244175573827612
n00178,38.325552,0.840637354026148,43.19831216644968,44.05644067773582,f9,0.887200218664234,0.8699193900012
n00179,19.5072,0.8741991659703148,12.642585323087076,13.391382700959554,f7,1.5429755466531998,1.456697970300126
n00180,38.325552,0.844557217690739,43.54308552453378,44.14118579466616,f9,0.8801753834924255,0.8682492622260073
n00181,57.354216,0.7951324751978623,60.683019564306,55.29405414666181,f7,0.9451443980835783,1.037258289071621
n00182,46.46980800000001,0.8171186622104777,66.22746960161784,69.3519412224496,f9,0.7016696890207748,0.670057783255784
n00183,68.141088,0.7943334934958132,21.67213599388369,22.253683526556014,f7,3.1441796055188456,3.0620138872149014
n00184,50.081688,0.8519983865689021,43.13670654978441,43.616160375365816,f9,1.1609993438465298,1.1482369738416012
n00185,53.899308,0.8871438191940201,21.664407159973127,21.16868929052562,f7,2.4879198217610887,2.5461806945280965
n00186,50.081688,0.8749916030497279,43.84162887463263,44.329661831260445,f9,1.1423318267487537,1.1297556970011293
n00187,28.870656,0.913739460602902,14.498552864359505,14.461253415458316,f7,1.9912784586225947,1.9964144995300888
n00189,53.899308,0.8756233301230881,,,f7,,
n00190,80.93354400000001,0.8638181004356722,66.25979782211006,71.5989633772936,f9,1.2214577565914864,1.130373125285592
n00191,28.870656,0.9538651804674251,12.881861835132781,13.531643308038944,f7,2.241186590067352,2.133566141434454
n00192,126.650496,0.9023507712505554,43.339929396949174,51.07092453290906,f9,2.9222589367881,2.479894326533858
n00193,52.7304,0.9624724074098878,13.220154449418569,13.3368081726063,f7,3.9886372131090435,3.953749601670648
n00194,126.650496,0.9104727244806863,44.10334317665125,49.46915032361245,f9,2.871675634491356,2.5601914561194232
n00195,49.997868000000004,0.9706818483516236,12.91882826613961,12.516811403855895,f7,3.870155014835592,3.994457245285153
n00196,145.173192,0.9317003598349568,43.08653336634947,43.845454738783346,f9,3.3693402707905036,3.3110203295847573
n00197,49.997868000000004,0.9126494752893026,72.59850955518118,71.60464681412464,f7,0.688690006259664,0.6982489297068566
n00198,89.42832,0.5824531313236516,,,f6,,
n00199,89.42832,0.589153988486017,,,f6,,
n00200,89.42832,0.5655319375816512,,,f6,,
n00201,83.838288,0.556393507136727,,,f6,,
n00203,83.838288,0.5970606473514958,108.53656017760736,111.24491536662865,f6,0.7724428327450997,0.7536370334203149
n00205,78.24825600000001,0.599776775909549,103.3154751025862,105.53060922018952,f6,0.757372077341793,0.7414745027836909
n00207,78.24825600000001,0.5008819706193229,106.60910142585588,108.03130391978476,f6,0.733973506515481,0.7243109465576828
n00209,89.269331423388,0.7931910626566513,,64.51982855563995,f11,,1.3835952980935904
n00210,69.036830900916,0.8142993858819014,,56.7146488762248,f11,,1.217266301896418
n00211,49.961292,0.8580960322358702,42.83482885365,43.2474403201075,f11,1.1663707626963646,1.1552427526391882
n00212,49.554384000000006,0.8707356472182853,42.98179874659295,43.40784155583888,f11,1.152915546698195,1.1415998175411315
n00213,50.3682,0.8063874802206225,43.12791285711833,43.343653116358944,f11,1.167879377025931,1.1620663321751674
n00214,49.554384000000006,0.8232509519084487,62.12769498592478,68.26612609625812,f11,0.797621479619141,0.7259000449231033
n00215,63.573830235372,0.8794999640471359,42.77359747548824,44.11732968498687,f11,1.4862867279705316,1.4410171850678937
n00216,64.663660470744,0.8464967935277505,44.74618449739663,45.21528842664334,f11,1.4451212141787462,1.4301282314200745
n00217,62.484,0.8038705869133725,43.35435031785615,43.81896424042621,f11,1.4412394498335963,1.4259579404287681
n00218,55.65915482574,0.8147376801908103,74.959779435282,65.17351356169269,f11,0.742520258798179,0.8540149484660441
n00219,55.241952000000005,0.8636183777414388,42.46519099007719,42.87591198220058,f11,1.3008760990362283,1.2884146236453942
n00220,55.241952000000005,0.8662106267875402,42.77676446513012,43.19507185388602,f11,1.2914008969759974,1.2788947819525434
n00221,49.3395,0.8089291625287853,42.91868379168191,43.30866549431572,f11,1.1496042199123198,1.1392523744809415
n00222,46.357032000000004,0.7583422683371867,42.41704313087709,43.536329047988716,f11,1.0928869288923828,1.0647896369237313
n00223,38.325552,0.8056327283996277,42.92884151544733,43.357127289444485,f11,0.892769304902139,0.8839504458896785
n00224,38.325552,0.8316999626623571,43.53927955927988,43.9641235388788,f11,0.8802523236016974,0.8717460719103739
n00225,38.325552,0.8176950586194969,44.40274882783115,44.64280175931368,f11,0.8631346709773512,0.8584934298395435
n00226,50.081688,0.7843971447146433,42.811067604384064,43.7620868756984,f11,1.1698303920566417,1.1444081298556845
n00227,50.081688,0.8519983865689021,43.51739871960167,43.73280486991979,f11,1.1508428691405572,1.1451743868010416
n00228,51.032664000000004,0.8749916030497279,43.17655058378715,44.420985232773916,f11,1.1819532433691644,1.1488413355214817
n00229,64.61760000000001,0.853759241258418,88.62636834025243,44.679246588500376,f11,0.7291012958121168,1.4462553631473143
n00230,97.249488,0.8650692457735244,43.318347679386406,43.83891596476943,f11,2.2449953243779293,2.2183369697862347
n00231,126.650496,0.9023507712505554,50.42310662994945,50.897578125982704,f11,2.5117551151593327,2.488340323119347
n00232,126.650496,0.9104727244806863,43.165443072556556,46.227085336271685,f11,2.934071492955925,2.7397465161106487
n00233,145.173192,0.8892249693585603,74.86185710425876,76.75590477058259,f11,1.9392144092527641,1.8913618754662764
n00234,145.173192,0.9115001114402579,81.32614666736737,90.93681985966205,f11,1.7850740253780113,1.5964181749926822
n00236,168.696132,0.9017759926033986,67.07638554140877,69.76177835690062,f11,2.5149854250249897,2.41817419184689
n00238,168.696132,0.9036305612055116,43.946221191266204,49.06046027557045,f11,3.8386948280669553,3.438535453039805
n00240,123.559824,0.8833149801134619,76.59707739300818,87.62150069134486,f11,1.6131140796147219,1.410154163362841
n00241,109.441488,0.9469095892536378,72.7880876318692,92.78373964935611,f11,1.5035631730497978,1.1795330562617552
n00242,45.84192,0.9251055441511155,49.64093399183788,49.676150979178686,f12,0.9234701346984622,0.9228154576471561
n00243,45.84192,0.9745055366795008,47.41812673562203,48.45177893056562,f12,0.9667594052289304,0.9461349203647259
n00244,45.84192,0.9437268298579743,47.82185946516303,49.43229403902649,f12,0.9585976060465536,0.9273678450732651
n00245,45.84192,0.9762455710901533,68.39576056177854,78.62290989505954,f12,0.6702450506211308,0.5830605870628123
n00250,17.319570016620002,0.8234492267688703,46.04248733904347,67.36217588978704,f13,0.3761649514954249,0.25711120206326155
n00251,30.522672,0.8178729293622234,,24.101641397707745,f14,,1.2664146601609858
n00252,20.04822,0.9274805729672497,14.791539046967813,14.891082368742943,f14,1.355384313717495,1.3463238939623439
n00253,17.849088000000002,0.9496733314006058,14.372667556520511,16.140038288673658,f14,1.241877190146399,1.1058888263310798
n00254,14.673072000000001,0.9418574545991935,14.080705623652818,14.707999066477724,f14,1.0420693672731942,0.9976253012853851
n00255,14.673072000000001,0.877828112447445,92.02403427539548,18.830475231384835,f14,0.15944825844179653,0.7792194206306768
n00256,19.05762,0.903588095342027,18.606699109111013,18.766706174149157,f14,1.024234330240133,1.0155015921894472
n00257,19.05762,0.8877534900103079,23.115891258280968,22.66365340349112,f14,0.8244380364599982,0.8408891391298966
n00258,19.821144,0.8703325652558277,23.35628936201254,42.0663919147981,f14,0.8486426800413673,0.4711871662334635
n00259,19.821144,0.9091013121701411,63.595556546345655,14.633889602174417,f14,0.3116749829141792,1.35446860259591
n00260,88.503252,0.9457859203411518,14.003146336238956,14.136660224877206,f14,6.320240457029367,6.260548856104998
n00261,88.503252,0.9499754262580132,14.04084881814066,14.173118023193704,f14,6.303269349760004,6.244444719585924
n00262,133.894068,0.9255622249127831,14.078292209814911,14.537435342451179,f14,9.510675443052216,9.210294996739357
n00263,133.894068,0.9463748601763798,16.624531527069898,14.663997569353768,f14,8.054005478709515,9.130802659148328
n00264,133.894068,0.9778396600236345,13.828152666562708,13.95315434522378,f14,9.682715488364819,9.595971254043533
n00265,133.894068,0.9800248562524225,13.797188051885348,13.921918022042629,f14,9.704446115866613,9.617501538796953
n00266,134.940078091872,0.9802749331587273,39.3175380545563,14.410783380500366,f14,3.432058179854283,9.363826693451184
n00267,69.03262800000002,0.8843295046197203,66.95645023963871,31.53535094873804,f15,1.0310078827794875,2.189055327534337
n00268,64.40881200000001,0.9158744603519063,30.255206870162883,30.49903733597947,f15,2.1288504909718124,2.1118309830722906
n00269,56.388000000000005,0.9384076257447992,30.373111600036943,30.473903614418912,f15,1.856510480142292,1.850370097427219
n00270,34.942272,0.9373231181487219,30.060339658762526,30.57405629685858,f15,1.1624044304440986,1.1428732799052983
n00271,19.699224,0.9286648141011012,30.74298201308548,34.05111495998032,f15,0.6407714122076772,0.5785192062918396
n00272,21.425916,0.9201551936260267,30.60931335409169,31.39002902256678,f15,0.6999802887488131,0.6825707610718225
n00273,21.425916,0.8922936252977007,30.727346053053154,30.87121726509205,f15,0.6972914602844805,0.6940418259511775
n00274,29.789647366992,0.7990303351816487,30.845491249188814,31.08602091637824,f15,0.9657699119243374,0.9582972181330799
n00275,85.958957801832,0.842386350529492,,,f15,,
n00276,49.124616,0.8553571614401322,107.82602610115947,54.167902761452346,f15,0.4555914539029066,0.9068952921499979
n00277,52.114703999999996,0.9004075068634052,38.47880183642458,41.23279264688857,f15,1.3543743961036614,1.2639140027769276
n00278,59.103768,0.9229561412530447,35.20271054487711,35.320734240499945,f15,1.6789550317340864,1.673344829061612
n00279,63.887703986592,0.9187457773136053,34.35774760882537,35.09142467545326,f15,1.859484641251086,1.8206073015690918
n00280,61.495735993296,0.919158099808258,34.39719906697095,34.5769680832648,f15,1.7878123120886824,1.7785173021882112
n00281,59.103768,0.903202373586634,32.79773216802958,34.6278038932265,f15,1.8020687435704135,1.7068298117386882
n00282,50.46878400000001,0.8755562157023699,34.91050282123035,35.12398378664707,f15,1.4456619046262518,1.436875278913735
n00283,50.46878400000001,0.8393304484875017,91.04682403790355,84.8985404738132,f15,0.5543167983431189,0.5944599720835838
n00284,20.206716,0.9029837491290315,33.8023123700736,33.72131271017409,f15,0.5977909374593476,0.5992268502021694
n00285,34.64052,0.9261678327651764,33.338302575013245,33.88101141178522,f15,1.0390606996878946,1.0224169396534188
n00286,46.9392,0.8949027602035112,34.16530365161633,34.92086201516402,f15,1.3738850524684083,1.3441592587152387
n00287,49.901856,0.9082053067693295,29.414160967572037,31.310014269983068,f15,1.6965248832021709,1.5937985709524556
n00288,49.901856,0.9212481047892108,30.700092852567195,30.837166093136315,f15,1.625462705915794,1.618237416800342
n00289,50.292,0.8750560240664014,30.709209797122746,36.941841096190366,f15,1.6376846012075517,1.3613831500451767
n00290,60.496704,0.8082321806556619,54.88597583014199,37.039901673560195,f15,1.1022251692713232,1.6332846812923298
n00291,83.588352,0.8227102709797851,,,f15,,
n00292,17.913096000000003,0.892336646008751,30.69663433670904,30.691881613214036,f15,0.5835524443335586,0.5836428090576149
n00293,17.754600000000003,0.9021663011273394,30.60866875596314,30.7481357598923,f15,0.58005136197049,0.5774203723647859
n00294,17.913096000000003,0.8749382907821146,30.07264588445082,30.9673424679224,f15,0.5956607898363223,0.5784511867156612
n00295,17.913096000000003,0.8323712050203312,31.84627650041424,31.117686077372795,f15,0.5624863553441483,0.5756564275203451
n00296,64.008404463504,0.8915579693478789,30.42230983830823,30.565923737501233,f15,2.1039955481257917,2.094109931478115
n00297,17.399508000000004,0.8967856107193763,30.334887250704917,30.475640840375497,f15,0.573580770424511,0.5709316529596435
n00298,16.959072000000003,0.8586844987409894,30.49726598608863,30.63667912402593,f15,0.5560849948889158,0.5535545132468467
n00299,13.149072,0.8363040019753923,30.429331028317236,30.567946373437827,f15,0.43211833962973434,0.43015882844605985
n00300,13.142976,0.7685779416921384,30.316774939753792,30.452724741838317,f15,0.43352157431382565,0.431586208177397
n00301,13.149072,0.6604766710099683,68.29748347253074,32.44772812317299,f15,0.1925264494597163,0.4052386025328352
n00302,13.133832000000002,0.637960909408509,,,f15,,
n00303,68.490084,0.7514776509290053,61.74341626019578,61.896195444962736,f15,1.1092694273891937,1.1065314032249438
n00304,41.548812,0.7920584940596841,31.30507822024355,32.171961837851484,f15,1.3272227498582736,1.2914603159548794
n00305,21.512784000000003,0.7344318047125633,56.15825570064901,33.18338426529933,f15,0.383074291243547,0.6482998788793355
n00306,20.970239999999997,0.8509800990860997,30.653917354716807,30.79873988064465,f15,0.684096579152982,0.6808798048643109
n00307,20.904708,0.8864462146561892,30.365843941782657,30.510967100833255,f15,0.6884283552295951,0.6851538966599683
n00308,20.994623999999998,0.8940465317758838,30.68577601482066,30.832432739546817,f15,0.6841809700318474,0.6809266131333035
n00309,20.994623999999998,0.8995914624917466,30.89199240758719,31.525151687867293,f15,0.6796137886801902,0.6659642500016882
n00310,16.681704,0.8946414302207187,30.987917239815307,31.602052333561446,f15,0.5383293065777991,0.527867741750557
n00311,13.051536,0.8770408971159032,30.84667739592463,31.236569589079117,f15,0.4231099457643477,0.4178287235664655
n00312,13.051536,0.8388295087366558,30.942564307245433,31.184863503510464,f15,0.42179878404401944,0.4185215047848709
n00313,13.051536,0.7620761696977308,113.84510853614783,109.60158773796223,f15,0.11464292289603209,0.1190816325690818
n00314,56.388000000000005,0.8368253810785111,87.44659732806525,22.876365399415086,f16,0.6448278346206474,2.4649020513303115
n00315,19.05762,0.9350275416617921,20.155449467459206,20.256154818708964,f16,0.9455318786499084,0.9408310792726576
n00316,19.839432000000002,0.93930787065595,22.044581989200587,22.12815270751316,f16,0.8999686185802541,0.8965697345926184
n00317,19.839432000000002,0.9419331261746121,52.74269639149034,52.94509506008357,f16,0.37615505761667795,0.37471709093138206
n00318,30.986108582904,0.9281989813876647,52.1755941347396,55.59753555698828,f16,0.5938812791069455,0.5573288145324857
n00319,64.663660470744,0.9069085689178796,44.479879328957445,54.832670892258704,f16,1.4537732890980763,1.1792907297512885
n00320,64.663660470744,0.8927107947993884,18.39759125764623,18.61058097769307,f16,3.5147894941882196,3.4745643109288675
n00321,57.10902223537201,0.8006574054046952,,,f16,,
n00322,49.961292,0.8065973566773197,,,f16,,
n00323,21.662136,0.869035711668921,18.15711920781777,18.380922073962388,f16,1.1930381550104656,1.178511932798281
n00324,16.77924,0.8793977119839457,20.820874604458993,19.89777894753167,f16,0.8058854548024876,0.8432720076067322
n00325,16.56588,0.8894784946471108,20.677448717226707,20.517812228860368,f16,0.801156865459843,0.8073901747038323
n00326,15.965424000000002,0.8804901550511973,29.990762084439933,29.87837736285281,f16,0.5323447251873377,0.5343470900748946
n00327,16.669512,0.878171975803282,21.132492797199674,21.228646935258027,f16,0.7888095436714841,0.7852366686787797
n00328,17.21999503416,0.8512973286107757,25.667758212855304,25.788789560463876,f16,0.6708803663864821,0.6677318062480733
n00329,18.025872,0.8144852524051975,,30.53929347526219,f16,,0.5902517690725732
n00330,27.776424,0.835386878497159,18.87819306098016,19.366115392126005,f16,1.471349716060052,1.434279587701595
n00331,27.776424,0.8942674924671057,19.768474502271655,19.543661354811835,f16,1.4050868718680405,1.4212497594858897
n00332,20.641056,0.9089593574032474,20.116370880131676,20.371377675120613,f16,1.0260824938551187,1.0132380995129624
n00333,16.567404000000003,0.9083910795192494,19.031160355107517,19.12282767435987,f16,0.8705409281864256,0.8663678971606166
n00334,17.044406674644,0.906478532668368,19.13418384235746,19.087288332122093,f16,0.8907830516874566,0.8929716143052067
n00335,13.720572,0.8481444331687665,27.30156592437135,20.387955233401247,f16,0.5025562283865933,0.6729744029220653
n00336,12.920472,0.7940673395241402,19.519567258219112,19.710655466716833,f16,0.6619241005232619,0.6555069678843176
n00337,16.242792,0.8319513673383633,115.81428072740374,,f16,0.1402486109483445,
n00338,16.226028,0.9151837661275161,18.16704598883159,18.44261722254762,f16,0.8931572039821524,0.8798115692691567
n00339,16.209264,0.8890750302424857,17.883716699582994,18.38198448054453,f16,0.9063699829453216,0.881801636659843
n00340,16.226028,0.8519575494577591,18.320105352397796,18.410505432988273,f16,0.8856951249942612,0.8813461454961422
n00341,17.047713914664,0.8234492267688703,45.87060065269559,41.20684890717688,f16,0.37164793292634135,0.4137106904987062
n00342,15.794736,0.9055984535020439,18.646530410395528,18.330299229103904,f16,0.8470603191248042,0.8616736586013791
n00343,15.880080000000001,0.8909728065213259,17.83254106039034,18.540162999621614,f16,0.8905113380208529,0.8565232139719644
n00344,15.709392000000001,0.8718136211133212,19.6211873948696,21.430641690550836,f16,0.8006341147380088,0.7330341399402222
n00345,13.935456,0.829783726997147,20.333483478364215,21.247507727598865,f16,0.6853452343681289,0.6558630865632736
n00346,13.411200000000001,0.8323759672311889,18.34654387647528,18.682915482293808,f16,0.730993264469632,0.7178322897574566
n00347,13.478256,0.7465890384022641,18.14877472646437,18.426670104111132,f16,0.7426537715709334,0.731453698571013
n00348,13.545312,0.6205201044381979,,,f16,,
n00349,37.231320000000004,0.5959113611941919,,,f16,,
n00350,27.168348,0.5543524031530407,,,f16,,
n00351,17.105376,0.6261985014606439,,,f16,,
n00352,19.031712,0.6640872115254877,,,f16,,
n00353,17.105376,0.6714631197293641,,,f16,,
n00354,19.70532,0.6857619645291498,,,f16,,
n00355,20.013168,0.6927837141539925,,,f16,,
n00356,19.70532,0.7246784080680612,,,f16,,
n00357,19.70532,0.7609949605145053,40.494039974263146,40.2313345240441,f16,0.48662272306058224,0.48980030697771637
n00358,19.397472,0.7643155701769382,,,f16,,
n00359,33.569713660032,0.7034504154726496,,,f16,,
n00360,26.483592830016,0.6701909524747073,,,f16,,
n00361,33.159192000000004,0.7770909688124815,50.27767985066811,30.403729361936247,f17,0.6595211254474658,1.090629100307459
n00362,49.887281463744,0.8009293622627687,35.57010670882726,20.153778134510024,f17,1.4025058140003757,2.4753314803203206
n00363,38.187135545820006,0.8577198109533165,19.977995242577958,20.06123029405375,f17,1.9114598377936316,1.9035290949797263
n00364,38.187135545820006,0.804186855903671,36.16067687746032,29.977983341406983,f17,1.0560403964568157,1.2738393744142942
n00365,43.21507909164001,0.8507901990074507,27.845753942936536,27.95646279388948,f17,1.5519450175491518,1.5457992454283467
n00366,49.22851554582,0.8484652300013237,28.193362196799864,28.75502760579451,f17,1.7461030437656624,1.711996810460367
n00367,43.21507909164001,0.9002392478882975,18.567878502339525,20.413714858750637,f17,2.327410699407311,2.116963002112045
n00368,55.241952000000005,0.8721942426048046,18.7367357156497,18.888349423260955,f17,2.948323167832251,2.924657457467918
n00369,59.28017882574,0.8206270409832432,,,f17,,
n00370,56.07635765148,0.8168858485969642,,34.01182989265255,f17,,1.6487309806166581
n00371,26.552652000000002,0.9039695112017894,21.299786787397316,22.090512430555535,f17,1.2466158588831842,1.2019934840113735
n00372,19.109436000000002,0.9131039536202153,21.812262495596137,22.67061200928402,f17,0.8760868343601755,0.8429166355180154
n00373,18.191988000000002,0.9463368389818498,21.595994532040976,21.798533491333753,f17,0.8423778758143966,0.8345510034990393
n00374,17.718024000000003,0.9024700230093164,21.264889490764936,21.34742039259352,f17,0.8332055526408783,0.829984310710781
n00375,16.83258,0.8910976238033433,21.364034153603242,21.557889736531436,f17,0.7878933294609544,0.7808083354038104
n00376,16.83258,0.9003913561467527,20.5596214650749,20.525531735255104,f17,0.8187203265679716,0.820080094251005
n00377,18.1356,0.7698148213524176,101.50692084626604,85.745274645776,f17,0.17866367976491648,0.21150553281122877
n00378,23.484840000000002,0.8000693308592756,25.29233166006212,25.2607254110626,f17,0.928535981405137,0.9296977667044798
n00379,23.484840000000002,0.8768147009031175,25.5788562727043,25.670510876780774,f17,0.9181348747426653,0.9148567440955088
n00380,16.55064,0.9057877054713329,20.087340902926016,19.938791229639964,f17,0.8239338437069667,0.8300723855013179
n00381,15.151608000000001,0.8515098794084934,20.074331681804235,20.163802095638296,f17,0.7547752144463028,0.7514261411679646
n00382,13.819632000000002,0.8728582590615495,20.06120133548921,20.624189281746425,f17,0.6888736007824429,0.6700691024122417
n00383,13.819632000000002,0.8933450413529325,18.55379859588365,18.63740729210447,f17,0.7448411131867104,0.7414997045138642
n00384,14.673072000000001,0.8666564606655635,18.586658246914112,18.938372079480764,f17,0.7894411036710232,0.7747800042379511
n00385,18.31086,0.8168827370251667,113.5275199645289,,f17,0.1612900555365002,
n00386,37.447728000000005,0.8796514614496137,18.381596432056064,18.49254700644475,f17,2.037240243980882,2.025017321137498
n00387,37.447728000000005,0.9168814986853837,18.493556734570344,18.594517755563537,f17,2.0249067573896307,2.013912298897643
n00388,37.447728000000005,0.9016746662376556,19.860039388593545,19.957799878484863,f17,1.8855817587908617,1.876345500406076
n00389,19.915632000000002,0.7921261875512859,60.91575888034285,71.89839346910567,f17,0.32693727150506957,0.27699689852677495
n00390,19.370040000000003,0.8732363572129994,20.1911566314351,20.0192625721805,f17,0.9593328581208309,0.9675701055501075
n00391,19.370040000000003,0.8570872948019603,26.643537880411934,28.525938115630648,f17,0.7270070546539792,0.6790325324791434
n00392,19.379184000000002,0.8169749306328966,35.247554593596405,35.55564457057628,f17,0.5498022266634268,0.5450381854710364
n00393,19.379184000000002,0.8078187581241304,,,f17,,
n00394,22.078188,0.7615069670237822,97.42422028924227,97.26581676205207,f17,0.22661908850234758,0.22698815200422737
n00395,22.078188,0.6118238276706255,115.43817955068931,97.61755949132436,f17,0.19125551083647668,0.22617025169495425
n00396,18.01368,0.5391522594144271,,,f17,,
n00397,5.7912,0.5134875819912038,116.90541713173464,116.92643711790618,f17,0.049537482026809736,0.04952857662258429
n00398,5.7912,0.49984971079648355,117.38055822513003,117.9374736145634,f17,0.04933696080140263,0.04910398554853289
n00399,,0.5025403972704032,,,f17,,
n00400,,0.4880169207942819,,,f17,,
n00401,,0.47911547175027064,,,f17,,
n00402,,0.47135710576282386,,,f17,,
n00403,,0.5151572319334534,,,f17,,
n00404,4.51104,0.5210326484078724,,,f17,,
n00405,4.51104,0.5364253506433369,,,f17,,
n00406,,0.5657850712920431,,,f17,,
n00407,164.592,0.5985825264923436,,,f17,,
n00408,49.887281463744,0.8572815400260845,110.76361503686468,56.57661445791673,f18,0.4503941248860501,0.8817650533128234
n00409,22.887432000000004,0.9230792368782061,21.936773875229104,20.54502724275123,f18,1.0433362777123931,1.114013222254316
n00410,22.125432000000004,0.9191535179795361,21.853007800137185,21.207939478558778,f18,1.0124662107090405,1.043261747439859
n00411,22.887432000000004,0.907510652905998,22.83636782486105,23.172887828374325,f18,1.00223609006172,0.9876814736907849
n00412,19.99488,0.8801689452472443,22.701291673715325,23.0580953657082,f18,0.8807815998924439,0.8671522813517464
n00413,31.6992,0.9077701776611913,22.755523603758895,22.858755833078895,f18,1.3930332060020687,1.3867421408005112
n00414,46.357032000000004,0.8293558373151777,20.905839418102772,20.882062618829842,f18,2.217420265835322,2.2199450718148306
n00415,49.3395,0.7714976816310198,,,f18,,
n00416,48.31842,0.7964967665432046,,,f18,,
n00417,23.503128000000004,0.864045739474949,18.037112203539618,18.22731987558841,f18,1.303042734046292,1.2894450835570954
n00418,22.015704000000003,0.8893334605187865,19.613414850972056,19.671215391477652,f18,1.1224819424501637,1.1191837190465657
n00419,18.446496000000003,0.9138400179881052,20.347955469416114,20.69290843448966,f18,0.9065527997506143,0.8914404690089154
n00420,18.147792,0.9294774972487337,20.468970890597944,20.762483288087815,f18,0.8866001176608181,0.8740665433990761
n00421,17.995392000000002,0.9153726455797263,21.255378655818394,20.838908027428122,f18,0.846627683815644,0.8635477433037523
n00422,17.521428,0.9221170845871512,18.92968226925288,19.018494078084643,f18,0.9256060271259661,0.9212836688363386
n00423,20.272248,0.8527596139044261,70.36622623189231,24.760752709559974,f18,0.2880962797861674,0.8187250297998013
n00424,20.272248,0.8827082526274594,18.32896645314421,18.76395250980099,f18,1.1060224291327911,1.0803826107218713
n00425,18.726912,0.9267531642313046,20.05446068514722,19.670995038653302,f18,0.9338028229235587,0.9520063404622802
n00426,17.812512,0.926801600201834,21.025059613984762,21.350515249535697,f18,0.8472038760904181,0.8342895612501607
n00427,17.654016,0.9281291690934518,22.497629992780997,22.589175811984973,f18,0.7847055892405018,0.7815254592260704
n00428,17.393412,0.9043656168586085,21.477929884866207,21.932775085821657,f18,0.809827208359394,0.7930328894515448
n00429,17.330928,0.8626671647708223,20.44437129285412,19.164788066838057,f18,0.8477114679509682,0.9043109654830314
n00430,21.439632000000003,0.8275278311466224,18.121323414195036,18.65542562202831,f18,1.1831162388065777,1.1492437875383612
n00431,18.528792,0.7917373276611548,,,f18,,
n00432,21.512784,0.8726479949351348,18.947391007040828,19.402249887293465,f18,1.135395579898355,1.1087778028304194
n00434,22.247352,0.936108925126609,18.384113635768568,18.59844765158325,f18,1.2101400394259434,1.1961940274142249
n00435,37.4142,0.8505117915007364,42.83348198976606,33.326522007425154,f18,0.8734802370010253,1.122655403155004
n00436,23.631144000000003,0.8199215161127529,56.41946427403559,60.698235600347,f18,0.4188473659590406,0.3893217614362568
n00437,48.118776000000004,0.7838524535965697,47.75973290847104,49.46494609663351,f18,1.007517694711925,0.9727853722107841
n00438,48.118776000000004,0.6968812805053648,58.72476990298381,57.70531021165479,f18,0.8193948836154586,0.833870848688054
n00439,48.118776000000004,0.6846331632598647,106.32442568469985,108.50722268488045,f18,0.45256558584848605,0.44346150246369676
n00440,68.426076,0.6666678585874586,97.31972131220894,97.79146038980106,f18,0.7031059591763937,0.69971422583578
n00441,68.426076,0.5754948621666971,97.65841998359707,97.99074400792641,f18,0.7006674489664383,0.6982912181426549
n00442,19.927824,0.5533182199788219,,,f18,,
n00443,18.550128,0.6026722663640984,45.76160894132656,46.06660470196159,f18,0.405364418540968,0.4026805995365686
n00444,17.454372,0.5775686029736506,45.563333573699765,45.61976037435941,f18,0.3830793454075774,0.382605516924421
n00445,17.84604,0.5899872469669949,48.69517510746731,48.01841063575885,f18,0.36648476898614424,0.3716499518355617
n00453,63.922656,0.952057329200613,,,f19,,
n00455,68.637912,0.9183744632941221,40.813583381761106,19.655633102852764,f20,1.6817418690727635,3.492022446737576
n00456,79.676244,0.913623560982979,20.570644439606983,18.823819020914545,f20,3.8732983905254,4.232735339809327
n00457,21.796248000000002,0.9166157982846408,18.348212066020892,18.432590132336937,f20,1.1879221758268501,1.1824842761388201
n00458,20.29206,0.9460632716751485,20.487003408993836,20.56959162309787,f20,0.9904845327985714,0.986507674620714
n00459,20.458176,0.9441892451907872,20.017262017184215,21.70425362176356,f20,1.022026687887548,0.9425883219262571
n00460,20.458176,0.9352221460888126,20.888770731912263,20.974683209243977,f20,0.9793863058081043,0.9753747313324694
n00461,26.125932000000002,0.8968758621654198,18.34950626860082,21.55359298221924,f20,1.423794821373804,1.212138134999243
n00462,44.266104000000006,0.7987839861569722,18.59905087277174,18.8435012879734,f20,2.3800195129743846,2.349144318962221
n00463,46.46980800000001,0.8171186622104777,,,f20,,
n00464,42.976800000000004,0.8606297100578546,98.03147604049809,37.36193401578412,f20,0.4383979690588941,1.1502830656957908
n00465,42.976800000000004,0.8954366349224304,19.04774493490857,20.010279431474565,f20,2.2562670881442215,2.147736124684043
n00466,28.669488,0.8930219115503634,19.0847104448436,19.46730983207221,f20,1.5022228439282432,1.4726990142606806
n00467,19.520916,0.9065851446404383,18.227439487333655,18.30960299949539,f20,1.0709631494629397,1.066157250953939
n00468,18.441924,0.9233397439315933,20.35018292651137,19.87154111631483,f20,0.9062289054893277,0.9280570586877586
n00469,17.094708,0.9126433844778568,20.131921529839417,20.68721687305453,f20,0.8491344442537352,0.8263416052966585
n00470,17.474184,0.9211993909702885,18.482196128016323,18.447321010392024,f20,0.9454603705623315,0.9472477868280267
n00471,17.803368,0.8464369876671026,85.75465295586321,101.49709731763764,f20,0.2076081866853704,0.1754076566769582
n00472,15.916656,0.9007394370237424,18.4769837716357,18.77261062400099,f20,0.8614315083414156,0.8478658785821924
n00473,14.833092,0.9104565303018481,18.63788729484445,18.841804007707392,f20,0.795856942653746,0.7872437264463851
n00474,13.987272,0.9275225058488283,18.98586419840445,19.079054522640234,f20,0.7367203227533606,0.7331218632140262
n00475,13.808964,0.8802893104236081,19.276219299295217,20.020021981791558,f20,0.7163730493824008,0.6897576842103077
n00476,14.221968,0.885447052577504,19.520484043536023,30.500910656844532,f20,0.7285663597419572,0.4662801107811688
n00477,14.27988,0.8404580485078471,20.273212885317925,20.609345461240263,f20,0.7043718270398887,0.6928837224285453
n00478,55.168800000000005,0.8084948301550583,37.714639477238094,18.762627867477654,f20,1.4627953697740108,2.940355710813157
n00479,45.034200000000006,0.8252657670507796,117.64498024741471,,f20,0.3827974632261426,
n00480,15.496032000000001,0.8885233708592989,35.40637794911568,35.5510605442771,f20,0.4376621642086672,0.4358810050321974
n00481,15.390876,0.9033502579172489,18.85107946458198,18.698341677505763,f20,0.8164453409109478,0.8231144914051567
n00482,15.496032000000001,0.9395551641060976,18.58173410243427,18.657936081369144,f20,0.8339389593337238,0.8305330199664229
n00483,14.139672000000001,0.8856544377450717,58.89504634628746,35.774083148314176,f20,0.2400825345626257,0.3952490394059567
n00484,32.983932,0.8895302586937781,21.42494473364996,21.522656147981387,f20,1.5395107156657226,1.5325214403471092
n00485,82.59318,0.8328896602404326,26.497663483102045,40.961693938500716,f20,3.1169986007510024,2.0163516705145104
n00486,33.014412,0.8376576289348705,38.39507086872151,38.82027953545935,f20,0.8598606866199365,0.8504424078101721
n00487,18.985992,0.8649968823823042,30.551132531702933,45.2961261628012,f20,0.621449695205185,0.4191526651034449
n00488,18.985992,0.8920220400154981,18.27067750527158,19.030002519466883,f20,1.0391509561986432,0.9976873087945278
n00489,18.830544,0.7639012361005459,46.777433190750976,26.631654841386833,f20,0.4025561625669373,0.7070737478444807
n00490,18.830544,0.7668135030174398,,31.21882239803316,f20,,0.6031791897821986
n00491,19.040856,0.9058068280536027,18.369804097347533,18.90867743824205,f20,1.0365301610782753,1.0069903652537129
n00492,19.039332,0.8988532102449371,18.13294005123648,18.698304862283653,f20,1.0499859342281184,1.0182383986264036
n00493,19.5072,0.8703189773907423,23.50835182335924,23.62601766847569,f20,0.8297987092662333,0.8256660209828147
n00494,70.891908,0.7951324751978623,39.95202468370696,24.841511414658893,f20,1.7744259161141036,2.8537679055295695
n00495,78.816708,0.8979865830164544,18.822722453622546,18.924815862036034,f20,4.187317121324884,4.164727867081106
n00496,72.39,0.9120045739283557,18.982636631658316,19.085505915948303,f20,3.813484997087891,3.792930631171228
n00497,72.39,0.8928698291580636,19.142904482921573,19.24631945758152,f20,3.7815578124303477,3.761238618092463
n00498,44.500800000000005,0.8466246389104166,36.109207255204836,37.84168203395023,f20,1.2323948206751505,1.1759730965466981
n00499,99.2124,0.7868279856378065,38.33775719492194,37.910687946148826,f20,2.587850914062893,2.6170034197461334
n00500,44.500800000000005,0.7461179088609383,,,f20,,
n00501,35.48634,0.592567634279671,114.12684596941355,110.05060772525138,f20,0.310937708814896,0.3224547390832588
n00502,73.52538,0.8907808313204317,75.48733174782132,28.02132382690152,f21,0.9740095231558116,2.6239081513134255
n00503,76.5048,0.9314267039640378,18.596648827042358,19.06785742253385,f21,4.11390249455861,4.012238937217393
n00504,21.186648,0.9379088931383217,18.66547017494672,18.75113532066821,f21,1.1350717555691296,1.129886144901705
n00505,21.186648,0.9403760281253053,21.47855462803607,21.973791653744705,f21,0.9864093914562091,0.9641780687580807
n00506,21.857208,0.9442621511976548,19.72889331131335,22.15588512976961,f21,1.1078780575829963,0.9865192869515154
n00507,21.194268,0.9288352699591617,21.65600202024932,22.024924224168657,f21,0.978678704415636,0.9622856262426024
n00508,43.57268400000001,0.9423750660252541,21.688026090396427,21.7992921286012,f21,2.0090663769209605,1.9988118762274667
n00509,110.33455200000002,0.9042125233270972,19.39869623805108,19.52222029217283,f21,5.6877302807379255,5.651741981635007
n00510,80.93354400000001,0.8519246168789443,,,f21,,
n00511,49.0728,0.8645899578852406,79.10543097664286,18.68465234400054,f21,0.6203467877507617,2.626369444639777
n00512,46.0248,0.9363509643207949,18.511370924842815,18.616464066736597,f21,2.4862988369075,2.472263252302347
n00513,18.092928,0.9314232206337858,18.544433879664968,18.667958069580777,f21,0.9756527547513829,0.9691969487269322
n00514,17.43456,0.9400910509866531,21.518097199956326,21.61414651353678,f21,0.8102277742306782,0.8066272702038392
n00515,17.032224000000003,0.9469406373408477,21.551090984921757,21.661466014123576,f21,0.7903184118111058,0.7862913797660213
n00516,16.919448000000003,0.9433813738536643,20.652015453841294,20.18132622264489,f21,0.8192637681206543,0.8383714634678058
n00517,16.669512,0.9315762024118648,18.38794347634152,18.543433888481495,f21,0.9065457494715218,0.8989441815495939
n00518,16.422624000000003,0.8663504585521827,91.84488154264852,101.0224494629003,f21,0.17880826589529755,0.1625641041898423
n00519,16.629888,0.92807620212359,17.71051609578474,17.673768464296458,f21,0.9389838167368856,0.9409361695325338
n00520,14.14272,0.9378661152494144,19.800093220077898,19.894456206093817,f21,0.7142754250095577,0.7108874881268673
n00521,17.437608,0.9316004028830234,18.14619631938546,18.320518680293986,f21,0.9609511378079559,0.9518075500098332
n00522,16.341852,0.9216455228142498,18.481163659782993,19.384634836246136,f21,0.8842436710606937,0.8430312016733674
n00523,15.223236,0.9256863523751365,20.472922689144696,21.01328619576932,f21,0.7435790302706402,0.7244576530378646
n00524,14.773656000000003,0.9426830197618372,18.400924061214532,18.501915356122304,f21,0.8028757659589453,0.7984933297790374
n00525,17.196816000000002,0.8608712603241124,18.206678876839057,19.325285613321583,f21,0.9445333833990056,0.8898608974837425
n00526,64.92240000000001,0.8600496876807197,,,f21,,
n00527,68.88480000000001,0.9130398674806213,18.878352841386743,18.6133110716676,f21,3.648877663149978,3.7008353717815186
n00528,56.083200000000005,0.924227653505002,18.866336885503948,19.364645536154075,f21,2.972659734656378,2.8961645538665737
n00529,19.821144,0.9386820638681048,20.124844442765912,20.09041323978434,f21,0.9849091781241032,0.9865971278653883
n00530,19.821144,0.86051605398589,74.35867774591051,54.44380408329061,f21,0.2665612757092107,0.3640661106207184
n00531,18.309336000000002,0.878159419519187,25.99854234675623,27.734228589119578,f21,0.7042447132534878,0.6601710929570597
n00532,17.001744000000002,0.9296739304849062,25.908579891820835,26.772000534573234,f21,0.6562206061076832,0.6350569124650969
n00533,17.026128,0.9117826757749509,21.660566762104203,21.754210813431605,f21,0.7860425900668356,0.7826589595007342
n00534,16.861536,0.9063149358186372,52.2663238454122,53.86076801316703,f21,0.322608034379293,0.31305784566380407
n00535,26.702004000000002,0.9513877913119797,18.29467316169352,19.07791324166348,f21,1.4595507535991543,1.3996291765121658
n00536,36.237672,0.8455183353256086,65.55303809731156,18.227850092253824,f21,0.5527992760031388,1.9880387328508753
n00537,51.646836,0.8708097977891804,109.46437873563141,,f21,0.4718140878023236,
n00538,47.54118,0.9371909178692239,36.6581820708937,36.81182103545994,f21,1.2968777313632065,1.291465042009324
n00539,81.67878,0.9459013697440779,41.2889064528444,43.269314611235096,f21,1.9782258000289843,1.8876837022694992
n00540,53.899308,0.8891358237297711,27.337603986921795,27.33076831146331,f21,1.9716178501153656,1.972110969796377
n00541,53.899308,0.9172161654123352,19.064461456863626,30.840039403037707,f21,2.8272137727024576,1.747705549127508
n00542,21.902928,0.9376036989945145,23.339108062641635,23.453666081661382,f21,0.9384646551707563,0.9338807810999783
n00543,21.902928,0.902716897461847,23.31909711006193,23.43354515230574,f21,0.939269985309557,0.9346826465070679
n00544,72.39,0.9076812065415204,23.388436335093985,27.00783319231764,f21,3.095119270174549,2.6803334974903237
n00545,72.39,0.8259992953112844,102.80107825366441,102.2420062211882,f21,0.7041754933870998,0.7080260127465906
n00546,100.2792,0.8391940081390562,19.09954074319281,19.069959782599717,f21,5.250346139120654,5.25849037665508
n00547,92.202,0.6131840348162132,19.2088444346482,19.733165991560398,f21,4.799976402208217,4.672438271660691
n00548,92.202,0.5779977827217219,,,f21,,
n00549,78.708504,0.9192086468173121,57.989099836805735,18.72769702221376,f22,1.3572982546979224,4.202786061021829
n00550,84.004404,0.9439599237916034,19.134074585891817,19.470016239742986,f22,4.3903039900314385,4.314552333476065
n00551,102.607872,0.9503562346646572,19.042519604573634,19.149458273686037,f22,5.388355854723954,5.358264998075543
n00552,123.89053200000001,0.9519333135737755,18.956967907885446,19.051080462717188,f22,6.535355896681442,6.503071163992656
n00553,145.173192,0.9557042173144571,18.871663526215237,18.966068708706153,f22,7.692654746537593,7.654363918515171
n00554,123.89053200000001,0.9501734798387751,19.264338860242972,19.36214913135342,f22,6.431081434913954,6.398594038271413
n00555,145.173192,0.9494400277958767,19.179015492506196,19.26814563118208,f22,7.569376647968371,7.534362402008365
n00556,150.612348,0.9410055168686596,19.093691330504015,19.43472630288408,f22,7.8880686501610215,7.749651096329017
n00557,145.173192,0.8817023283792335,,,f22,,
n00558,97.249488,0.8881758750569347,111.67129148148227,119.29098945021414,f22,0.8708548697686214,0.815229117037267
n00559,97.249488,0.948189169879154,45.23341065651201,52.71115597638034,f22,2.149948159745932,1.8449507736763942
n00560,63.911988,0.9633117195863098,27.96879895174653,29.789723414468135,f22,2.285117359178163,2.1454374419924798
n00561,67.10172,0.9545078209920707,27.90522551324264,28.012750802014125,f22,2.4046291963545094,2.395399169265996
n00562,41.766744,0.9614558148736815,27.84907075489102,28.185004260309924,f22,1.4997535956442882,1.4818782219882742
n00563,34.005012,0.9636591919976218,18.493583072160206,18.56348544754482,f22,1.8387465461568844,1.8318225904337082
n00564,48.31994400000001,0.9483754176327109,18.531021275941487,18.48799895632266,f22,2.6075165140915884,2.6135843102411687
n00565,37.435536,0.8790244189795465,86.35077619046447,97.85606894082305,f22,0.43352865662062134,0.3825571209348146
n00566,37.5285,0.9468280070467787,18.342393037997017,18.433436685040252,f22,2.0459980288427024,2.035892744322411
n00567,37.621464,0.9479292141714611,18.387845081060334,18.473357553283012,f22,2.0459963543390134,2.0365255147304864
n00568,30.417516,0.9525538018684087,18.433115889440973,18.51886273669043,f22,1.6501559574864952,1.6425153332842306
n00569,37.621464,0.9545745456249691,18.478644252482894,18.564605031337518,f22,2.035942869290585,2.0265157236846156
n00570,37.621464,0.9342783225918798,57.393911546966024,57.41694805931019,f22,0.6554957309228518,0.6552327365282116
n00571,78.492096,0.9237587588991483,18.653546172815616,18.98409667552706,f22,4.207891372118238,4.13462369801279
n00572,156.3624,0.8812765683049935,18.699041657266303,19.007922964692092,f22,8.362054209298945,8.22616970252083
n00573,157.834584,0.8667002245221009,,,f22,,
n00574,157.834584,0.9240025558555311,20.637411950459054,26.00894277129689,f22,7.647983399221198,6.068473654922417
n00575,157.834584,0.9528828132139753,20.561102132395398,20.648104682004053,f22,7.676367880655629,7.64402285007599
n00576,133.894068,0.9511781081450418,20.591775669357883,20.67778697157715,f22,6.502308016070925,6.475261022083523
n00577,133.894068,0.9074114128958651,52.00472908816901,23.57990083814009,f22,2.5746517739376262,5.678313446654899
n00578,110.816136,0.9319030889252945,18.804792356207116,18.887094405134402,f22,5.892973126258511,5.867294016906855
n00579,19.098768,0.9488077349468205,18.971673820488952,21.69169745913208,f22,1.0066991547880075,0.8804644281980583
n00580,64.245744,0.9216197005485977,38.651809827399674,41.124062030986984,f22,1.6621665139844806,1.5622421722735178
n00581,64.245744,0.9026599800527227,76.75756692444997,94.17601077141052,f22,0.8369955767779226,0.6821879953690224
n00582,87.829644,0.9396905220843055,30.320439003156906,30.46388838198331,f22,2.8967141270894974,2.883073982503936
n00583,87.829644,0.8575655521756406,56.62628578091892,64.28910261074464,f22,1.5510401713402775,1.366166899727747
n00584,99.56444400000001,0.8588249174248576,,74.06157916161683,f22,,1.3443467601835892
n00585,74.168508,0.925620630347196,36.13853216660259,37.057253154959916,f22,2.052338696493678,2.001457250213726
n00586,74.168508,0.9176976247979399,34.223285563923184,40.636245545904416,f22,2.167194259051079,1.8251811161101517
n00587,49.997868000000004,0.9167170370088649,24.427548518152054,24.30193479135125,f22,2.046782056858743,2.057361622819991
n00588,49.997868000000004,0.9304291182155691,18.874864564142165,20.674365856090063,f22,2.6489126759078463,2.418350741591046
n00589,42.18432000000001,0.9362208948809774,18.91822016395447,19.003370535218792,f22,2.2298249853532854,2.2198335775130076
n00590,28.559760000000004,0.9282532958209619,19.039825677970278,19.126992708286178,f22,1.5000011283214958,1.4931652056116156
n00591,42.18432000000001,0.8862520188183487,19.160835696929475,18.862660594934283,f22,2.201590821362768,2.2363928878267014
n00592,65.80632,0.8084679624090285,81.06066318559925,105.31159426593106,f22,0.8118157120097527,0.6248725077110407
n00593,89.42832,0.8171847761123261,19.133797675306703,19.445456305320995,f22,4.673840578726958,4.598931421091368
n00594,114.66576,0.6821359849562877,19.450112772618176,19.726550223637197,f22,5.8953776433330605,5.8127629362483555
n00595,102.79684800000001,0.9003839698002551,40.46335007324693,25.858445394119553,f23,2.5404927623124807,3.975368450547957
n00596,102.79684800000001,0.9106808455552936,46.14061823599662,21.65563975332271,f23,2.2279035680497885,4.746885761443621
n00597,79.639668,0.9519616036195206,18.545374954998486,18.64698489241083,f23,4.294314253189846,4.270913955232124
n00598,63.41364000000001,0.9550188246155393,19.690244932829444,19.536596062226554,f23,3.220561258446855,3.245889908253181
n00599,63.41364000000001,0.9647500554270243,18.54534408147513,18.63471157221894,f23,3.419383308360595,3.402984787515495
n00600,134.366508,0.963459447718267,18.545366605286375,18.63159195591632,f23,7.245287238576276,7.21175669357298
n00601,123.559824,0.9625393781147024,18.545354892378732,18.631573450242165,f23,6.662575330428283,6.631743922754631
n00602,134.366508,0.9265830801495342,18.545339295909613,18.745132229021063,f23,7.245297907794876,7.168074695785547
n00603,109.441488,0.9469095892536378,,,f23,,
n00604,95.32315200000001,0.9015328614882585,66.30397052280443,46.508802197811114,f23,1.4376688341343717,2.049572285146623
n00605,87.133176,0.9587036065845671,26.056989438076375,28.101388253997293,f23,3.343946398990923,3.1006715829281393
n00606,95.32315200000001,0.9581100042980896,21.70999996117319,21.810952536374153,f23,4.390748602970003,4.370425906022649
n00607,97.785936,0.9581233380238091,21.52028322686016,21.62051329467671,f23,4.543896331157493,4.522831380884762
n00608,143.076168,0.9560830330773274,21.32940250209431,20.7561242404746,f23,6.707931363100842,6.893202523860422
n00609,143.076168,0.9582610649307002,18.83950866689961,18.91744048022822,f23,7.5944744913321465,7.563188484696844
n00610,143.076168,0.9490779630500095,18.64978044496595,18.61938202106542,f23,7.671734711419614,7.684259758896823
n00611,135.88746,0.8920287486669078,86.50002658380365,84.92142659563498,f23,1.5709528120011436,1.6001551722281677
n00612,155.7528,0.9568523195479995,18.864479158846777,19.20950505489722,f23,8.256406057569706,8.108111039555014
n00613,155.7528,0.9556603202077516,18.86454244008373,18.953757133344006,f23,8.256378361398978,8.217515867922309
n00614,155.7528,0.9531707618938876,27.24969602741951,26.64813599091827,f23,5.715762841657998,5.844791547636984
n00615,155.7528,0.9597037269560645,18.864609127695147,18.953378801661678,f23,8.25634917456833,8.217679899182137
n00616,155.7528,0.9593589919420179,31.45544591587445,49.62799148007427,f23,4.951536863173098,3.138406277484251
n00617,155.7528,0.9629641599499403,18.864655993090924,19.190055275110907,f23,8.25632866335032,8.116328888432545
n00618,130.65556800000002,0.9577325799446824,18.864649540576824,19.29563562861499,f23,6.925947270791704,6.7712497538169085
n00619,130.65556800000002,0.8987257356780256,,,f23,,
n00620,124.486416,0.9416973716965923,18.943097892190792,19.015279553274972,f23,6.571597565956674,6.546651899133395
n00621,124.486416,0.9565725714160626,18.887196979627735,19.444415701960637,f23,6.5910476887742835,6.402168000730805
n00622,117.651276,0.945124859816294,31.03489994194349,31.172589296168457,f23,3.790934600082115,3.7741900386331064
n00623,134.940078091872,0.9336854700247766,46.86228783430667,37.75914427881675,f23,2.8795025665197223,3.5737059371754545
n00624,124.486416,0.9541990094876633,18.95591657145556,18.552388972726263,f23,6.56715361300206,6.709993854861851
n00625,118.2624,0.9501079491071232,26.858188826708574,26.743921299385754,f23,4.403215747831678,4.422029166033936
n00626,109.709712,0.9445324543658183,23.443495608535947,24.236564103443094,f23,4.679750572694197,4.5266198431325675
n00627,108.603288,0.9295193138702693,29.985189921660158,29.886686231532593,f23,3.6218976195828305,3.633835051455647
n00628,108.603288,0.9458098663186074,18.718840752324454,18.795665600372022,f23,5.80181697344233,5.778102798224418
n00629,68.202048,0.8797238734966938,35.270300007773294,18.701220023526496,f23,1.933696282281943,3.6469304095775845
n00630,65.902332,0.8738359479468396,,32.36521561703668,f23,,2.0362086500455683
n00631,60.707015999999996,0.9407573041361088,18.491205164340194,18.569832506360292,f23,3.283021061118931,3.2691202776981125
n00632,50.659284,0.9399143087520485,18.523771610358892,18.601750386577187,f23,2.734825556349995,2.723361132539181
n00633,42.845736,0.9373423554282768,21.638393386036313,20.97665354208622,f23,1.9800793541192023,2.0425439126425506
n00634,33.351216,0.9267469407693322,21.573221809992496,21.648497188287,f23,1.5459543453334381,1.5405788083084493
n00635,32.8803,0.9353222221081946,23.08678499309935,23.663887059399883,f23,1.4242043666897723,1.3894716416396657
n00636,32.9184,0.9292662984337013,19.076228056143904,21.464716552215236,f23,1.7256241591952415,1.533605157092219
n00637,21.110448,0.8283909891713649,,31.567683141020204,f23,,0.6687360585094163
n00638,60.216288000000006,0.7881987718059493,,,f23,,
n00641,150.61996800000003,0.8819171078303226,63.00919176186858,30.943967764442768,f24,2.390444374675364,4.867506621858464
n00642,150.61996800000003,0.8925224361576712,,,f24,,
n00643,150.170388,0.9317440206013374,,,f24,,
n00644,150.170388,0.9068855722211548,,,f24,,
n00645,150.170388,0.9037167001225817,,,f24,,
n00646,163.75684800000002,0.917339901475337,,,f24,,
n00647,123.559824,0.9280481337157487,51.072838120876966,46.78744653512206,f24,2.4192864259386564,2.640875558516471
n00648,84.700872,0.9439271289513315,47.39202764760254,47.26167531349387,f24,1.7872388290667458,1.7921682089804531
n00649,70.582536,0.9296978893465319,49.68019879631519,50.57355931691323,f24,1.420737793127252,1.3956410613242165
n00650,45.84192,0.9334344578663404,60.92309467457454,58.251030465800724,f24,0.7524555383285795,0.7869718292265039
n00651,78.9432,0.9451611922364647,47.30212183905514,47.55557657824887,f24,1.6689145630422928,1.6600198269093707
n00652,95.32315200000001,0.928763448115986,56.10026541736384,60.8514849047296,f24,1.6991568808245978,1.5664885113196496
n00653,87.133176,0.9125062484998794,30.945547871010973,31.094538795148082,f24,2.8156934355531065,2.8022019099249693
n00654,88.81872000000001,0.9413726846232046,31.006532961915767,31.154051614084,f24,2.8645163298035587,2.850952457170842
n00655,88.81872000000001,0.9414858215065467,31.067505518468693,31.209872866725323,f24,2.858894478901757,2.8458533099215173
n00656,98.69424000000001,0.9412121230136479,31.128360953423822,31.145492827853268,f24,3.1705569126390056,3.1688129176667967
n00657,180.760116,0.8915137142059036,88.3990942405685,90.20174839041452,f24,2.044818643820954,2.0039535732459135
n00658,180.760116,0.9408532422195752,30.93864611030221,30.95910593807476,f24,5.842534781759858,5.838673647797235
n00659,173.15383200000002,0.9436426485744275,30.938641540675974,31.08022016541171,f24,5.5966850313175325,5.571190650467077
n00660,97.252536,0.9305756450924086,30.93857252851365,31.081373141049845,f24,3.1434073407999024,3.128965234536452
n00661,97.252536,0.9293001990792286,30.93854322299201,31.81065994691202,f24,3.14341031828954,3.057231008797121
n00662,75.413616,0.9355877795423384,30.938530222706184,31.0816477595774,f24,2.4375306602203417,2.4263068864089514
n00663,129.47599200000002,0.9415575826253912,30.938573034349048,31.0864449514359,f24,4.184937419584653,4.1650305206102205
n00664,129.47599200000002,0.8979945833554074,30.93858522658128,31.216318113941302,f24,4.18493577039066,4.147702221876566
n00665,121.717308,0.8830953691589569,112.99363217368622,,f24,1.0772050217210853,
n00666,104.339136,0.934094851010616,36.43073989190219,36.502270300394194,f24,2.8640410902879427,2.858428671459189
n00667,104.339136,0.9415786178584483,31.37429700222001,31.556743502557236,f24,3.325624666350837,3.306397442167781
n00668,90.188796,0.9379232255049039,31.374250868590398,31.556679751933842,f24,2.874611935046724,2.8579938291661717
n00669,100.26243600000001,0.9295127854924674,31.374218520257017,31.15082556934046,f24,3.1956950875211363,3.2186124819331012
n00670,123.172728,0.9354760428844795,32.23490416352045,33.04050637155329,f24,3.8210980052917902,3.72793100126478
n00671,99.605592,0.9295575599119971,32.23090730727451,32.141250809228275,f24,3.090375056786535,3.098995511755305
n00672,123.172728,0.9027562766609429,31.105501017672356,31.26807873439397,f24,3.959837455439806,3.9392483640036895
n00673,123.172728,0.9286923030127101,31.101430150598574,31.268498013473376,f24,3.960355758676565,3.9391955426488905
n00674,134.283234091872,0.9100503576869678,31.097427806332483,31.252611005590985,f24,4.318146019283544,4.296704491917465
n00675,95.687388,0.8681975296282565,61.23884635895028,52.17425356561374,f24,1.56252760607426,1.833996300103549
n00676,69.886068,0.8588899138839496,,43.07195352593823,f24,,1.6225423339090976
n00677,65.8368,0.9269867142796353,31.13279934599985,31.249235993983277,f24,2.1147086475684733,2.1068291081636747
n00678,67.019424,0.9079907425395833,34.32008506749925,39.17278756070111,f24,1.952775579320072,1.710866858687258
n00679,67.019424,0.9015971508744691,33.85310398786265,34.634327605679445,f24,1.9797128211353519,1.9350577485734108
n00680,47.350680000000004,0.8571313635243795,33.798468401404804,33.94414759496462,f24,1.4009711753101781,1.3949585821098702
n00681,79.223616,0.7842168835102326,57.28036360440881,99.98938091686193,f24,1.3830850751426138,0.7923202971510743
n00682,79.223616,0.76448442147968,100.5523711659676,105.38408274288092,f24,0.787884115325702,0.7517607397437053
n00683,,0.6967933215312607,,,f24,,
n00684,77.27016390691202,0.8194145379150495,,,f24,,
n00685,77.27016390691202,0.7005747929404401,30.768530992858153,30.658833765905847,f24,2.5113374416493137,2.520323000441077
n00686,77.27016390691202,0.5945576425966159,108.05024010477122,41.802631158081,f24,0.7151318112017778,1.8484521611739426
n00687,76.29207181382401,0.6739663327223736,,,f24,,
n00689,50.46878400000001,0.8393304484875017,113.67382657376044,,f25,0.4439789309569158,
n00690,48.41595600000001,0.8317557744704186,66.97102993800672,35.970979578281366,f25,0.7229387997290374,1.3459726859713517
n00691,37.069776000000005,0.8736926270172617,26.613323190809595,26.829260163800583,f25,1.392902935654475,1.381692069541912
n00692,37.069776000000005,0.8546362732256569,25.810873941420397,26.337465164147442,f25,1.4362077039364294,1.40749217014484
n00693,17.776338956268,0.7860474885897138,53.98171128785989,49.36870862287077,f25,0.3293029904419828,0.36007299870981135
n00694,18.025872,0.8524741435540955,22.70816557968474,23.6644783234573,f25,0.7938057319841973,0.7617269966239628
n00695,17.345076834288,0.8496389371242496,22.77606569791724,24.432924989217863,f25,0.7615484194829191,0.7099058684927123
n00696,17.21999503416,0.8553157547531617,22.95697799534019,23.190043006169624,f25,0.7500985119929686,0.7425598576759295
n00697,18.1356,0.8203866749970958,70.86676660877677,23.883451677903448,f25,0.25591121011797263,0.7593374795477632
n00698,18.1356,0.7771688066387687,52.81759390798084,41.3159776961689,f25,0.3433628580581683,0.43894882830478577
n00699,19.40814,0.8388037126962842,31.52098957524533,32.131307881946434,f25,0.6157211515732988,0.6040258327269903
n00700,19.40814,0.8917939966825986,22.48985058064276,23.895122688715055,f25,0.8629732745625611,0.8122218183531603
n00701,19.650456,0.8460956150886525,66.00056746426421,52.83012917583889,f25,0.29773162193854885,0.3719554789388411
n00702,41.158668000000006,0.8265057504461943,23.18683791929914,23.66139003426474,f25,1.7750875795678176,1.7394864773539065
n00703,43.25112000000001,0.9160349840765315,23.195410207957433,23.450740268287294,f25,1.8646413067168888,1.8443392193673729
n00704,39.066216,0.9193610970902657,24.373468994423284,24.196167692669185,f25,1.6028172275739023,1.61456212802807
n00705,17.474184,0.8464369876671026,64.71820922490663,57.4089253330384,f25,0.270004133446806,0.3043809633890454
n00706,20.805648,0.918077292254057,23.756635511155068,23.81850874034526,f25,0.8757825993596857,0.8735075829813859
n00707,20.898612,0.9292476014523813,22.85908158088757,23.384421327077188,f25,0.9142367302050003,0.8936980611019513
n00708,18.288,0.921177312627784,23.14743278293222,23.35029091407659,f25,0.7900660160242337,0.7832022336379194
n00709,16.422624000000003,0.8663504585521827,60.98276569825482,64.43750123455999,f25,0.2692994293053189,0.25486127930721186
n00710,16.419576,0.9503287220452654,23.538922646584126,24.03831117217123,f25,0.6975500215759766,0.6830586342941046
n00711,16.416528,0.8733220266081074,23.533116587901908,23.741820921039793,f25,0.6975926005669618,0.6914603582681317
n00713,27.26436,0.8790244189795465,60.689686018397865,48.01854430377506,f25,0.4492420671238092,0.5677881409215599
n00714,87.42730800000001,0.9371472745350021,22.840760107337708,22.897051273660196,f25,3.827688202544256,3.8182780374245264
n00715,92.94571200000001,0.9446110506364174,23.030549648678274,24.37339628324207,f25,4.035757436007793,3.813408312895025
n00716,98.203512,0.9175967102119217,23.220675867674373,23.27076479408244,f25,4.2291409845098284,4.220038012028394
n00717,135.88746,0.8920287486669078,60.21071136954765,87.80650004882483,f25,2.2568652139979006,1.547578595257068
n00718,135.88746,0.9402777577082839,23.483182704872874,23.537559100838784,f25,5.786586158604587,5.773218005224574
n00719,180.760116,0.9506671787113617,23.48323403944407,23.722195850082187,f25,7.697411510543342,7.619872845766668
n00720,180.760116,0.9450595929322788,23.48325711024298,23.362336893227756,f25,7.697403948328601,7.737244644066345
n00721,180.760116,0.8915137142059036,99.56525701783747,,f25,1.815493892288313,
n00722,180.760116,0.9026951690320921,23.364718518809333,24.167765376799064,f25,7.736455966909356,7.479388895984932
n00723,64.40881200000001,0.8711278270084829,,26.509384678530807,f26,,2.429660770367215
n00724,64.61760000000001,0.9023256675846201,99.52261693646349,24.211574112241713,f26,0.6492755314226987,2.6688723211651255
n00725,64.40881200000001,0.9273611295542474,23.757262169724548,23.999003845733778,f26,2.711120984390214,2.683811895444558
n00726,64.40881200000001,0.9337805173962462,23.695195456217487,23.917363810531754,f26,2.7182224396085113,2.6929728756995486
n00727,64.61760000000001,0.854366240154776,23.632823750357684,24.025207821399178,f26,2.7342310289527725,2.6895750696668403
n00728,56.388000000000005,0.9036496068493248,67.8512496064078,34.02446283896289,f26,0.8310532278638355,1.6572781844311046
n00729,33.159192000000004,0.9292444598176673,24.90996348031512,25.125828611713423,f26,1.331161807049768,1.3197253118466907
n00730,33.159192000000004,0.7967849292734532,25.34689019151177,25.57304188529172,f26,1.3082153964238359,1.2966463727207769
n00731,33.159192000000004,0.7679817826173195,24.631251429587557,25.0281576608342,f26,1.346224413111569,1.324875464241214
n00732,33.159192000000004,0.7923310512500016,101.51435263164026,79.32436856916249,f26,0.326645357433574,0.41802024520483494
n00733,23.649432,0.8167196618683507,25.53074287348938,27.240961804460788,f26,0.9263119415360649,0.868157011847039
n00734,23.649432,0.8568303241584079,31.84894451502854,32.565269628456626,f26,0.742549945064602,0.726216373142949
n00735,30.897576000000004,0.8841371702382335,27.092498373251534,28.326570102013388,f26,1.1404476462202258,1.090763049981963
n00736,54.150768,0.8846959707122175,22.876009743859555,24.843005304339243,f26,2.3671421985879904,2.179718892164052
n00737,56.491632,0.9198397480499002,23.27861547944392,23.800548487688992,f26,2.426760820457071,2.373543283223944
n00738,56.491632,0.906180535261854,23.23342838645992,23.4318064560045,f26,2.431480669160409,2.410895297640348
n00739,66.81216,0.8578103058378477,23.188174697350703,24.043774834609216,f26,2.881303115576123,2.7787716554319455
n00740,79.676244,0.9319971990236855,23.485546108172368,24.33861713038771,f26,3.392565096549946,3.273655342583992
n00741,99.79914000000001,0.9317367162337937,23.542253335360297,23.729832737544932,f26,4.239149862944615,4.205640263199139
n00742,99.79914000000001,0.9371055486720193,23.598976433258606,23.797350214980522,f26,4.228960534887889,4.193708085078147
n00743,68.6562,0.9438175691711219,35.224902656337804,24.50863716086464,f26,1.9490813266348972,2.8013063129283307
n00744,78.39456,0.888949909493092,23.184645166520184,23.72382471337906,f26,3.3813137719789546,3.304465487632328
n00745,68.6562,0.9253867358783705,23.16140070138332,23.36711406314766,f26,2.9642507758997274,2.9381548707496523
n00746,68.6562,0.9260509128814983,23.161417823240605,23.372486634686116,f26,2.9642485846056053,2.9374794848790393
n00747,78.55153200000001,0.8972720948997837,63.133450078749895,42.62552188808066,f26,1.2442141511673808,1.8428286275590517
n00748,96.11106000000001,0.9227399168045426,22.824457524617742,23.10665524598218,f26,4.210880363589699,4.159453584988764
n00749,102.607872,0.9391879946672627,23.02366041903212,23.259474355830214,f26,4.456627231835862,4.41144414659914
n00750,102.607872,0.9400375845446465,23.226395779143715,23.45645035996787,f26,4.417726838708973,4.374398957444836
n00751,102.79684800000001,0.9055962602533878,64.81526383129706,65.21234022121179,f26,1.585997524712118,1.576340423473455
n00752,102.98582400000001,0.9402341951987259,27.429794118828852,27.85577583045869,f26,3.7545241336429362,3.6971084426731684
n00753,96.38690400000002,0.9473275821993077,27.41981844959738,27.673667733869777,f26,3.5152276510209832,3.482982629079996
n00754,129.636012,0.9436527347405006,27.409948094317613,27.67070614778399,f26,4.729524169616176,4.684954959502611
n00755,150.61996800000003,0.8714831635601491,99.43059419932226,34.1195043205559,f26,1.5148251824590493,4.414482888875275
n00756,150.61996800000003,0.8874465248110079,98.0719959545938,,f26,1.535810162054164,
n00760,78.24825600000001,0.7881987718059493,60.05506658095537,55.335701600455344,f27,1.30294179083991,1.4140645864577983
n00761,77.27016390691202,0.6869356278563691,112.65510413526258,,f27,0.6859002483734371,
n00762,78.24825600000001,0.7824878633191718,76.54563535613305,76.73279095695266,f27,1.022243210026874,1.0197499012371065
n00763,78.24825600000001,0.7872409949496674,77.16225185185543,78.00476476302563,f27,1.0140742930912594,1.0031214918436597
n00764,77.27016390691202,0.7412242740277392,,79.82553772420174,f27,,0.9679880162396328
n00765,60.216288000000006,0.8201947009677043,43.49441993659008,44.0691282487889,f27,1.3844600775867,1.366405245414739
