file,node_id,side,GVI,VEI,face_id,variant,vertical_greenery,green_eye_level,enclosure
1st_avenue/north_to_south/21_n00014_S_L.jpg,n00014,L,11.544927849505664,0.714707182126892,f1,solo,1.0,1.0,3.0
1st_avenue/north_to_south/10_n00027_S_L.jpg,n00027,L,0.0948283243357292,0.531274004450575,f1,solo,1.0,1.0,3.0
1st_avenue/north_to_south/08_n00031_S_L.jpg,n00031,L,0.1900392824759325,0.5824531313236516,f1,solo,1.0,1.0,3.0
1st_avenue/north_to_south/04_n00039_S_L.jpg,n00039,L,1.7744910366568585,0.5980649727436176,f1,solo,2.0,3.0,3.0
2nd_avenue/north_to_south/17_n00063_S_L.jpg,n00063,L,3.622861298568729,0.8306809111043749,f2,solo,1.0,1.0,3.0
2nd_avenue/north_to_south/13_n00067_S_L.jpg,n00067,L,0.0223825516708892,0.8809695721744752,f2,solo,1.0,1.0,3.0
3rd_avenue/north_to_south/12_n00102_S_L.jpg,n00102,L,2.0959043738188905,0.8999478600475814,f3,solo,2.0,3.0,3.0
3rd_avenue/north_to_south/05_n00109_S_L.jpg,n00109,L,0.5331674539378376,0.8987257356780256,f3,solo,1.0,1.0,3.0
Park_Ave_East/north_to_south/22_n00117_S_L.jpg,n00117,L,8.482451273457235,0.8849640910754822,f4,solo,2.0,3.0,3.0
east_34th_street/east_to_west/46_n00268_W_L.jpg,n00268,L,0.1849465880575287,0.9158744603519064,f15,solo,1.0,1.0,3.0
east_34th_street/east_to_west/44_n00270_W_L.jpg,n00270,L,0.0733134758139743,0.937323118148722,f15,solo,1.0,2.0,3.0
east_34th_street/east_to_west/42_n00272_W_L.jpg,n00272,L,0.4998325628357205,0.9201551936260268,f15,solo,1.0,2.0,3.0
east_34th_street/east_to_west/30_n00284_W_L.jpg,n00284,L,2.7496719834651278,0.9029837491290316,f15,solo,1.0,1.0,3.0
east_34th_street/east_to_west/29_n00285_W_L.jpg,n00285,L,1.3106253469175748,0.9261678327651764,f15,solo,1.0,1.0,3.0
east_34th_street/east_to_west/26_n00288_W_L.jpg,n00288,L,4.631744831510504,0.9212481047892108,f15,solo,1.0,2.0,3.0
east_34th_street/east_to_west/20_n00294_W_L.jpg,n00294,L,3.491646893706935,0.8749382907821146,f15,solo,1.0,2.0,3.0
east_34th_street/east_to_west/18_n00296_W_L.jpg,n00296,L,3.491671596180453,0.8915579693478789,f15,solo,2.0,2.0,3.0
east_35th_street/east_to_west/45_n00316_W_L.jpg,n00316,L,6.549476249263984,0.93930787065595,f16,solo,1.0,1.0,3.0
east_35th_street/east_to_west/29_n00332_W_L.jpg,n00332,L,4.022018439249885,0.9089593574032474,f16,solo,1.0,3.0,3.0
east_35th_street/east_to_west/16_n00345_W_L.jpg,n00345,L,7.2529913670032276,0.829783726997147,f16,solo,1.0,1.0,3.0
east_36th_street/east_to_west/31_n00377_W_L.jpg,n00377,L,1.9639273653561808,0.7698148213524176,f17,solo,1.0,1.0,3.0
east_36th_street/east_to_west/14_n00394_W_L.jpg,n00394,L,5.012017685608809,0.7615069670237822,f17,solo,1.0,2.0,3.0
east_36th_street/east_to_west/08_n00400_W_L.jpg,n00400,L,6.69588195438706,0.4880169207942819,f17,solo,2.0,2.0,3.0
east_36th_street/east_to_west/06_n00402_W_L.jpg,n00402,L,3.608770001102164,0.4713571057628238,f17,solo,3.0,3.0,3.0
east_37th_street/east_to_west/08_n00438_W_L.jpg,n00438,L,2.048509439492223,0.6968812805053648,f18,solo,1.0,1.0,3.0
east_37th_street/east_to_west/02_n00444_W_L.jpg,n00444,L,7.479514881056557,0.5775686029736506,f18,solo,1.0,1.0,3.0
east_37th_street/east_to_west/01_n00445_W_L.jpg,n00445,L,6.892791263170178,0.5899872469669949,f18,solo,1.0,3.0,3.0
east_38th_street/east_to_west/37_n00465_W_L.jpg,n00465,L,4.596592588998024,0.8954366349224304,f20,solo,3.0,3.0,3.0
east_38th_street/east_to_west/30_n00472_W_L.jpg,n00472,L,2.0976228800443355,0.9007394370237424,f20,solo,1.0,1.0,3.0
east_38th_street/east_to_west/04_n00498_W_L.jpg,n00498,L,4.835220122281084,0.8466246389104166,f20,solo,1.0,3.0,3.0
east_39th_street/east_to_west/32_n00517_W_L.jpg,n00517,L,1.8491314561916563,0.9315762024118648,f21,solo,1.0,2.0,3.0
east_39th_street/east_to_west/31_n00518_W_L.jpg,n00518,L,1.7463292147398632,0.8663504585521827,f21,solo,1.0,1.0,3.0
east_39th_street/east_to_west/30_n00519_W_L.jpg,n00519,L,1.4725893400857375,0.92807620212359,f21,solo,1.0,1.0,3.0
east_39th_street/east_to_west/01_n00548_W_L.jpg,n00548,L,0.1213496189700871,0.5779977827217219,f21,solo,1.0,1.0,3.0
east_40th_street/east_to_west/37_n00558_W_L.jpg,n00558,L,1.1929905072650784,0.8881758750569347,f22,solo,1.0,1.0,3.0
east_40th_street/east_to_west/22_n00573_W_L.jpg,n00573,L,0.3038854724259217,0.8667002245221009,f22,solo,1.0,1.0,3.0
east_40th_street/east_to_west/03_n00592_W_L.jpg,n00592,L,3.0315629399851263,0.8084679624090285,f22,solo,1.0,2.0,3.0
east_41st_street/east_to_west/41_n00598_W_L.jpg,n00598,L,0.0,0.9550188246155392,f23,solo,1.0,1.0,3.0
east_41st_street/east_to_west/24_n00615_W_L.jpg,n00615,L,0.1923086222421257,0.9597037269560644,f23,solo,1.0,1.0,3.0
east_41st_street/east_to_west/09_n00630_W_L.jpg,n00630,L,0.5624429311980986,0.8738359479468396,f23,solo,1.0,1.0,3.0
east_41st_street/east_to_west/06_n00633_W_L.jpg,n00633,L,4.739042813630073,0.9373423554282768,f23,solo,2.0,3.0,5.0
east_41st_street/east_to_west/02_n00637_W_L.jpg,n00637,L,5.254105597165128,0.8283909891713649,f23,solo,1.0,3.0,3.0
east_42nd_street/east_to_west/39_n00648_W_L.jpg,n00648,L,0.0009419645047933,0.9439271289513316,f24,solo,1.0,1.0,3.0
east_42nd_street/east_to_west/27_n00660_W_L.jpg,n00660,L,0.0526855833259087,0.9305756450924086,f24,solo,1.0,1.0,3.0
east_42nd_street/east_to_west/26_n00661_W_L.jpg,n00661,L,0.1926988890087937,0.9293001990792286,f24,solo,1.0,2.0,3.0
east_42nd_street/east_to_west/16_n00671_W_L.jpg,n00671,L,0.0,0.9295575599119972,f24,solo,1.0,1.0,3.0
east_42nd_street/east_to_west/13_n00674_W_L.jpg,n00674,L,1.673546051836296,0.9100503576869678,f24,solo,1.0,1.0,3.0
lexington_avenue/north_to_south/22_n00700_S_L.jpg,n00700,L,0.7938973305077316,0.8917939966825986,f25,solo,1.0,1.0,3.0
lexington_avenue/north_to_south/20_n00702_S_L.jpg,n00702,L,0.5174772628227206,0.8265057504461943,f25,solo,1.0,1.0,3.0
lexington_avenue/north_to_south/09_n00714_S_L.jpg,n00714,L,0.1216584452625515,0.937147274535002,f25,solo,1.0,1.0,3.0
lexington_avenue/north_to_south/05_n00718_S_L.jpg,n00718,L,0.0,0.940277757708284,f25,solo,1.0,1.0,7.0
lexington_avenue/north_to_south/02_n00721_S_L.jpg,n00721,L,0.0203202530131967,0.8915137142059036,f25,solo,1.0,1.0,3.0
madison_avenue/north_to_south/34_n00723_S_L.jpg,n00723,L,0.6164888858365369,0.8711278270084829,f26,solo,1.0,1.0,3.0
madison_avenue/north_to_south/27_n00730_S_L.jpg,n00730,L,0.9120077282826092,0.7967849292734532,f26,solo,2.0,3.0,3.0
madison_avenue/north_to_south/05_n00752_S_L.jpg,n00752,L,1.707986918087546,0.940234195198726,f26,solo,1.0,1.0,3.0
madison_avenue/north_to_south/02_n00755_S_L.jpg,n00755,L,0.1095302385899195,0.8714831635601491,f26,solo,1.0,1.0,3.0
