file,node_id,side,GVI,VEI,face_id,variant,vertical_greenery,vertical_hardscape,green_eye_level,green_softening,signage_detail,enclosure,facade_variation,walking_room,ground_floor_activity,rest_affordance
3rd_avenue/north_to_south/24_n00090_S.jpg,n00090,W,0.4190831161712532,0.8948716968585668,f3,full,1.0,7.0,1.0,1.0,5.0,7.0,5.0,3.0,3.0,1.0
3rd_avenue/north_to_south/24_n00090_S.jpg,n00090,W,0.4190831161712532,0.8948716968585668,f3,solo,1.0,,1.0,,,3.0,,,,
3rd_avenue/north_to_south/12_n00102_S.jpg,n00102,W,2.0959043738188905,0.8999478600475814,f3,full,1.0,7.0,1.0,1.0,5.0,7.0,5.0,3.0,1.0,1.0
3rd_avenue/north_to_south/12_n00102_S.jpg,n00102,W,2.0959043738188905,0.8999478600475814,f3,solo,2.0,,3.0,,,3.0,,,,
Park_Ave_East/north_to_south/25_n00116_S.jpg,n00116,W,4.783022970259078,0.849431576972012,f4,full,1.0,7.0,1.0,1.0,1.0,7.0,1.0,1.0,1.0,1.0
Park_Ave_East/north_to_south/25_n00116_S.jpg,n00116,W,4.783022970259078,0.849431576972012,f4,solo,1.0,,2.0,,,3.0,,,,
Park_Ave_East/north_to_south/19_n00122_S.jpg,n00122,W,27.14064845671448,0.9079806916925328,f4,full,3.0,6.0,5.0,4.0,3.0,6.0,5.0,5.0,3.0,2.0
Park_Ave_East/north_to_south/19_n00122_S.jpg,n00122,W,27.14064845671448,0.9079806916925328,f4,solo,3.0,,5.0,,,3.0,,,,
Tunnel_Exit_Street/north_to_south/04_n00263_S.jpg,n00263,W,0.0726668517417627,0.9463748601763798,f14,full,1.0,7.0,1.0,1.0,1.0,7.0,1.0,1.0,1.0,1.0
Tunnel_Exit_Street/north_to_south/04_n00263_S.jpg,n00263,W,0.0726668517417627,0.9463748601763798,f14,solo,1.0,,1.0,,,3.0,,,,
east_34th_street/east_to_west/43_n00271_W.jpg,n00271,W,0.804102844016135,0.9286648141011012,f15,full,1.0,7.0,1.0,1.0,5.0,7.0,5.0,3.0,1.0,1.0
east_34th_street/east_to_west/43_n00271_W.jpg,n00271,W,0.804102844016135,0.9286648141011012,f15,solo,1.0,,2.0,,,7.0,,,,
east_34th_street/east_to_west/39_n00275_W.jpg,n00275,W,2.963876855242445,0.842386350529492,f15,full,1.0,7.0,1.0,1.0,5.0,7.0,5.0,3.0,1.0,1.0
east_34th_street/east_to_west/39_n00275_W.jpg,n00275,W,2.963876855242445,0.842386350529492,f15,solo,1.0,,1.0,,,3.0,,,,
east_34th_street/east_to_west/21_n00293_W.jpg,n00293,W,4.605819468588085,0.9021663011273394,f15,full,1.0,7.0,1.0,1.0,1.0,7.0,1.0,1.0,1.0,1.0
east_34th_street/east_to_west/21_n00293_W.jpg,n00293,W,4.605819468588085,0.9021663011273394,f15,solo,1.0,,2.0,,,3.0,,,,
east_34th_street/east_to_west/12_n00302_W.jpg,n00302,W,3.9651415129373992,0.637960909408509,f15,full,1.0,7.0,1.0,1.0,3.0,7.0,3.0,3.0,3.0,1.0
east_34th_street/east_to_west/12_n00302_W.jpg,n00302,W,3.9651415129373992,0.637960909408509,f15,solo,1.0,,2.0,,,3.0,,,,
east_34th_street/east_to_west/03_n00311_W.jpg,n00311,W,2.7339123969347554,0.8770408971159032,f15,full,1.0,7.0,1.0,1.0,1.0,7.0,1.0,1.0,1.0,1.0
east_34th_street/east_to_west/03_n00311_W.jpg,n00311,W,2.7339123969347554,0.8770408971159032,f15,solo,1.0,,2.0,,,3.0,,,,
east_34th_street/east_to_west/02_n00312_W.jpg,n00312,W,1.61686151884395,0.8388295087366558,f15,full,1.0,7.0,1.0,1.0,1.0,7.0,1.0,1.0,1.0,1.0
east_34th_street/east_to_west/02_n00312_W.jpg,n00312,W,1.61686151884395,0.8388295087366558,f15,solo,1.0,,2.0,,,3.0,,,,
east_35th_street/east_to_west/40_n00320_W.jpg,n00320,W,1.6649049454125913,0.8927107947993884,f16,full,3.0,6.0,2.0,3.0,3.0,6.0,4.0,4.0,2.0,1.0
east_35th_street/east_to_west/40_n00320_W.jpg,n00320,W,1.6649049454125913,0.8927107947993884,f16,solo,1.0,,2.0,,,3.0,,,,
east_35th_street/east_to_west/37_n00323_W.jpg,n00323,W,7.672129977676141,0.869035711668921,f16,full,1.0,7.0,1.0,1.0,1.0,7.0,1.0,1.0,1.0,1.0
east_35th_street/east_to_west/37_n00323_W.jpg,n00323,W,7.672129977676141,0.869035711668921,f16,solo,2.0,,3.0,,,3.0,,,,
east_35th_street/east_to_west/36_n00324_W.jpg,n00324,W,2.6464796630257235,0.8793977119839457,f16,full,1.0,7.0,1.0,1.0,1.0,7.0,1.0,1.0,1.0,1.0
east_35th_street/east_to_west/36_n00324_W.jpg,n00324,W,2.6464796630257235,0.8793977119839457,f16,solo,2.0,,3.0,,,3.0,,,,
east_35th_street/east_to_west/31_n00329_W.jpg,n00329,W,2.547199204562119,0.8144852524051975,f16,full,1.0,7.0,1.0,1.0,1.0,7.0,1.0,1.0,1.0,1.0
east_35th_street/east_to_west/31_n00329_W.jpg,n00329,W,2.547199204562119,0.8144852524051975,f16,solo,2.0,,2.0,,,3.0,,,,
east_35th_street/east_to_west/26_n00334_W.jpg,n00334,W,5.231516730242526,0.906478532668368,f16,full,3.0,6.0,2.0,3.0,3.0,6.0,4.0,5.0,3.0,2.0
east_35th_street/east_to_west/26_n00334_W.jpg,n00334,W,5.231516730242526,0.906478532668368,f16,solo,3.0,,3.0,,,3.0,,,,
east_35th_street/east_to_west/14_n00346_W.jpg,n00346,W,3.782584428067494,0.8323759672311889,f16,full,3.0,6.0,2.0,3.0,3.0,6.0,3.0,4.0,2.0,1.0
east_35th_street/east_to_west/14_n00346_W.jpg,n00346,W,3.782584428067494,0.8323759672311889,f16,solo,2.0,,3.0,,,3.0,,,,
east_35th_street/east_to_west/06_n00354_W.jpg,n00354,W,7.378521547816198,0.6857619645291498,f16,full,1.0,7.0,1.0,1.0,1.0,7.0,1.0,1.0,1.0,1.0
east_35th_street/east_to_west/06_n00354_W.jpg,n00354,W,7.378521547816198,0.6857619645291498,f16,solo,2.0,,3.0,,,3.0,,,,
east_36th_street/east_to_west/42_n00366_W.jpg,n00366,W,4.6685964908517175,0.8484652300013237,f17,full,1.0,7.0,1.0,1.0,1.0,7.0,1.0,1.0,1.0,1.0
east_36th_street/east_to_west/42_n00366_W.jpg,n00366,W,4.6685964908517175,0.8484652300013237,f17,solo,2.0,,3.0,,,3.0,,,,
east_36th_street/east_to_west/32_n00376_W.jpg,n00376,W,6.670676361249056,0.9003913561467527,f17,full,3.0,6.0,3.0,3.0,2.0,6.0,3.0,4.0,2.0,1.0
east_36th_street/east_to_west/32_n00376_W.jpg,n00376,W,6.670676361249056,0.9003913561467527,f17,solo,3.0,,3.0,,,3.0,,,,
east_36th_street/east_to_west/24_n00384_W.jpg,n00384,W,1.3846857557259151,0.8666564606655635,f17,full,1.0,7.0,1.0,1.0,3.0,7.0,3.0,3.0,1.0,1.0
east_36th_street/east_to_west/24_n00384_W.jpg,n00384,W,1.3846857557259151,0.8666564606655635,f17,solo,1.0,,1.0,,,3.0,,,,
east_36th_street/east_to_west/18_n00390_W.jpg,n00390,W,1.264165433291624,0.8732363572129994,f17,full,1.0,7.0,1.0,1.0,1.0,7.0,1.0,1.0,1.0,1.0
east_36th_street/east_to_west/18_n00390_W.jpg,n00390,W,1.264165433291624,0.8732363572129994,f17,solo,1.0,,2.0,,,3.0,,,,
east_36th_street/east_to_west/16_n00392_W.jpg,n00392,W,2.1840861336071047,0.8169749306328966,f17,full,1.0,7.0,1.0,1.0,1.0,7.0,1.0,1.0,1.0,1.0
east_36th_street/east_to_west/16_n00392_W.jpg,n00392,W,2.1840861336071047,0.8169749306328966,f17,solo,1.0,,1.0,,,3.0,,,,
east_36th_street/east_to_west/07_n00401_W.jpg,n00401,W,5.566619658396634,0.4791154717502706,f17,full,1.0,7.0,1.0,1.0,1.0,7.0,1.0,1.0,1.0,1.0
east_36th_street/east_to_west/07_n00401_W.jpg,n00401,W,5.566619658396634,0.4791154717502706,f17,solo,3.0,,3.0,,,3.0,,,,
east_37th_street/east_to_west/02_n00444_W.jpg,n00444,W,7.479514881056557,0.5775686029736506,f18,full,3.0,6.0,3.0,3.0,2.0,6.0,3.0,4.0,2.0,2.0
east_37th_street/east_to_west/02_n00444_W.jpg,n00444,W,7.479514881056557,0.5775686029736506,f18,solo,3.0,,5.0,,,3.0,,,,
east_38th_street/east_to_west/20_n00482_W.jpg,n00482,W,3.851317580842127,0.9395551641060976,f20,full,1.0,7.0,1.0,1.0,3.0,7.0,3.0,3.0,1.0,1.0
east_38th_street/east_to_west/20_n00482_W.jpg,n00482,W,3.851317580842127,0.9395551641060976,f20,solo,2.0,,3.0,,,3.0,,,,
east_39th_street/east_to_west/47_n00502_W.jpg,n00502,W,0.0,0.8907808313204317,f21,full,1.0,7.0,1.0,1.0,5.0,7.0,5.0,3.0,1.0,1.0
east_39th_street/east_to_west/47_n00502_W.jpg,n00502,W,0.0,0.8907808313204317,f21,solo,1.0,,1.0,,,3.0,,,,
east_39th_street/east_to_west/32_n00517_W.jpg,n00517,W,1.8491314561916563,0.9315762024118648,f21,full,1.0,7.0,1.0,1.0,1.0,7.0,1.0,1.0,1.0,1.0
east_39th_street/east_to_west/32_n00517_W.jpg,n00517,W,1.8491314561916563,0.9315762024118648,f21,solo,1.0,,3.0,,,3.0,,,,
east_39th_street/east_to_west/28_n00521_W.jpg,n00521,W,2.4892431773578334,0.9316004028830234,f21,full,1.0,7.0,1.0,1.0,1.0,7.0,1.0,1.0,1.0,1.0
east_39th_street/east_to_west/28_n00521_W.jpg,n00521,W,2.4892431773578334,0.9316004028830234,f21,solo,2.0,,3.0,,,3.0,,,,
east_39th_street/east_to_west/17_n00532_W.jpg,n00532,W,4.822035315926266,0.9296739304849062,f21,full,1.0,7.0,1.0,1.0,1.0,7.0,1.0,1.0,1.0,1.0
east_39th_street/east_to_west/17_n00532_W.jpg,n00532,W,4.822035315926266,0.9296739304849062,f21,solo,2.0,,3.0,,,3.0,,,,
east_39th_street/east_to_west/03_n00546_W.jpg,n00546,W,0.4032331420306188,0.8391940081390562,f21,full,1.0,7.0,1.0,1.0,1.0,7.0,1.0,1.0,1.0,1.0
east_39th_street/east_to_west/03_n00546_W.jpg,n00546,W,0.4032331420306188,0.8391940081390562,f21,solo,1.0,,1.0,,,3.0,,,,
east_40th_street/east_to_west/43_n00552_W.jpg,n00552,W,0.1851728312300274,0.9519333135737756,f22,full,1.0,7.0,1.0,1.0,5.0,7.0,5.0,3.0,3.0,1.0
east_40th_street/east_to_west/43_n00552_W.jpg,n00552,W,0.1851728312300274,0.9519333135737756,f22,solo,1.0,,1.0,,,3.0,,,,
east_40th_street/east_to_west/32_n00563_W.jpg,n00563,W,0.6348939104731744,0.9636591919976218,f22,full,1.0,7.0,1.0,1.0,5.0,7.0,5.0,5.0,1.0,1.0
east_40th_street/east_to_west/32_n00563_W.jpg,n00563,W,0.6348939104731744,0.9636591919976218,f22,solo,1.0,,1.0,,,3.0,,,,
east_40th_street/east_to_west/15_n00580_W.jpg,n00580,W,3.021886553294717,0.9216197005485977,f22,full,1.0,7.0,1.0,1.0,1.0,7.0,1.0,1.0,1.0,1.0
east_40th_street/east_to_west/15_n00580_W.jpg,n00580,W,3.021886553294717,0.9216197005485977,f22,solo,1.0,,1.0,,,7.0,,,,
east_40th_street/east_to_west/12_n00583_W.jpg,n00583,W,2.271264359778725,0.8575655521756406,f22,full,1.0,7.0,1.0,1.0,1.0,7.0,1.0,1.0,1.0,1.0
east_40th_street/east_to_west/12_n00583_W.jpg,n00583,W,2.271264359778725,0.8575655521756406,f22,solo,1.0,,2.0,,,3.0,,,,
east_41st_street/east_to_west/03_n00636_W.jpg,n00636,W,4.3340000313097065,0.9292662984337012,f23,full,3.0,6.0,2.0,3.0,2.0,6.0,3.0,4.0,2.0,1.0
east_41st_street/east_to_west/03_n00636_W.jpg,n00636,W,4.3340000313097065,0.9292662984337012,f23,solo,3.0,,3.0,,,3.0,,,,
east_42nd_street/east_to_west/45_n00642_W.jpg,n00642,W,0.1043861197064571,0.8925224361576712,f24,full,1.0,7.0,1.0,1.0,5.0,7.0,5.0,3.0,1.0,1.0
east_42nd_street/east_to_west/45_n00642_W.jpg,n00642,W,0.1043861197064571,0.8925224361576712,f24,solo,1.0,,1.0,,,3.0,,,,
east_42nd_street/east_to_west/44_n00643_W.jpg,n00643,W,0.0,0.9317440206013374,f24,full,1.0,7.0,1.0,1.0,5.0,7.0,5.0,3.0,3.0,1.0
east_42nd_street/east_to_west/44_n00643_W.jpg,n00643,W,0.0,0.9317440206013374,f24,solo,1.0,,1.0,,,3.0,,,,
east_42nd_street/east_to_west/26_n00661_W.jpg,n00661,W,0.1926988890087937,0.9293001990792286,f24,full,1.0,7.0,1.0,1.0,1.0,7.0,1.0,1.0,1.0,1.0
east_42nd_street/east_to_west/26_n00661_W.jpg,n00661,W,0.1926988890087937,0.9293001990792286,f24,solo,1.0,,1.0,,,7.0,,,,
east_42nd_street/east_to_west/13_n00674_W.jpg,n00674,W,1.673546051836296,0.9100503576869678,f24,full,1.0,7.0,1.0,1.0,5.0,7.0,5.0,3.0,1.0,1.0
east_42nd_street/east_to_west/13_n00674_W.jpg,n00674,W,1.673546051836296,0.9100503576869678,f24,solo,1.0,,1.0,,,5.0,,,,
east_42nd_street/east_to_west/04_n00683_W.jpg,n00683,W,5.508220803450524,0.6967933215312607,f24,full,1.0,7.0,1.0,1.0,1.0,7.0,1.0,1.0,1.0,1.0
east_42nd_street/east_to_west/04_n00683_W.jpg,n00683,W,5.508220803450524,0.6967933215312607,f24,solo,1.0,,3.0,,,5.0,,,,
lexington_avenue/north_to_south/19_n00702_S.jpg,n00702,W,0.5174772628227206,0.8265057504461943,f25,full,1.0,7.0,1.0,1.0,1.0,7.0,1.0,1.0,1.0,1.0
lexington_avenue/north_to_south/19_n00702_S.jpg,n00702,W,0.5174772628227206,0.8265057504461943,f25,solo,1.0,,1.0,,,3.0,,,,
lexington_avenue/north_to_south/13_n00708_S.jpg,n00708,W,0.819609404381346,0.921177312627784,f25,full,1.0,7.0,1.0,1.0,1.0,7.0,1.0,1.0,1.0,1.0
lexington_avenue/north_to_south/13_n00708_S.jpg,n00708,W,0.819609404381346,0.921177312627784,f25,solo,1.0,,3.0,,,3.0,,,,
madison_avenue/north_to_south/13_n00743_S.jpg,n00743,W,0.0,0.943817569171122,f26,full,1.0,7.0,1.0,1.0,1.0,7.0,1.0,1.0,1.0,1.0
madison_avenue/north_to_south/13_n00743_S.jpg,n00743,W,0.0,0.943817569171122,f26,solo,1.0,,1.0,,,3.0,,,,
tudor_city_place/north_to_south/5_n00760_S.jpg,n00760,W,4.69855906870404,0.7881987718059493,f27,full,1.0,7.0,1.0,1.0,1.0,7.0,1.0,1.0,1.0,1.0
tudor_city_place/north_to_south/5_n00760_S.jpg,n00760,W,4.69855906870404,0.7881987718059493,f27,solo,2.0,,3.0,,,3.0,,,,
