section,street,n,M,sd
1,1st Avenue,3,0.5821449946629981,0.041912720767256745
2,1st Avenue,3,0.5572218958405561,0.03012098795131552
3,1st Avenue,6,0.7355144797253269,0.042650043648234714
4,1st Avenue,2,0.34019380280599076,0.02952234197465302
6,1st Avenue,15,0.41330870020769567,0.06082502701729012
7,1st Avenue,2,0.4237294662006568,0.05703779431099355
8,2nd Avenue,3,0.5680637583108046,0.10969012899489168
9,2nd Avenue,2,0.625035507949167,0.039304538723364084
10,2nd Avenue,2,0.5639365876932132,0.04521717392870428
11,2nd Avenue,3,0.616519330551102,0.1761692153209067
12,2nd Avenue,3,0.5223873285091301,0.09431041326907875
13,2nd Avenue,3,0.39897938057531485,0.036657290170136546
14,2nd Avenue,3,0.6334631138031249,0.11111935707552874
15,2nd Avenue,3,0.5439016787010361,0.10082352346535076
16,2nd Avenue,1,0.5078647702910275,
17,3rd Avenue,1,0.5825190228289878,
18,3rd Avenue,3,0.5999124843937018,0.019144943249988926
19,3rd Avenue,3,0.6283181127072653,0.11776338584026776
20,3rd Avenue,3,0.576949004552339,0.07482406392024901
21,3rd Avenue,3,0.5714980262414993,0.04960291237899319
22,3rd Avenue,3,0.6189836555669849,0.07928776917796256
23,3rd Avenue,3,0.4813219449965011,0.05372074172894971
24,3rd Avenue,2,0.4070657535099789,0.06457279789427729
25,3rd Avenue,3,0.49109369894720906,0.036415613276762904
26,East 34th Street,7,0.49835327233070476,0.10442348622080476
27,East 34th Street,6,0.6754106879191779,0.05085254854606979
28,East 34th Street,6,0.5310336899982723,0.0878356296813604
29,East 34th Street,9,0.6492086332094227,0.05595225229317927
30,East 34th Street,2,0.508822847322955,0.01814336085112664
31,East 34th Street,7,0.5776948352847503,0.057754113941949264
32,East 35th Street,6,0.5095758377586691,0.05965920831086694
33,East 35th Street,6,0.699543440100154,0.08725472679093776
34,East 35th Street,7,0.6411681286809936,0.10037112743244472
35,East 35th Street,3,0.5138547404168973,0.024797537972818164
36,East 35th Street,6,0.5668080275257134,0.05416073569196527
37,East 35th Street,2,0.46341035625468596,0.014996503748794814
38,East 35th Street,1,0.609589950461961,
39,East 36th Street,6,0.5658072331947711,0.06900764856810244
40,East 36th Street,6,0.6678315152039844,0.0736984331789671
41,East 36th Street,7,0.5148322774816044,0.09820485788129071
42,East 36th Street,9,0.4680802464665869,0.06131382324060168
43,East 36th Street,1,0.596691691085012,
44,East 36th Street,5,0.6120636819838139,0.04025326170756238
45,East 37th Street,6,0.6035403118612971,0.07019546686202605
46,East 37th Street,6,0.6616374470212141,0.09835894228624413
47,East 37th Street,7,0.5703067930086964,0.09470721455265917
48,East 37th Street,2,0.41464900382339903,0.0179271379170836
49,East 37th Street,5,0.5612455358689461,0.14688058192672926
50,East 37th Street,3,0.677122823997311,0.051337923522409644
51,East 38th Street,6,0.5878891699094333,0.10432070483435028
52,East 38th Street,6,0.5530858616618494,0.053958557806651035
53,East 38th Street,6,0.6828342759683351,0.13467652973030447
54,East 38th Street,3,0.6022649599929837,0.04612091627681656
55,East 38th Street,5,0.6287028993907103,0.11433455433106736
56,East 38th Street,2,0.591331301379104,0.005336122005163826
57,East 38th Street,6,0.5282267529502456,0.0659937115051444
58,East 39th Street,7,0.512860620559439,0.07019690471591064
59,East 39th Street,6,0.5893457747345957,0.11315869984916549
60,East 39th Street,6,0.5990394031956944,0.1213870139173118
61,East 39th Street,3,0.5593492749694907,0.13483430419648182
62,East 39th Street,5,0.708074559197956,0.09791185798674548
63,East 39th Street,2,0.5370683009570605,0.022860076854496713
64,East 39th Street,6,0.3855142631727159,0.08276909582674709
65,East 40th Street,6,0.2692135466761359,0.04787093176939776
66,East 40th Street,6,0.5317246513059356,0.07922376561552058
67,East 40th Street,7,0.5136076375583322,0.05950878696394042
68,East 40th Street,3,0.25226192706033435,0.025315209053378016
69,East 40th Street,5,0.5728836360354788,0.1747489949645987
70,East 40th Street,2,0.714562225548381,0.035589441449241206
71,East 40th Street,5,0.41011840914710973,0.07532458421408839
72,East 41st Street,5,0.4339121036075702,0.14485456775423586
73,East 41st Street,7,0.3206038633775515,0.08791968908180085
74,East 41st Street,7,0.2845869924325041,0.08697709591565543
75,East 41st Street,3,0.44586785654063116,0.1933301707101622
76,East 41st Street,5,0.3757678166486128,0.07992529487089574
77,East 41st Street,7,0.6399530966177763,0.1278785282157114
78,East 42nd Street,14,0.4561666172870469,0.06382858178245947
79,East 42nd Street,7,0.38344861162684873,0.06090763500881054
80,East 42nd Street,9,0.4156103127886034,0.07448073530293935
81,East 42nd Street,7,0.514673679622962,0.0735533762419339
82,East 42nd Street,1,0.32786123999542277,
83,Lexington Avenue,3,0.5601056544342741,0.07980688822035639
84,Lexington Avenue,2,0.539871164910688,0.08608454564683211
85,Lexington Avenue,2,0.4963058470562539,0.09318536098234255
86,Lexington Avenue,3,0.5524324826570622,0.11557926176963845
87,Lexington Avenue,3,0.5235865246475281,0.03951360091421432
88,Lexington Avenue,2,0.6899649316153653,0.0395936582099461
89,Lexington Avenue,3,0.45871650123194235,0.08451467068324407
90,Lexington Avenue,3,0.2645597428527046,0.03961131719063282
91,Lexington Avenue,1,0.26197307798195624,
92,Madison Avenue,2,0.39663875182777275,0.029252403399290697
93,Madison Avenue,3,0.522237125951656,0.1155923006414154
94,Madison Avenue,2,0.7180671577183952,0.11361518883973065
95,Madison Avenue,2,0.5162691194565364,0.11022409863094573
96,Madison Avenue,2,0.4221111046856126,0.011391857296813036
97,Madison Avenue,2,0.43469922462276167,0.0027349927064951934
98,Madison Avenue,3,0.4417271952961344,0.0561533906441528
99,Madison Avenue,3,0.5061100978139293,0.09289140013243734
100,Park Avenue,2,0.7364358266273963,0.04343808485226205
101,Park Avenue,2,0.754506377887866,0.0027122927013638306
102,Park Avenue,2,0.6540178952542647,0.07138601735080762
103,Park Avenue,2,0.7794518126841958,0.06845895112998404
104,Park Avenue,2,0.7976202690601251,0.03353317480624358
105,Park Avenue,2,0.6371540124984136,0.08433916644977923
106,Park Avenue,1,0.42151570056584486,
107,Park Avenue,3,0.7202450006064094,0.06723421265874764
108,Park Avenue,3,0.7779132717146382,0.024065439394419456
109,Park Avenue,3,0.7110490257188639,0.049833853041237865
110,Park Avenue,3,0.8255821265633848,0.02954320346263513
111,Park Avenue,3,0.7492846908275731,0.07064243630170791
112,Park Avenue,2,0.6462063168709111,0.02387416526666717
113,Park Avenue,3,0.3396254191689268,0.0944104618111818
114,Park Avenue,3,0.6899541840981741,0.017944200785863913
115,Park Avenue,3,0.4351894100982359,0.08530633951796554
116,Park Avenue,3,0.4474701157683536,0.1242134128298018
117,Park Avenue,3,0.12941486951277137,0.029526982604570217
118,Tudor City Place,3,0.7256573635206823,0.08176173999928818
119,Tunnel Exit Street,2,0.2191058095305441,0.028956479028726768
120,Tunnel Exit Street,2,0.45016285127823974,0.0022383254217839465
121,Tunnel Exit Street,2,0.34798308071825534,0.004367875114438248
122,Tunnel Exit Street,2,0.1428230762327238,0.015368497360348494
