file,signage_detail_raw,signage_detail_clean,walkable_ground_raw,walkable_ground_clean,vertical_hardscape_raw,vertical_hardscape_clean
Park_Ave_West/north_to_south/014_n00232_S_L.jpg,3.420741230249405,3.253801410086453,4.572235971689224,4.6981520019471645,5.776455973275006,5.777306380216032
east_35th_street/west_to_east/002_n00315_E_R.jpg,4.460718981921673,4.380428581498563,3.797052225098014,3.4193975226953626,5.152191465254873,5.049660214688629
Park_Ave_Tunnel_Segment/east_to_west/050_n00166_W_L.jpg,4.325088370591402,3.919965174049139,4.574969531968236,4.6095136646181345,5.0017251879908144,5.030829216353595
east_35th_street/east_to_west/022_n00339_W_R.jpg,4.372399190440774,4.460862757638097,4.402325216680765,4.3717040829360485,5.159377327887341,5.1640970767475665
madison_avenue/south_to_north/017_n00739_N_L.jpg,5.188943492248654,5.096196467988193,4.343167312443256,4.198179599829018,6.265320398262702,6.290737577131949
east_39th_street/west_to_east/025_n00526_E_R.jpg,5.846373094653245,5.809922858024947,4.880579459946603,4.8837001314386725,5.328479993157089,5.723110765917227
east_35th_street/east_to_west/003_n00358_W_R.jpg,1.9114292962476611,1.7533587627112865,4.44093516562134,4.5011773603037,4.423823606222868,4.3802924528717995
east_39th_street/west_to_east/007_n00508_E_L.jpg,4.938419771846384,4.819560883566737,5.025421726983041,4.957943621091545,6.716565372887999,6.699961054138839
east_40th_street/east_to_west/040_n00555_W_L.jpg,4.500056836754084,4.533818582072854,4.2767439521849155,4.324484080076218,6.254359007813036,6.17953665391542
east_39th_street/east_to_west/039_n00510_W_R.jpg,5.619462139206007,5.222309418255463,5.197335515869781,5.0593129699118435,6.3892182930139825,6.266680259723216
east_36th_street/east_to_west/020_n00388_W_R.jpg,3.2921707136556506,3.240540458355099,3.2704454883933067,3.3935711104422808,4.711138402111828,4.699117329902947
east_37th_street/east_to_west/026_n00429_W_L.jpg,3.946494451723993,3.819194156676531,3.374834066722542,3.218543571420014,4.851567826233804,4.831204513087869
east_42nd_street/east_to_west/040_n00649_W_L.jpg,5.412814405979589,5.264525348087773,5.169571001082659,5.1365474835038185,6.624564995523542,6.604198549932335
3rd_avenue/south_to_north/012_n00091_N_R.jpg,4.786730976309627,4.572965160943568,5.234649255871773,5.231175606139004,4.917547729332,4.850503225810826
east_35th_street/west_to_east/006_n00319_E_L.jpg,3.604685381986201,3.7156816222704947,5.155182846821845,5.192794873379171,4.788197388872504,4.711109128315002
1st_avenue/south_to_north/001_n00000_N_R.jpg,5.1200287425890565,4.740479912608862,4.94332293048501,4.866051441989839,6.182647409033962,6.2709852564148605
Park_Ave_Tunnel_Segment/west_to_east/047_n00198_E_L.jpg,3.5754502583295107,3.513156927190721,4.993561925366521,5.141592847183347,5.040830928832293,5.199753273278475
tudor_city_place/north_to_south/006_n00760_S_L.jpg,4.907515276223421,4.988272544927895,5.143133556935936,5.210641724057496,5.261765888426453,5.260968319373205
east_35th_street/west_to_east/024_n00337_E_R.jpg,5.600493689416908,5.5487382595893,5.006956179160625,5.0848062564618886,5.125506775453687,5.035167046356946
3rd_avenue/north_to_south/029_n00085_S_L.jpg,5.513751574209891,5.528825695393607,5.006956179160625,5.03853760054335,5.124008278362453,4.998918411321938
madison_avenue/south_to_north/001_n00723_N_L.jpg,5.402880826033652,5.572078746277839,4.8377185091376305,4.773451821878552,6.06938367523253,6.225367066101171
2nd_avenue/north_to_south/025_n00055_S_R.jpg,5.113838494289666,4.967951928498223,4.872738100588322,4.919573932886124,4.565337622538209,4.580573956482112
1st_avenue/south_to_north/017_n00016_N_R.jpg,4.152293771505356,3.965773019939661,4.633170410990715,4.25318881124258,4.119032673537731,4.006129093468189
Park_Ave_East/south_to_north/027_n00140_N_R.jpg,5.211897891014814,5.030995369423181,5.153264181688428,5.143606823403388,6.824598966049962,6.825056904053781
east_35th_street/east_to_west/044_n00317_W_R.jpg,3.95015687122941,3.5566174061968923,3.271000150591135,3.4754051556810737,4.90790384169668,4.851566909812391
3rd_avenue/north_to_south/030_n00084_S_R.jpg,5.2574439068557695,5.135210975189693,4.874464522115886,4.874495767056942,5.008656570222229,5.052283705677837
2nd_avenue/south_to_north/026_n00071_N_L.jpg,5.108628829708323,4.9821838876232505,4.933908581733704,4.800935980863869,5.066497302614152,4.848486820235848
3rd_avenue/north_to_south/027_n00087_S_L.jpg,5.691635121940635,5.695291793730576,5.044072711374611,4.9984418652020395,4.823040541727096,4.951336876489222
Park_Ave_West/south_to_north/005_n00213_N_L.jpg,4.5620662700384855,4.593275796622038,4.781504610553384,4.772066045552492,5.218753315042704,5.271325852372684
east_40th_street/east_to_west/029_n00566_W_R.jpg,4.257731938734651,4.131079415790737,3.8937839698046446,3.88277193531394,4.965400142595172,4.967372249811888
east_42nd_street/west_to_east/036_n00676_E_R.jpg,5.141037859022617,5.080429743044078,4.629316506907344,4.656107978895307,6.014937703264877,6.134063513716683
east_41st_street/west_to_east/042_n00636_E_R.jpg,3.41989719029516,3.3565265042707324,3.911242200061679,3.9690038710832596,4.971766564063728,4.938014477258548
east_41st_street/west_to_east/006_n00600_E_L.jpg,4.322611989453435,4.308755749836564,3.5211592400446534,3.4328243150375783,5.299120281357318,5.377843791618943
east_42nd_street/east_to_west/046_n00643_W_R.jpg,5.7619808882591315,5.647114344523288,5.105305169709027,5.2098989970982075,6.36851306213066,6.4449915828881785
Park_Ave_Tunnel_Segment/east_to_west/019_n00183_W_R.jpg,2.605956183746457,2.4097596164792776,5.722381563857198,5.656330902129412,5.263352564536035,5.23624687967822
Park_Ave_East/south_to_north/008_n00121_N_R.jpg,5.011993703898042,4.97473310213536,4.635246927849948,4.738413042388856,5.060963431373239,4.9630285943858325
east_39th_street/west_to_east/012_n00513_E_L.jpg,4.795512300450355,4.509853099472821,5.201567265205085,5.2085429932922125,5.755501655861735,5.579743707552552
east_35th_street/east_to_west/029_n00332_W_L.jpg,5.194895692635328,5.105437037767842,5.004135967232287,5.109528459608555,5.408642304362729,5.367006454383954
Tunnel_Exit_Street/north_to_south/009_n00258_S_L.jpg,3.2984888991340995,3.304884518496692,5.2537841983139515,5.190029995515943,4.973250245675445,5.019496868364513
madison_avenue/south_to_north/011_n00733_N_L.jpg,4.20587177015841,4.050707335583866,5.131234179949388,5.125015635509044,4.860180705785751,4.8302557077258825
east_41st_street/east_to_west/013_n00628_W_L.jpg,4.809209947939962,4.969947872683406,3.2281248113140464,3.349300103727728,5.115746007300913,5.131837296299636
east_40th_street/east_to_west/012_n00583_W_L.jpg,5.4623559368774295,5.202673452207819,5.26546113146469,5.278744352981448,5.269416745984927,5.201014777412638
east_42nd_street/east_to_west/024_n00665_W_L.jpg,5.651793069962878,5.51374477497302,4.8970522419549525,4.8608770510181785,6.320779034169391,6.21801016817335
Park_Ave_East/north_to_south/004_n00148_S_R.jpg,5.0281421090476215,4.951947274617851,4.760952457785606,4.860028900206089,6.016309975413606,6.255798183730803
east_34th_street/east_to_west/040_n00274_W_R.jpg,5.367539693135768,5.116881502792239,4.19831127859652,4.265368768945336,5.1422648867592216,4.972654196899384
lexington_avenue/south_to_north/001_n00689_N_R.jpg,3.9390712324529886,3.9181495336815715,5.019756015390158,5.098570767324418,5.157306698150933,5.179992991732433
1st_avenue/north_to_south/004_n00042_S_R.jpg,4.201034093275666,4.145868850871921,5.266581648029387,5.244869067333639,5.483987237792462,5.49682566197589
