node_id,street_name,lat,lng,heading_fwd_deg,heading_rev_deg,seq_fwd,seq_rev,is_tunnel,is_bridge
1st_avenue_west_001,1st Avenue,40.747591,-73.97087,28.6,208.6,1,10,0,0
1st_avenue_west_002,1st Avenue,40.747749,-73.970757,28.6,208.6,2,9,0,0
1st_avenue_west_003,1st Avenue,40.747908,-73.970643,25.1,205.1,3,8,0,0
1st_avenue_west_004,1st Avenue,40.748072,-73.970543,23.6,203.6,4,7,0,0
1st_avenue_west_005,1st Avenue,40.748237,-73.970448,27.3,207.3,5,6,0,0
1st_avenue_west_006,1st Avenue,40.748398,-73.970339,29.2,209.2,6,5,0,0
1st_avenue_west_007,1st Avenue,40.748556,-73.970224,29.2,209.2,7,4,0,0
1st_avenue_west_008,1st Avenue,40.748714,-73.970108,31.1,211.1,8,3,0,0
1st_avenue_west_009,1st Avenue,40.748868,-73.969986,44.7,224.7,9,2,0,0
1st_avenue_west_010,1st Avenue,40.748997,-73.969819,44.7,224.7,10,1,0,0
1st_avenue_east_001,1st Avenue,40.743556,-73.973677,29.0,209.0,1,36,0,0
1st_avenue_east_002,1st Avenue,40.743714,-73.973562,29.4,209.4,2,35,0,0
1st_avenue_east_003,1st Avenue,40.743871,-73.973445,29.3,209.3,3,34,0,0
1st_avenue_east_004,1st Avenue,40.744029,-73.973329,29.3,209.3,4,33,0,0
1st_avenue_east_005,1st Avenue,40.744187,-73.973213,28.7,208.7,5,32,0,0
1st_avenue_east_006,1st Avenue,40.744346,-73.9731,28.8,208.8,6,31,0,0
1st_avenue_east_007,1st Avenue,40.744504,-73.972985,28.9,208.9,7,30,0,0
1st_avenue_east_008,1st Avenue,40.744663,-73.972871,28.8,208.8,8,29,0,0
1st_avenue_east_009,1st Avenue,40.744821,-73.972756,29.3,209.3,9,28,0,0
1st_avenue_east_010,1st Avenue,40.744979,-73.97264,29.3,209.3,10,27,0,0
1st_avenue_east_011,1st Avenue,40.745137,-73.972524,29.3,209.3,11,26,0,0
1st_avenue_east_012,1st Avenue,40.745294,-73.972409,29.2,209.2,12,25,0,0
1st_avenue_east_013,1st Avenue,40.745452,-73.972293,29.0,209.0,13,24,0,0
1st_avenue_east_014,1st Avenue,40.74561,-73.972178,28.9,208.9,14,23,0,0
1st_avenue_east_015,1st Avenue,40.745769,-73.972063,29.1,209.1,15,22,0,0
1st_avenue_east_016,1st Avenue,40.745927,-73.971948,29.1,209.1,16,21,0,0
1st_avenue_east_017,1st Avenue,40.746085,-73.971833,28.7,208.7,17,20,0,0
1st_avenue_east_018,1st Avenue,40.746243,-73.971719,29.4,209.4,18,19,0,0
1st_avenue_east_019,1st Avenue,40.746401,-73.971602,29.2,209.2,19,18,0,0
1st_avenue_east_020,1st Avenue,40.746559,-73.971487,28.8,208.8,20,17,0,0
1st_avenue_east_021,1st Avenue,40.746718,-73.971373,28.9,208.9,21,16,0,0
1st_avenue_east_022,1st Avenue,40.746876,-73.971258,29.5,209.5,22,15,0,0
1st_avenue_east_023,1st Avenue,40.747033,-73.971141,27.4,207.4,23,14,0,0
1st_avenue_east_024,1st Avenue,40.747194,-73.971032,27.4,207.4,24,13,0,0
1st_avenue_east_025,1st Avenue,40.747354,-73.970922,27.6,207.6,25,12,0,0
1st_avenue_east_026,1st Avenue,40.747515,-73.970813,28.7,208.7,26,11,0,0
1st_avenue_east_027,1st Avenue,40.747673,-73.970699,30.0,210.0,27,10,0,0
1st_avenue_east_028,1st Avenue,40.74783,-73.970581,41.5,221.5,28,9,0,0
1st_avenue_east_029,1st Avenue,40.747965,-73.970423,49.4,229.4,29,8,0,0
1st_avenue_east_030,1st Avenue,40.748083,-73.970244,38.1,218.1,30,7,0,0
1st_avenue_east_031,1st Avenue,40.748224,-73.970098,28.2,208.2,31,6,0,0
1st_avenue_east_032,1st Avenue,40.748384,-73.969986,28.2,208.2,32,5,0,0
1st_avenue_east_033,1st Avenue,40.748543,-73.969875,26.7,206.7,33,4,0,0
1st_avenue_east_034,1st Avenue,40.748705,-73.969768,20.3,200.3,34,3,0,0
1st_avenue_east_035,1st Avenue,40.748874,-73.969686,21.5,201.5,35,2,0,0
1st_avenue_east_036,1st Avenue,40.749043,-73.969599,21.5,201.5,36,1,0,0
1st_avenue_tunnel_001,1st Avenue Tunnel,40.74783,-73.97058,23.1,203.1,1,11,0,0
1st_avenue_tunnel_002,1st Avenue Tunnel,40.747996,-73.970487,28.8,208.8,2,10,0,0
1st_avenue_tunnel_003,1st Avenue Tunnel,40.748155,-73.970373,28.8,208.8,3,9,0,0
1st_avenue_tunnel_004,1st Avenue Tunnel,40.748313,-73.970258,28.8,208.8,4,8,0,0
1st_avenue_tunnel_005,1st Avenue Tunnel,40.748472,-73.970144,28.8,208.8,5,7,0,0
1st_avenue_tunnel_006,1st Avenue Tunnel,40.74863,-73.97003,203.6,23.6,6,6,0,0
1st_avenue_tunnel_007,1st Avenue Tunnel,40.747991,-73.970396,29.9,209.9,7,5,0,0
1st_avenue_tunnel_008,1st Avenue Tunnel,40.748148,-73.970277,29.2,209.2,8,4,0,0
1st_avenue_tunnel_009,1st Avenue Tunnel,40.748306,-73.970161,29.2,209.2,9,3,0,0
1st_avenue_tunnel_010,1st Avenue Tunnel,40.748463,-73.970046,29.2,209.2,10,2,0,0
1st_avenue_tunnel_011,1st Avenue Tunnel,40.748621,-73.96993,29.2,209.2,11,1,0,0
1st_avenue_tunnel_tunnel_001,1st Avenue Tunnel,40.748722,-73.969964,29.0,209.0,1,6,1,0
1st_avenue_tunnel_tunnel_002,1st Avenue Tunnel,40.74888,-73.969849,29.0,209.0,2,5,1,0
1st_avenue_tunnel_tunnel_003,1st Avenue Tunnel,40.749038,-73.969734,197.8,17.8,3,4,1,0
1st_avenue_tunnel_tunnel_004,1st Avenue Tunnel,40.748688,-73.969881,29.1,209.1,4,3,1,0
1st_avenue_tunnel_tunnel_005,1st Avenue Tunnel,40.748846,-73.969766,29.1,209.1,5,2,1,0
1st_avenue_tunnel_tunnel_006,1st Avenue Tunnel,40.749004,-73.969651,29.1,209.1,6,1,1,0
2nd_avenue_001,2nd Avenue,40.744502,-73.976098,28.9,208.9,1,36,0,0
2nd_avenue_002,2nd Avenue,40.744661,-73.975984,29.2,209.2,2,35,0,0
2nd_avenue_003,2nd Avenue,40.744819,-73.975868,29.3,209.3,3,34,0,0
2nd_avenue_004,2nd Avenue,40.744976,-73.975752,29.3,209.3,4,33,0,0
2nd_avenue_005,2nd Avenue,40.745134,-73.975636,29.3,209.3,5,32,0,0
2nd_avenue_006,2nd Avenue,40.745292,-73.975519,29.3,209.3,6,31,0,0
2nd_avenue_007,2nd Avenue,40.745449,-73.975403,29.3,209.3,7,30,0,0
2nd_avenue_008,2nd Avenue,40.745607,-73.975287,29.3,209.3,8,29,0,0
2nd_avenue_009,2nd Avenue,40.745765,-73.975171,29.3,209.3,9,28,0,0
2nd_avenue_010,2nd Avenue,40.745923,-73.975055,29.3,209.3,10,27,0,0
2nd_avenue_011,2nd Avenue,40.74608,-73.974939,29.3,209.3,11,26,0,0
2nd_avenue_012,2nd Avenue,40.746238,-73.974823,29.3,209.3,12,25,0,0
2nd_avenue_013,2nd Avenue,40.746396,-73.974707,29.0,209.0,13,24,0,0
2nd_avenue_014,2nd Avenue,40.746607,-73.974553,28.9,208.9,14,23,0,0
2nd_avenue_015,2nd Avenue,40.746765,-73.974438,28.9,208.9,15,22,0,0
2nd_avenue_016,2nd Avenue,40.746924,-73.974323,28.9,208.9,16,21,0,0
2nd_avenue_017,2nd Avenue,40.747082,-73.974209,28.9,208.9,17,20,0,0
2nd_avenue_018,2nd Avenue,40.74724,-73.974094,28.9,208.9,18,19,0,0
2nd_avenue_019,2nd Avenue,40.747399,-73.97398,28.9,208.9,19,18,0,0
2nd_avenue_020,2nd Avenue,40.747557,-73.973865,28.9,208.9,20,17,0,0
2nd_avenue_021,2nd Avenue,40.747716,-73.97375,28.9,208.9,21,16,0,0
2nd_avenue_022,2nd Avenue,40.747874,-73.973636,28.9,208.9,22,15,0,0
2nd_avenue_023,2nd Avenue,40.748032,-73.973521,28.9,208.9,23,14,0,0
2nd_avenue_024,2nd Avenue,40.748191,-73.973406,28.9,208.9,24,13,0,0
2nd_avenue_025,2nd Avenue,40.748349,-73.973292,28.9,208.9,25,12,0,0
2nd_avenue_026,2nd Avenue,40.748507,-73.973177,28.9,208.9,26,11,0,0
2nd_avenue_027,2nd Avenue,40.748666,-73.973063,28.9,208.9,27,10,0,0
2nd_avenue_028,2nd Avenue,40.748824,-73.972948,28.9,208.9,28,9,0,0
2nd_avenue_029,2nd Avenue,40.748982,-73.972833,29.1,209.1,29,8,0,0
2nd_avenue_030,2nd Avenue,40.74914,-73.972718,29.7,209.7,30,7,0,0
2nd_avenue_031,2nd Avenue,40.749298,-73.972601,29.7,209.7,31,6,0,0
2nd_avenue_032,2nd Avenue,40.749455,-73.972483,29.7,209.7,32,5,0,0
2nd_avenue_033,2nd Avenue,40.749612,-73.972366,29.7,209.7,33,4,0,0
2nd_avenue_034,2nd Avenue,40.749769,-73.972248,29.4,209.4,34,3,0,0
2nd_avenue_035,2nd Avenue,40.749926,-73.972132,29.3,209.3,35,2,0,0
2nd_avenue_036,2nd Avenue,40.750084,-73.972015,29.3,209.3,36,1,0,0
3rd_avenue_001,3rd Avenue,40.745451,-73.978339,29.0,209.0,1,37,0,0
3rd_avenue_002,3rd Avenue,40.74561,-73.978224,29.5,209.5,2,36,0,0
3rd_avenue_003,3rd Avenue,40.745767,-73.978107,28.8,208.8,3,35,0,0
3rd_avenue_004,3rd Avenue,40.745926,-73.977993,29.0,209.0,4,34,0,0
3rd_avenue_005,3rd Avenue,40.746084,-73.977878,29.0,209.0,5,33,0,0
3rd_avenue_006,3rd Avenue,40.746242,-73.977763,29.0,209.0,6,32,0,0
3rd_avenue_007,3rd Avenue,40.7464,-73.977648,29.7,209.7,7,31,0,0
3rd_avenue_008,3rd Avenue,40.746557,-73.977531,30.0,210.0,8,30,0,0
3rd_avenue_009,3rd Avenue,40.746714,-73.977412,30.0,210.0,9,29,0,0
3rd_avenue_010,3rd Avenue,40.746871,-73.977294,29.7,209.7,10,28,0,0
3rd_avenue_011,3rd Avenue,40.747028,-73.977176,27.5,207.5,11,27,0,0
3rd_avenue_012,3rd Avenue,40.747188,-73.977067,27.5,207.5,12,26,0,0
3rd_avenue_013,3rd Avenue,40.747349,-73.976957,27.5,207.5,13,25,0,0
3rd_avenue_014,3rd Avenue,40.747509,-73.976848,27.5,207.5,14,24,0,0
3rd_avenue_015,3rd Avenue,40.74767,-73.976738,29.0,209.0,15,23,0,0
3rd_avenue_016,3rd Avenue,40.747828,-73.976624,29.2,209.2,16,22,0,0
3rd_avenue_017,3rd Avenue,40.747986,-73.976508,29.1,209.1,17,21,0,0
3rd_avenue_018,3rd Avenue,40.748144,-73.976392,28.8,208.8,18,20,0,0
3rd_avenue_019,3rd Avenue,40.748302,-73.976278,29.1,209.1,19,19,0,0
3rd_avenue_020,3rd Avenue,40.74846,-73.976163,29.2,209.2,20,18,0,0
3rd_avenue_021,3rd Avenue,40.748618,-73.976047,29.2,209.2,21,17,0,0
3rd_avenue_022,3rd Avenue,40.748776,-73.975931,29.0,209.0,22,16,0,0
3rd_avenue_023,3rd Avenue,40.748934,-73.975816,29.0,209.0,23,15,0,0
3rd_avenue_024,3rd Avenue,40.749092,-73.975701,28.9,208.9,24,14,0,0
3rd_avenue_025,3rd Avenue,40.749251,-73.975587,29.0,209.0,25,13,0,0
3rd_avenue_026,3rd Avenue,40.749409,-73.975472,29.8,209.8,26,12,0,0
3rd_avenue_027,3rd Avenue,40.749566,-73.975354,29.0,209.0,27,11,0,0
3rd_avenue_028,3rd Avenue,40.749724,-73.975239,29.1,209.1,28,10,0,0
3rd_avenue_029,3rd Avenue,40.749882,-73.975123,29.0,209.0,29,9,0,0
3rd_avenue_030,3rd Avenue,40.75004,-73.975008,28.5,208.5,30,8,0,0
3rd_avenue_031,3rd Avenue,40.750199,-73.974895,29.4,209.4,31,7,0,0
3rd_avenue_032,3rd Avenue,40.750357,-73.974779,29.4,209.4,32,6,0,0
3rd_avenue_033,3rd Avenue,40.750514,-73.974662,29.2,209.2,33,5,0,0
3rd_avenue_034,3rd Avenue,40.750672,-73.974547,28.9,208.9,34,4,0,0
3rd_avenue_035,3rd Avenue,40.75083,-73.974432,29.1,209.1,35,3,0,0
3rd_avenue_036,3rd Avenue,40.750988,-73.974316,29.1,209.1,36,2,0,0
3rd_avenue_037,3rd Avenue,40.751146,-73.974201,29.1,209.1,37,1,0,0
east_34th_street_001,East 34th Street,40.743704,-73.973314,299.0,119.0,1,49,0,0
east_34th_street_002,East 34th Street,40.743792,-73.973521,299.0,119.0,2,48,0,0
east_34th_street_003,East 34th Street,40.74388,-73.973729,299.0,119.0,3,47,0,0
east_34th_street_004,East 34th Street,40.743967,-73.973936,299.0,119.0,4,46,0,0
east_34th_street_005,East 34th Street,40.744055,-73.974144,299.0,119.0,5,45,0,0
east_34th_street_006,East 34th Street,40.744142,-73.974351,298.9,118.9,6,44,0,0
east_34th_street_007,East 34th Street,40.74423,-73.974559,298.9,118.9,7,43,0,0
east_34th_street_008,East 34th Street,40.744317,-73.974767,298.9,118.9,8,42,0,0
east_34th_street_009,East 34th Street,40.744405,-73.974974,299.2,119.2,9,41,0,0
east_34th_street_010,East 34th Street,40.744493,-73.975181,298.8,118.8,10,40,0,0
east_34th_street_011,East 34th Street,40.74458,-73.975389,299.1,119.1,11,39,0,0
east_34th_street_012,East 34th Street,40.744668,-73.975596,299.1,119.1,12,38,0,0
east_34th_street_013,East 34th Street,40.744756,-73.975803,299.1,119.1,13,37,0,0
east_34th_street_014,East 34th Street,40.744844,-73.976011,298.9,118.9,14,36,0,0
east_34th_street_015,East 34th Street,40.744931,-73.976218,298.9,118.9,15,35,0,0
east_34th_street_016,East 34th Street,40.745019,-73.976426,298.9,118.9,16,34,0,0
east_34th_street_017,East 34th Street,40.745106,-73.976633,298.9,118.9,17,33,0,0
east_34th_street_018,East 34th Street,40.745194,-73.976841,298.9,118.9,18,32,0,0
east_34th_street_019,East 34th Street,40.745281,-73.977049,298.9,118.9,19,31,0,0
east_34th_street_020,East 34th Street,40.745368,-73.977256,298.7,118.7,20,30,0,0
east_34th_street_021,East 34th Street,40.745455,-73.977464,298.5,118.5,21,29,0,0
east_34th_street_022,East 34th Street,40.745541,-73.977673,298.3,118.3,22,28,0,0
east_34th_street_023,East 34th Street,40.745627,-73.977882,300.5,120.5,23,27,0,0
east_34th_street_024,East 34th Street,40.745719,-73.978086,301.6,121.6,24,26,0,0
east_34th_street_025,East 34th Street,40.745814,-73.978288,298.9,118.9,25,25,0,0
east_34th_street_026,East 34th Street,40.745901,-73.978496,298.8,118.8,26,24,0,0
east_34th_street_027,East 34th Street,40.745988,-73.978703,298.8,118.8,27,23,0,0
east_34th_street_028,East 34th Street,40.746075,-73.978911,298.8,118.8,28,22,0,0
east_34th_street_029,East 34th Street,40.746163,-73.979119,298.8,118.8,29,21,0,0
east_34th_street_030,East 34th Street,40.74625,-73.979327,295.8,115.8,30,20,0,0
east_34th_street_031,East 34th Street,40.746329,-73.97954,296.6,116.6,31,19,0,0
east_34th_street_032,East 34th Street,40.74641,-73.979752,298.7,118.7,32,18,0,0
east_34th_street_033,East 34th Street,40.746497,-73.97996,298.9,118.9,33,17,0,0
east_34th_street_034,East 34th Street,40.746584,-73.980167,298.9,118.9,34,16,0,0
east_34th_street_035,East 34th Street,40.746671,-73.980375,298.9,118.9,35,15,0,0
east_34th_street_036,East 34th Street,40.746759,-73.980583,298.9,118.9,36,14,0,0
east_34th_street_037,East 34th Street,40.746846,-73.98079,298.9,118.9,37,13,0,0
east_34th_street_038,East 34th Street,40.746933,-73.980998,298.9,118.9,38,12,0,0
east_34th_street_039,East 34th Street,40.747021,-73.981205,298.7,118.7,39,11,0,0
east_34th_street_040,East 34th Street,40.747108,-73.981413,298.7,118.7,40,10,0,0
east_34th_street_041,East 34th Street,40.747195,-73.981621,298.7,118.7,41,9,0,0
east_34th_street_042,East 34th Street,40.747282,-73.981829,299.1,119.1,42,8,0,0
east_34th_street_043,East 34th Street,40.74737,-73.982037,299.1,119.1,43,7,0,0
east_34th_street_044,East 34th Street,40.747458,-73.982244,299.7,119.7,44,6,0,0
east_34th_street_045,East 34th Street,40.747547,-73.98245,301.0,121.0,45,5,0,0
east_34th_street_046,East 34th Street,40.74764,-73.982653,298.7,118.7,46,4,0,0
east_34th_street_047,East 34th Street,40.747727,-73.982861,299.9,119.9,47,3,0,0
east_34th_street_048,East 34th Street,40.747817,-73.983067,298.5,118.5,48,2,0,0
east_34th_street_049,East 34th Street,40.747903,-73.983275,298.5,118.5,49,1,0,0
east_35th_street_001,East 35th Street,40.744301,-73.972678,298.7,118.7,1,49,0,0
east_35th_street_002,East 35th Street,40.744388,-73.972886,299.9,119.9,2,48,0,0
east_35th_street_003,East 35th Street,40.744478,-73.973091,299.8,119.8,3,47,0,0
east_35th_street_004,East 35th Street,40.744568,-73.973297,299.0,119.0,4,46,0,0
east_35th_street_005,East 35th Street,40.744656,-73.973504,299.0,119.0,5,45,0,0
east_35th_street_006,East 35th Street,40.744744,-73.973712,299.0,119.0,6,44,0,0
east_35th_street_007,East 35th Street,40.744831,-73.973919,299.0,119.0,7,43,0,0
east_35th_street_008,East 35th Street,40.744919,-73.974127,299.0,119.0,8,42,0,0
east_35th_street_009,East 35th Street,40.745007,-73.974334,299.0,119.0,9,41,0,0
east_35th_street_010,East 35th Street,40.745094,-73.974541,298.9,118.9,10,40,0,0
east_35th_street_011,East 35th Street,40.745182,-73.974749,299.0,119.0,11,39,0,0
east_35th_street_012,East 35th Street,40.745269,-73.974956,299.0,119.0,12,38,0,0
east_35th_street_013,East 35th Street,40.745357,-73.975164,298.8,118.8,13,37,0,0
east_35th_street_014,East 35th Street,40.745444,-73.975372,299.2,119.2,14,36,0,0
east_35th_street_015,East 35th Street,40.745533,-73.975579,298.9,118.9,15,35,0,0
east_35th_street_016,East 35th Street,40.74562,-73.975786,298.9,118.9,16,34,0,0
east_35th_street_017,East 35th Street,40.745707,-73.975994,298.9,118.9,17,33,0,0
east_35th_street_018,East 35th Street,40.745795,-73.976201,298.9,118.9,18,32,0,0
east_35th_street_019,East 35th Street,40.745882,-73.976409,298.9,118.9,19,31,0,0
east_35th_street_020,East 35th Street,40.74597,-73.976617,297.5,117.5,20,30,0,0
east_35th_street_021,East 35th Street,40.746053,-73.976827,299.1,119.1,21,29,0,0
east_35th_street_022,East 35th Street,40.746142,-73.977034,299.5,119.5,22,28,0,0
east_35th_street_023,East 35th Street,40.746231,-73.97724,299.5,119.5,23,27,0,0
east_35th_street_024,East 35th Street,40.74632,-73.977447,299.0,119.0,24,26,0,0
east_35th_street_025,East 35th Street,40.746407,-73.977654,298.9,118.9,25,25,0,0
east_35th_street_026,East 35th Street,40.746495,-73.977862,298.8,118.8,26,24,0,0
east_35th_street_027,East 35th Street,40.746582,-73.97807,298.8,118.8,27,23,0,0
east_35th_street_028,East 35th Street,40.746669,-73.978277,298.8,118.8,28,22,0,0
east_35th_street_029,East 35th Street,40.746756,-73.978485,298.8,118.8,29,21,0,0
east_35th_street_030,East 35th Street,40.746843,-73.978693,298.9,118.9,30,20,0,0
east_35th_street_031,East 35th Street,40.746931,-73.978901,298.9,118.9,31,19,0,0
east_35th_street_032,East 35th Street,40.747018,-73.979108,298.9,118.9,32,18,0,0
east_35th_street_033,East 35th Street,40.747106,-73.979316,299.0,119.0,33,17,0,0
east_35th_street_034,East 35th Street,40.747193,-73.979523,298.9,118.9,34,16,0,0
east_35th_street_035,East 35th Street,40.747281,-73.979731,298.9,118.9,35,15,0,0
east_35th_street_036,East 35th Street,40.747368,-73.979938,298.9,118.9,36,14,0,0
east_35th_street_037,East 35th Street,40.747456,-73.980146,298.9,118.9,37,13,0,0
east_35th_street_038,East 35th Street,40.747543,-73.980354,298.9,118.9,38,12,0,0
east_35th_street_039,East 35th Street,40.747631,-73.980561,299.0,119.0,39,11,0,0
east_35th_street_040,East 35th Street,40.747719,-73.980768,299.0,119.0,40,10,0,0
east_35th_street_041,East 35th Street,40.747806,-73.980976,298.7,118.7,41,9,0,0
east_35th_street_042,East 35th Street,40.747893,-73.981184,298.5,118.5,42,8,0,0
east_35th_street_043,East 35th Street,40.74798,-73.981392,298.5,118.5,43,7,0,0
east_35th_street_044,East 35th Street,40.748066,-73.981601,298.5,118.5,44,6,0,0
east_35th_street_045,East 35th Street,40.748152,-73.981809,298.5,118.5,45,5,0,0
east_35th_street_046,East 35th Street,40.748239,-73.982017,298.6,118.6,46,4,0,0
east_35th_street_047,East 35th Street,40.748325,-73.982226,298.7,118.7,47,3,0,0
east_35th_street_048,East 35th Street,40.748412,-73.982434,299.0,119.0,48,2,0,0
east_35th_street_049,East 35th Street,40.7485,-73.982641,299.0,119.0,49,1,0,0
east_36th_street_001,East 36th Street,40.744948,-73.97228,298.4,118.4,1,48,0,0
east_36th_street_002,East 36th Street,40.745034,-73.972489,298.4,118.4,2,47,0,0
east_36th_street_003,East 36th Street,40.745121,-73.972697,298.4,118.4,3,46,0,0
east_36th_street_004,East 36th Street,40.745207,-73.972906,298.4,118.4,4,45,0,0
east_36th_street_005,East 36th Street,40.745293,-73.973114,298.4,118.4,5,44,0,0
east_36th_street_006,East 36th Street,40.745379,-73.973323,298.4,118.4,6,43,0,0
east_36th_street_007,East 36th Street,40.745465,-73.973531,298.4,118.4,7,42,0,0
east_36th_street_008,East 36th Street,40.745551,-73.97374,298.4,118.4,8,41,0,0
east_36th_street_009,East 36th Street,40.745637,-73.973949,298.0,118.0,9,40,0,0
east_36th_street_010,East 36th Street,40.745722,-73.974158,296.4,116.4,10,39,0,0
east_36th_street_011,East 36th Street,40.745802,-73.97437,298.0,118.0,11,38,0,0
east_36th_street_012,East 36th Street,40.745887,-73.97458,303.1,123.1,12,37,0,0
east_36th_street_013,East 36th Street,40.745986,-73.974778,305.3,125.3,13,36,0,0
east_36th_street_014,East 36th Street,40.74609,-73.974971,296.3,116.3,14,35,0,0
east_36th_street_015,East 36th Street,40.74617,-73.975183,299.1,119.1,15,34,0,0
east_36th_street_016,East 36th Street,40.746258,-73.975391,299.1,119.1,16,33,0,0
east_36th_street_017,East 36th Street,40.746346,-73.975598,299.1,119.1,17,32,0,0
east_36th_street_018,East 36th Street,40.746434,-73.975805,299.1,119.1,18,31,0,0
east_36th_street_019,East 36th Street,40.746522,-73.976012,298.9,118.9,19,30,0,0
east_36th_street_020,East 36th Street,40.746682,-73.976392,298.8,118.8,20,29,0,0
east_36th_street_021,East 36th Street,40.746769,-73.9766,298.8,118.8,21,28,0,0
east_36th_street_022,East 36th Street,40.746856,-73.976808,298.8,118.8,22,27,0,0
east_36th_street_023,East 36th Street,40.746943,-73.977016,298.5,118.5,23,26,0,0
east_36th_street_024,East 36th Street,40.747029,-73.977224,299.2,119.2,24,25,0,0
east_36th_street_025,East 36th Street,40.747118,-73.977431,298.9,118.9,25,24,0,0
east_36th_street_026,East 36th Street,40.747205,-73.977638,298.9,118.9,26,23,0,0
east_36th_street_027,East 36th Street,40.747293,-73.977846,298.9,118.9,27,22,0,0
east_36th_street_028,East 36th Street,40.74738,-73.978054,298.9,118.9,28,21,0,0
east_36th_street_029,East 36th Street,40.747468,-73.978261,298.9,118.9,29,20,0,0
east_36th_street_030,East 36th Street,40.747555,-73.978469,298.9,118.9,30,19,0,0
east_36th_street_031,East 36th Street,40.747643,-73.978676,299.0,119.0,31,18,0,0
east_36th_street_032,East 36th Street,40.74773,-73.978884,298.9,118.9,32,17,0,0
east_36th_street_033,East 36th Street,40.747818,-73.979091,299.0,119.0,33,16,0,0
east_36th_street_034,East 36th Street,40.747906,-73.979299,299.0,119.0,34,15,0,0
east_36th_street_035,East 36th Street,40.747993,-73.979506,299.0,119.0,35,14,0,0
east_36th_street_036,East 36th Street,40.748081,-73.979714,299.0,119.0,36,13,0,0
east_36th_street_037,East 36th Street,40.748168,-73.979921,299.0,119.0,37,12,0,0
east_36th_street_038,East 36th Street,40.748256,-73.980129,299.0,119.0,38,11,0,0
east_36th_street_039,East 36th Street,40.748343,-73.980336,298.9,118.9,39,10,0,0
east_36th_street_040,East 36th Street,40.748431,-73.980544,298.9,118.9,40,9,0,0
east_36th_street_041,East 36th Street,40.748518,-73.980751,299.0,119.0,41,8,0,0
east_36th_street_042,East 36th Street,40.748606,-73.980959,299.0,119.0,42,7,0,0
east_36th_street_043,East 36th Street,40.748694,-73.981166,299.0,119.0,43,6,0,0
east_36th_street_044,East 36th Street,40.748781,-73.981374,299.0,119.0,44,5,0,0
east_36th_street_045,East 36th Street,40.748869,-73.981581,299.0,119.0,45,4,0,0
east_36th_street_046,East 36th Street,40.748956,-73.981789,298.9,118.9,46,3,0,0
east_36th_street_047,East 36th Street,40.749044,-73.981996,298.9,118.9,47,2,0,0
east_36th_street_048,East 36th Street,40.749131,-73.982204,298.9,118.9,48,1,0,0
east_37th_street_001,East 37th Street,40.745535,-73.971757,298.4,118.4,1,50,0,0
east_37th_street_002,East 37th Street,40.745621,-73.971966,299.0,119.0,2,49,0,0
east_37th_street_003,East 37th Street,40.745709,-73.972173,298.7,118.7,3,48,0,0
east_37th_street_004,East 37th Street,40.745796,-73.972382,298.7,118.7,4,47,0,0
east_37th_street_005,East 37th Street,40.745883,-73.97259,298.9,118.9,5,46,0,0
east_37th_street_006,East 37th Street,40.74597,-73.972797,298.8,118.8,6,45,0,0
east_37th_street_007,East 37th Street,40.746057,-73.973005,298.5,118.5,7,44,0,0
east_37th_street_008,East 37th Street,40.746143,-73.973214,298.5,118.5,8,43,0,0
east_37th_street_009,East 37th Street,40.74623,-73.973422,298.7,118.7,9,42,0,0
east_37th_street_010,East 37th Street,40.746317,-73.97363,298.8,118.8,10,41,0,0
east_37th_street_011,East 37th Street,40.746404,-73.973838,299.1,119.1,11,40,0,0
east_37th_street_012,East 37th Street,40.746492,-73.974045,299.0,119.0,12,39,0,0
east_37th_street_013,East 37th Street,40.74658,-73.974252,299.4,119.4,13,38,0,0
east_37th_street_014,East 37th Street,40.746668,-73.974459,299.7,119.7,14,37,0,0
east_37th_street_015,East 37th Street,40.746758,-73.974665,299.3,119.3,15,36,0,0
east_37th_street_016,East 37th Street,40.746847,-73.974872,299.3,119.3,16,35,0,0
east_37th_street_017,East 37th Street,40.746935,-73.975078,299.3,119.3,17,34,0,0
east_37th_street_018,East 37th Street,40.747024,-73.975285,301.7,121.7,18,33,0,0
east_37th_street_019,East 37th Street,40.747119,-73.975487,308.1,128.1,19,32,0,0
east_37th_street_020,East 37th Street,40.74723,-73.975673,299.4,119.4,20,31,0,0
east_37th_street_021,East 37th Street,40.747319,-73.97588,293.4,113.4,21,30,0,0
east_37th_street_022,East 37th Street,40.74739,-73.976097,291.6,111.6,22,29,0,0
east_37th_street_023,East 37th Street,40.747456,-73.976316,298.5,118.5,23,28,0,0
east_37th_street_024,East 37th Street,40.747543,-73.976524,298.5,118.5,24,27,0,0
east_37th_street_025,East 37th Street,40.747629,-73.976733,299.2,119.2,25,26,0,0
east_37th_street_026,East 37th Street,40.747717,-73.97694,299.3,119.3,26,25,0,0
east_37th_street_027,East 37th Street,40.747806,-73.977147,299.3,119.3,27,24,0,0
east_37th_street_028,East 37th Street,40.747894,-73.977353,299.3,119.3,28,23,0,0
east_37th_street_029,East 37th Street,40.747983,-73.97756,299.2,119.2,29,22,0,0
east_37th_street_030,East 37th Street,40.748071,-73.977767,298.8,118.8,30,21,0,0
east_37th_street_031,East 37th Street,40.748158,-73.977975,298.8,118.8,31,20,0,0
east_37th_street_032,East 37th Street,40.748245,-73.978183,298.9,118.9,32,19,0,0
east_37th_street_033,East 37th Street,40.748333,-73.978391,298.8,118.8,33,18,0,0
east_37th_street_034,East 37th Street,40.74842,-73.978598,298.9,118.9,34,17,0,0
east_37th_street_035,East 37th Street,40.748507,-73.978806,298.9,118.9,35,16,0,0
east_37th_street_036,East 37th Street,40.748595,-73.979014,298.9,118.9,36,15,0,0
east_37th_street_037,East 37th Street,40.748682,-73.979221,298.9,118.9,37,14,0,0
east_37th_street_038,East 37th Street,40.748769,-73.979429,298.9,118.9,38,13,0,0
east_37th_street_039,East 37th Street,40.748857,-73.979637,299.1,119.1,39,12,0,0
east_37th_street_040,East 37th Street,40.748945,-73.979844,299.3,119.3,40,11,0,0
east_37th_street_041,East 37th Street,40.749033,-73.980051,299.0,119.0,41,10,0,0
east_37th_street_042,East 37th Street,40.749121,-73.980258,298.5,118.5,42,9,0,0
east_37th_street_043,East 37th Street,40.749207,-73.980467,298.5,118.5,43,8,0,0
east_37th_street_044,East 37th Street,40.749293,-73.980675,298.5,118.5,44,7,0,0
east_37th_street_045,East 37th Street,40.74938,-73.980883,298.5,118.5,45,6,0,0
east_37th_street_046,East 37th Street,40.749466,-73.981092,298.5,118.5,46,5,0,0
east_37th_street_047,East 37th Street,40.749552,-73.9813,298.5,118.5,47,4,0,0
east_37th_street_048,East 37th Street,40.749639,-73.981509,298.9,118.9,48,3,0,0
east_37th_street_049,East 37th Street,40.749726,-73.981716,299.0,119.0,49,2,0,0
east_37th_street_050,East 37th Street,40.749814,-73.981924,299.0,119.0,50,1,0,0
east_38th_street_001,East 38th Street,40.746129,-73.971265,298.6,118.6,1,50,0,0
east_38th_street_002,East 38th Street,40.746216,-73.971474,298.6,118.6,2,49,0,0
east_38th_street_003,East 38th Street,40.746303,-73.971682,298.7,118.7,3,48,0,0
east_38th_street_004,East 38th Street,40.74639,-73.97189,298.7,118.7,4,47,0,0
east_38th_street_005,East 38th Street,40.746476,-73.972098,298.7,118.7,5,46,0,0
east_38th_street_006,East 38th Street,40.746563,-73.972306,298.7,118.7,6,45,0,0
east_38th_street_007,East 38th Street,40.74665,-73.972514,298.7,118.7,7,44,0,0
east_38th_street_008,East 38th Street,40.746737,-73.972722,298.7,118.7,8,43,0,0
east_38th_street_009,East 38th Street,40.746824,-73.97293,298.8,118.8,9,42,0,0
east_38th_street_010,East 38th Street,40.746911,-73.973137,298.6,118.6,10,41,0,0
east_38th_street_011,East 38th Street,40.746998,-73.973346,298.7,118.7,11,40,0,0
east_38th_street_012,East 38th Street,40.747085,-73.973554,298.7,118.7,12,39,0,0
east_38th_street_013,East 38th Street,40.747172,-73.973762,298.7,118.7,13,38,0,0
east_38th_street_014,East 38th Street,40.747259,-73.97397,299.0,119.0,14,37,0,0
east_38th_street_015,East 38th Street,40.747346,-73.974177,298.7,118.7,15,36,0,0
east_38th_street_016,East 38th Street,40.747433,-73.974385,298.9,118.9,16,35,0,0
east_38th_street_017,East 38th Street,40.747521,-73.974593,298.9,118.9,17,34,0,0
east_38th_street_018,East 38th Street,40.747608,-73.9748,298.9,118.9,18,33,0,0
east_38th_street_019,East 38th Street,40.747695,-73.975008,298.9,118.9,19,32,0,0
east_38th_street_020,East 38th Street,40.747783,-73.975216,298.9,118.9,20,31,0,0
east_38th_street_021,East 38th Street,40.74787,-73.975423,298.9,118.9,21,30,0,0
east_38th_street_022,East 38th Street,40.747958,-73.975631,299.3,119.3,22,29,0,0
east_38th_street_023,East 38th Street,40.748046,-73.975838,299.3,119.3,23,28,0,0
east_38th_street_024,East 38th Street,40.748134,-73.976045,299.2,119.2,24,27,0,0
east_38th_street_025,East 38th Street,40.748223,-73.976252,299.1,119.1,25,26,0,0
east_38th_street_026,East 38th Street,40.748311,-73.976459,299.0,119.0,26,25,0,0
east_38th_street_027,East 38th Street,40.748398,-73.976666,298.9,118.9,27,24,0,0
east_38th_street_028,East 38th Street,40.748486,-73.976874,298.9,118.9,28,23,0,0
east_38th_street_029,East 38th Street,40.748573,-73.977081,298.9,118.9,29,22,0,0
east_38th_street_030,East 38th Street,40.748661,-73.977289,298.9,118.9,30,21,0,0
east_38th_street_031,East 38th Street,40.748748,-73.977497,298.9,118.9,31,20,0,0
east_38th_street_032,East 38th Street,40.748836,-73.977704,299.0,119.0,32,19,0,0
east_38th_street_033,East 38th Street,40.748923,-73.977912,299.0,119.0,33,18,0,0
east_38th_street_034,East 38th Street,40.749011,-73.978119,298.9,118.9,34,17,0,0
east_38th_street_035,East 38th Street,40.749098,-73.978327,298.9,118.9,35,16,0,0
east_38th_street_036,East 38th Street,40.749186,-73.978534,298.9,118.9,36,15,0,0
east_38th_street_037,East 38th Street,40.749273,-73.978742,298.9,118.9,37,14,0,0
east_38th_street_038,East 38th Street,40.74936,-73.97895,298.9,118.9,38,13,0,0
east_38th_street_039,East 38th Street,40.749448,-73.979157,299.3,119.3,39,12,0,0
east_38th_street_040,East 38th Street,40.749536,-73.979364,300.2,120.2,40,11,0,0
east_38th_street_041,East 38th Street,40.749627,-73.979569,300.1,120.1,41,10,0,0
east_38th_street_042,East 38th Street,40.749718,-73.979774,298.7,118.7,42,9,0,0
east_38th_street_043,East 38th Street,40.749805,-73.979982,298.7,118.7,43,8,0,0
east_38th_street_044,East 38th Street,40.749892,-73.98019,298.7,118.7,44,7,0,0
east_38th_street_045,East 38th Street,40.749978,-73.980399,298.7,118.7,45,6,0,0
east_38th_street_046,East 38th Street,40.750065,-73.980607,298.7,118.7,46,5,0,0
east_38th_street_047,East 38th Street,40.750152,-73.980815,298.7,118.7,47,4,0,0
east_38th_street_048,East 38th Street,40.750239,-73.981023,299.3,119.3,48,3,0,0
east_38th_street_049,East 38th Street,40.750327,-73.98123,299.0,119.0,49,2,0,0
east_38th_street_050,East 38th Street,40.750415,-73.981437,299.0,119.0,50,1,0,0
east_39th_street_001,East 39th Street,40.746929,-73.971216,298.9,118.9,1,48,0,0
east_39th_street_002,East 39th Street,40.747017,-73.971424,298.8,118.8,2,47,0,0
east_39th_street_003,East 39th Street,40.747104,-73.971632,298.8,118.8,3,46,0,0
east_39th_street_004,East 39th Street,40.747191,-73.97184,298.9,118.9,4,45,0,0
east_39th_street_005,East 39th Street,40.747278,-73.972047,298.8,118.8,5,44,0,0
east_39th_street_006,East 39th Street,40.747366,-73.972255,298.8,118.8,6,43,0,0
east_39th_street_007,East 39th Street,40.747453,-73.972463,298.8,118.8,7,42,0,0
east_39th_street_008,East 39th Street,40.74754,-73.972671,298.9,118.9,8,41,0,0
east_39th_street_009,East 39th Street,40.747628,-73.972878,298.9,118.9,9,40,0,0
east_39th_street_010,East 39th Street,40.747715,-73.973086,298.9,118.9,10,39,0,0
east_39th_street_011,East 39th Street,40.747802,-73.973293,298.9,118.9,11,38,0,0
east_39th_street_012,East 39th Street,40.74789,-73.973501,298.9,118.9,12,37,0,0
east_39th_street_013,East 39th Street,40.747977,-73.973709,298.9,118.9,13,36,0,0
east_39th_street_014,East 39th Street,40.748065,-73.973916,298.9,118.9,14,35,0,0
east_39th_street_015,East 39th Street,40.748152,-73.974124,298.9,118.9,15,34,0,0
east_39th_street_016,East 39th Street,40.74824,-73.974331,298.9,118.9,16,33,0,0
east_39th_street_017,East 39th Street,40.748327,-73.974539,298.9,118.9,17,32,0,0
east_39th_street_018,East 39th Street,40.748415,-73.974746,298.9,118.9,18,31,0,0
east_39th_street_019,East 39th Street,40.748502,-73.974954,299.4,119.4,19,30,0,0
east_39th_street_020,East 39th Street,40.748591,-73.97516,299.7,119.7,20,29,0,0
east_39th_street_021,East 39th Street,40.748681,-73.975366,299.7,119.7,21,28,0,0
east_39th_street_022,East 39th Street,40.748771,-73.975572,299.7,119.7,22,27,0,0
east_39th_street_023,East 39th Street,40.74886,-73.975778,298.3,118.3,23,26,0,0
east_39th_street_024,East 39th Street,40.748946,-73.975987,297.8,117.8,24,25,0,0
east_39th_street_025,East 39th Street,40.74903,-73.976197,298.6,118.6,25,24,0,0
east_39th_street_026,East 39th Street,40.749117,-73.976405,298.6,118.6,26,23,0,0
east_39th_street_027,East 39th Street,40.749204,-73.976613,298.6,118.6,27,22,0,0
east_39th_street_028,East 39th Street,40.74929,-73.976821,298.8,118.8,28,21,0,0
east_39th_street_029,East 39th Street,40.749377,-73.977029,299.4,119.4,29,20,0,0
east_39th_street_030,East 39th Street,40.749466,-73.977236,299.4,119.4,30,19,0,0
east_39th_street_031,East 39th Street,40.749555,-73.977442,300.1,120.1,31,18,0,0
east_39th_street_032,East 39th Street,40.749646,-73.977648,300.1,120.1,32,17,0,0
east_39th_street_033,East 39th Street,40.749736,-73.977853,300.1,120.1,33,16,0,0
east_39th_street_034,East 39th Street,40.749827,-73.978058,298.4,118.4,34,15,0,0
east_39th_street_035,East 39th Street,40.749913,-73.978266,294.5,114.5,35,14,0,0
east_39th_street_036,East 39th Street,40.749988,-73.978482,299.0,119.0,36,13,0,0
east_39th_street_037,East 39th Street,40.750075,-73.978689,299.1,119.1,37,12,0,0
east_39th_street_038,East 39th Street,40.750163,-73.978897,299.3,119.3,38,11,0,0
east_39th_street_039,East 39th Street,40.750252,-73.979103,299.1,119.1,39,10,0,0
east_39th_street_040,East 39th Street,40.75034,-73.97931,298.1,118.1,40,9,0,0
east_39th_street_041,East 39th Street,40.750425,-73.97952,298.1,118.1,41,8,0,0
east_39th_street_042,East 39th Street,40.75051,-73.979729,298.3,118.3,42,7,0,0
east_39th_street_043,East 39th Street,40.750596,-73.979938,298.9,118.9,43,6,0,0
east_39th_street_044,East 39th Street,40.750684,-73.980145,299.0,119.0,44,5,0,0
east_39th_street_045,East 39th Street,40.750771,-73.980353,299.0,119.0,45,4,0,0
east_39th_street_046,East 39th Street,40.750859,-73.98056,298.2,118.2,46,3,0,0
east_39th_street_047,East 39th Street,40.750944,-73.980769,299.2,119.2,47,2,0,0
east_39th_street_048,East 39th Street,40.751033,-73.980976,299.2,119.2,48,1,0,0
east_40th_street_001,East 40th Street,40.747553,-73.970786,299.7,119.7,1,48,0,0
east_40th_street_002,East 40th Street,40.747643,-73.970992,298.9,118.9,2,47,0,0
east_40th_street_003,East 40th Street,40.74773,-73.971199,298.9,118.9,3,46,0,0
east_40th_street_004,East 40th Street,40.747818,-73.971407,298.9,118.9,4,45,0,0
east_40th_street_005,East 40th Street,40.747905,-73.971614,298.9,118.9,5,44,0,0
east_40th_street_006,East 40th Street,40.747993,-73.971822,298.9,118.9,6,43,0,0
east_40th_street_007,East 40th Street,40.74808,-73.972029,299.0,119.0,7,42,0,0
east_40th_street_008,East 40th Street,40.748168,-73.972237,299.0,119.0,8,41,0,0
east_40th_street_009,East 40th Street,40.748256,-73.972444,298.9,118.9,9,40,0,0
east_40th_street_010,East 40th Street,40.748343,-73.972652,298.9,118.9,10,39,0,0
east_40th_street_011,East 40th Street,40.74843,-73.97286,298.5,118.5,11,38,0,0
east_40th_street_012,East 40th Street,40.748517,-73.973068,298.0,118.0,12,37,0,0
east_40th_street_013,East 40th Street,40.748602,-73.973277,298.4,118.4,13,36,0,0
east_40th_street_014,East 40th Street,40.748688,-73.973486,298.9,118.9,14,35,0,0
east_40th_street_015,East 40th Street,40.748775,-73.973694,298.9,118.9,15,34,0,0
east_40th_street_016,East 40th Street,40.748863,-73.973901,298.9,118.9,16,33,0,0
east_40th_street_017,East 40th Street,40.74895,-73.974109,298.9,118.9,17,32,0,0
east_40th_street_018,East 40th Street,40.749038,-73.974316,299.1,119.1,18,31,0,0
east_40th_street_019,East 40th Street,40.749125,-73.974524,299.4,119.4,19,30,0,0
east_40th_street_020,East 40th Street,40.749214,-73.97473,299.0,119.0,20,29,0,0
east_40th_street_021,East 40th Street,40.749302,-73.974938,299.0,119.0,21,28,0,0
east_40th_street_022,East 40th Street,40.749389,-73.975145,299.0,119.0,22,27,0,0
east_40th_street_023,East 40th Street,40.749477,-73.975353,299.0,119.0,23,26,0,0
east_40th_street_024,East 40th Street,40.749565,-73.97556,299.0,119.0,24,25,0,0
east_40th_street_025,East 40th Street,40.749652,-73.975767,299.0,119.0,25,24,0,0
east_40th_street_026,East 40th Street,40.74974,-73.975975,299.0,119.0,26,23,0,0
east_40th_street_027,East 40th Street,40.749828,-73.976182,299.0,119.0,27,22,0,0
east_40th_street_028,East 40th Street,40.749916,-73.97639,299.0,119.0,28,21,0,0
east_40th_street_029,East 40th Street,40.750003,-73.976597,299.0,119.0,29,20,0,0
east_40th_street_030,East 40th Street,40.750091,-73.976804,298.9,118.9,30,19,0,0
east_40th_street_031,East 40th Street,40.750179,-73.977012,299.1,119.1,31,18,0,0
east_40th_street_032,East 40th Street,40.750266,-73.977219,299.0,119.0,32,17,0,0
east_40th_street_033,East 40th Street,40.750354,-73.977427,299.4,119.4,33,16,0,0
east_40th_street_034,East 40th Street,40.750443,-73.977633,299.4,119.4,34,15,0,0
east_40th_street_035,East 40th Street,40.750532,-73.97784,299.4,119.4,35,14,0,0
east_40th_street_036,East 40th Street,40.75062,-73.978047,299.4,119.4,36,13,0,0
east_40th_street_037,East 40th Street,40.750709,-73.978253,299.1,119.1,37,12,0,0
east_40th_street_038,East 40th Street,40.750797,-73.97846,299.4,119.4,38,11,0,0
east_40th_street_039,East 40th Street,40.750886,-73.978667,299.7,119.7,39,10,0,0
east_40th_street_040,East 40th Street,40.750975,-73.978873,298.5,118.5,40,9,0,0
east_40th_street_041,East 40th Street,40.751062,-73.979082,298.5,118.5,41,8,0,0
east_40th_street_042,East 40th Street,40.751148,-73.97929,298.5,118.5,42,7,0,0
east_40th_street_043,East 40th Street,40.751234,-73.979498,298.5,118.5,43,6,0,0
east_40th_street_044,East 40th Street,40.751321,-73.979707,298.5,118.5,44,5,0,0
east_40th_street_045,East 40th Street,40.751407,-73.979915,298.5,118.5,45,4,0,0
east_40th_street_046,East 40th Street,40.751493,-73.980124,296.5,116.5,46,3,0,0
east_40th_street_047,East 40th Street,40.751574,-73.980335,299.1,119.1,47,2,0,0
east_40th_street_048,East 40th Street,40.751662,-73.980543,299.1,119.1,48,1,0,0
east_41st_street_001,East 41st Street,40.747949,-73.969819,298.6,118.6,1,48,0,0
east_41st_street_002,East 41st Street,40.748035,-73.970027,298.7,118.7,2,47,0,0
east_41st_street_003,East 41st Street,40.748319,-73.970709,298.8,118.8,3,46,0,0
east_41st_street_004,East 41st Street,40.748407,-73.970916,299.4,119.4,4,45,0,0
east_41st_street_005,East 41st Street,40.748495,-73.971123,299.1,119.1,5,44,0,0
east_41st_street_006,East 41st Street,40.748583,-73.97133,299.1,119.1,6,43,0,0
east_41st_street_007,East 41st Street,40.748671,-73.971537,299.1,119.1,7,42,0,0
east_41st_street_008,East 41st Street,40.748759,-73.971745,299.1,119.1,8,41,0,0
east_41st_street_009,East 41st Street,40.748847,-73.971952,299.1,119.1,9,40,0,0
east_41st_street_010,East 41st Street,40.748935,-73.972159,299.1,119.1,10,39,0,0
east_41st_street_011,East 41st Street,40.749023,-73.972366,299.1,119.1,11,38,0,0
east_41st_street_012,East 41st Street,40.749111,-73.972574,299.3,119.3,12,37,0,0
east_41st_street_013,East 41st Street,40.749199,-73.972781,299.5,119.5,13,36,0,0
east_41st_street_014,East 41st Street,40.749288,-73.972987,298.7,118.7,14,35,0,0
east_41st_street_015,East 41st Street,40.749375,-73.973195,298.7,118.7,15,34,0,0
east_41st_street_016,East 41st Street,40.749462,-73.973403,298.7,118.7,16,33,0,0
east_41st_street_017,East 41st Street,40.749549,-73.973611,298.7,118.7,17,32,0,0
east_41st_street_018,East 41st Street,40.749635,-73.973819,298.9,118.9,18,31,0,0
east_41st_street_019,East 41st Street,40.749723,-73.974027,299.0,119.0,19,30,0,0
east_41st_street_020,East 41st Street,40.749811,-73.974234,299.0,119.0,20,29,0,0
east_41st_street_021,East 41st Street,40.749898,-73.974441,299.0,119.0,21,28,0,0
east_41st_street_022,East 41st Street,40.749986,-73.974649,299.2,119.2,22,27,0,0
east_41st_street_023,East 41st Street,40.750074,-73.974856,299.5,119.5,23,26,0,0
east_41st_street_024,East 41st Street,40.750163,-73.975062,299.0,119.0,24,25,0,0
east_41st_street_025,East 41st Street,40.750251,-73.97527,298.8,118.8,25,24,0,0
east_41st_street_026,East 41st Street,40.750338,-73.975478,298.9,118.9,26,23,0,0
east_41st_street_027,East 41st Street,40.750426,-73.975685,298.9,118.9,27,22,0,0
east_41st_street_028,East 41st Street,40.750513,-73.975893,298.9,118.9,28,21,0,0
east_41st_street_029,East 41st Street,40.750601,-73.9761,298.9,118.9,29,20,0,0
east_41st_street_030,East 41st Street,40.750688,-73.976308,298.7,118.7,30,19,0,0
east_41st_street_031,East 41st Street,40.750775,-73.976516,298.1,118.1,31,18,0,0
east_41st_street_032,East 41st Street,40.75086,-73.976725,298.9,118.9,32,17,0,0
east_41st_street_033,East 41st Street,40.750948,-73.976933,299.5,119.5,33,16,0,0
east_41st_street_034,East 41st Street,40.751037,-73.977139,298.7,118.7,34,15,0,0
east_41st_street_035,East 41st Street,40.751124,-73.977347,298.3,118.3,35,14,0,0
east_41st_street_036,East 41st Street,40.75121,-73.977556,298.3,118.3,36,13,0,0
east_41st_street_037,East 41st Street,40.751296,-73.977764,298.7,118.7,37,12,0,0
east_41st_street_038,East 41st Street,40.751382,-73.977972,300.5,120.5,38,11,0,0
east_41st_street_039,East 41st Street,40.751474,-73.978176,298.9,118.9,39,10,0,0
east_41st_street_040,East 41st Street,40.751562,-73.978384,298.9,118.9,40,9,0,0
east_41st_street_041,East 41st Street,40.751649,-73.978592,299.0,119.0,41,8,0,0
east_41st_street_042,East 41st Street,40.751737,-73.978799,299.0,119.0,42,7,0,0
east_41st_street_043,East 41st Street,40.751824,-73.979007,298.8,118.8,43,6,0,0
east_41st_street_044,East 41st Street,40.751911,-73.979214,298.5,118.5,44,5,0,0
east_41st_street_045,East 41st Street,40.751998,-73.979423,298.5,118.5,45,4,0,0
east_41st_street_046,East 41st Street,40.752084,-73.979631,297.4,117.4,46,3,0,0
east_41st_street_047,East 41st Street,40.752167,-73.979842,299.0,119.0,47,2,0,0
east_41st_street_048,East 41st Street,40.752255,-73.980049,299.0,119.0,48,1,0,0
east_42nd_street_001,East 42nd Street,40.748641,-73.969595,321.8,141.8,1,50,0,0
east_42nd_street_002,East 42nd Street,40.748777,-73.969736,343.7,163.7,2,49,0,0
east_42nd_street_003,East 42nd Street,40.748777,-73.969736,300.8,120.8,3,48,0,0
east_42nd_street_004,East 42nd Street,40.74887,-73.969939,299.6,119.6,4,47,0,0
east_42nd_street_005,East 42nd Street,40.748959,-73.970145,299.0,119.0,5,46,0,0
east_42nd_street_006,East 42nd Street,40.749047,-73.970353,299.0,119.0,6,45,0,0
east_42nd_street_007,East 42nd Street,40.749135,-73.97056,299.0,119.0,7,44,0,0
east_42nd_street_008,East 42nd Street,40.749222,-73.970768,299.0,119.0,8,43,0,0
east_42nd_street_009,East 42nd Street,40.74931,-73.970975,299.0,119.0,9,42,0,0
east_42nd_street_010,East 42nd Street,40.749398,-73.971183,299.0,119.0,10,41,0,0
east_42nd_street_011,East 42nd Street,40.749485,-73.97139,299.0,119.0,11,40,0,0
east_42nd_street_012,East 42nd Street,40.749573,-73.971597,299.0,119.0,12,39,0,0
east_42nd_street_013,East 42nd Street,40.749661,-73.971805,299.4,119.4,13,38,0,0
east_42nd_street_014,East 42nd Street,40.749749,-73.972011,300.2,120.2,14,37,0,0
east_42nd_street_015,East 42nd Street,40.749841,-73.972216,299.4,119.4,15,36,0,0
east_42nd_street_016,East 42nd Street,40.749929,-73.972423,298.3,118.3,16,35,0,0
east_42nd_street_017,East 42nd Street,40.750015,-73.972632,298.3,118.3,17,34,0,0
east_42nd_street_018,East 42nd Street,40.750101,-73.972841,298.3,118.3,18,33,0,0
east_42nd_street_019,East 42nd Street,40.750186,-73.973049,298.8,118.8,19,32,0,0
east_42nd_street_020,East 42nd Street,40.750273,-73.973257,298.8,118.8,20,31,0,0
east_42nd_street_021,East 42nd Street,40.750361,-73.973465,298.4,118.4,21,30,0,0
east_42nd_street_022,East 42nd Street,40.750447,-73.973674,298.0,118.0,22,29,0,0
east_42nd_street_023,East 42nd Street,40.750532,-73.973883,298.0,118.0,23,28,0,0
east_42nd_street_024,East 42nd Street,40.750617,-73.974092,298.0,118.0,24,27,0,0
east_42nd_street_025,East 42nd Street,40.750702,-73.974302,298.6,118.6,25,26,0,0
east_42nd_street_026,East 42nd Street,40.750788,-73.97451,298.8,118.8,26,25,0,0
east_42nd_street_027,East 42nd Street,40.750875,-73.974718,298.9,118.9,27,24,0,0
east_42nd_street_028,East 42nd Street,40.750963,-73.974925,298.9,118.9,28,23,0,0
east_42nd_street_029,East 42nd Street,40.75105,-73.975133,298.9,118.9,29,22,0,0
east_42nd_street_030,East 42nd Street,40.751138,-73.975341,298.9,118.9,30,21,0,0
east_42nd_street_031,East 42nd Street,40.751225,-73.975548,298.9,118.9,31,20,0,0
east_42nd_street_032,East 42nd Street,40.751312,-73.975756,299.0,119.0,32,19,0,0
east_42nd_street_033,East 42nd Street,40.7514,-73.975963,299.1,119.1,33,18,0,0
east_42nd_street_034,East 42nd Street,40.751488,-73.97617,299.0,119.0,34,17,0,0
east_42nd_street_035,East 42nd Street,40.751576,-73.976378,299.0,119.0,35,16,0,0
east_42nd_street_036,East 42nd Street,40.751663,-73.976585,298.6,118.6,36,15,0,0
east_42nd_street_037,East 42nd Street,40.75175,-73.976794,298.6,118.6,37,14,0,0
east_42nd_street_038,East 42nd Street,40.751837,-73.977002,298.6,118.6,38,13,0,0
east_42nd_street_039,East 42nd Street,40.751923,-73.97721,298.6,118.6,39,12,0,0
east_42nd_street_040,East 42nd Street,40.75201,-73.977418,298.5,118.5,40,11,0,0
east_42nd_street_041,East 42nd Street,40.752096,-73.977627,298.5,118.5,41,10,0,0
east_42nd_street_042,East 42nd Street,40.752182,-73.977835,298.8,118.8,42,9,0,0
east_42nd_street_043,East 42nd Street,40.75227,-73.978043,298.8,118.8,43,8,0,0
east_42nd_street_044,East 42nd Street,40.752357,-73.978251,298.4,118.4,44,7,0,0
east_42nd_street_045,East 42nd Street,40.752443,-73.978459,299.7,119.7,45,6,0,0
east_42nd_street_046,East 42nd Street,40.752532,-73.978665,302.2,122.2,46,5,0,0
east_42nd_street_047,East 42nd Street,40.752629,-73.978866,300.2,120.2,47,4,0,0
east_42nd_street_048,East 42nd Street,40.75272,-73.979071,299.2,119.2,48,3,0,0
east_42nd_street_049,East 42nd Street,40.752808,-73.979278,299.6,119.6,49,2,0,0
east_42nd_street_050,East 42nd Street,40.752898,-73.979484,299.6,119.6,50,1,0,0
lexington_avenue_001,Lexington Avenue,40.746089,-73.979976,29.0,209.0,1,37,0,0
lexington_avenue_002,Lexington Avenue,40.746247,-73.97986,29.2,209.2,2,36,0,0
lexington_avenue_003,Lexington Avenue,40.746405,-73.979745,29.4,209.4,3,35,0,0
lexington_avenue_004,Lexington Avenue,40.746563,-73.979628,28.9,208.9,4,34,0,0
lexington_avenue_005,Lexington Avenue,40.746721,-73.979514,28.7,208.7,5,33,0,0
lexington_avenue_006,Lexington Avenue,40.74688,-73.9794,28.7,208.7,6,32,0,0
lexington_avenue_007,Lexington Avenue,40.747038,-73.979286,29.5,209.5,7,31,0,0
lexington_avenue_008,Lexington Avenue,40.747196,-73.979169,29.2,209.2,8,30,0,0
lexington_avenue_009,Lexington Avenue,40.747354,-73.979053,29.2,209.2,9,29,0,0
lexington_avenue_010,Lexington Avenue,40.747512,-73.978938,29.1,209.1,10,28,0,0
lexington_avenue_011,Lexington Avenue,40.74767,-73.978823,28.6,208.6,11,27,0,0
lexington_avenue_012,Lexington Avenue,40.747829,-73.978709,29.1,209.1,12,26,0,0
lexington_avenue_013,Lexington Avenue,40.747987,-73.978594,29.1,209.1,13,25,0,0
lexington_avenue_014,Lexington Avenue,40.748145,-73.978479,31.4,211.4,14,24,0,0
lexington_avenue_015,Lexington Avenue,40.748299,-73.978356,29.9,209.9,15,23,0,0
lexington_avenue_016,Lexington Avenue,40.748456,-73.978238,29.1,209.1,16,22,0,0
lexington_avenue_017,Lexington Avenue,40.748614,-73.978122,29.1,209.1,17,21,0,0
lexington_avenue_018,Lexington Avenue,40.748772,-73.978007,28.9,208.9,18,20,0,0
lexington_avenue_019,Lexington Avenue,40.74893,-73.977893,29.0,209.0,19,19,0,0
lexington_avenue_020,Lexington Avenue,40.749088,-73.977778,29.0,209.0,20,18,0,0
lexington_avenue_021,Lexington Avenue,40.749247,-73.977663,29.0,209.0,21,17,0,0
lexington_avenue_022,Lexington Avenue,40.749405,-73.977548,29.0,209.0,22,16,0,0
lexington_avenue_023,Lexington Avenue,40.749563,-73.977433,29.0,209.0,23,15,0,0
lexington_avenue_024,Lexington Avenue,40.749721,-73.977317,29.0,209.0,24,14,0,0
lexington_avenue_025,Lexington Avenue,40.749879,-73.977202,29.0,209.0,25,13,0,0
lexington_avenue_026,Lexington Avenue,40.750037,-73.977087,29.0,209.0,26,12,0,0
lexington_avenue_027,Lexington Avenue,40.750196,-73.976972,29.2,209.2,27,11,0,0
lexington_avenue_028,Lexington Avenue,40.750353,-73.976856,29.2,209.2,28,10,0,0
lexington_avenue_029,Lexington Avenue,40.750511,-73.976741,29.2,209.2,29,9,0,0
lexington_avenue_030,Lexington Avenue,40.750669,-73.976625,29.3,209.3,30,8,0,0
lexington_avenue_031,Lexington Avenue,40.750827,-73.976509,29.5,209.5,31,7,0,0
lexington_avenue_032,Lexington Avenue,40.750984,-73.976392,29.4,209.4,32,6,0,0
lexington_avenue_033,Lexington Avenue,40.751142,-73.976276,29.4,209.4,33,5,0,0
lexington_avenue_034,Lexington Avenue,40.751299,-73.976159,29.5,209.5,34,4,0,0
lexington_avenue_035,Lexington Avenue,40.751457,-73.976042,29.2,209.2,35,3,0,0
lexington_avenue_036,Lexington Avenue,40.751615,-73.975927,29.3,209.3,36,2,0,0
lexington_avenue_037,Lexington Avenue,40.751772,-73.975811,29.3,209.3,37,1,0,0
madison_avenue_001,Madison Avenue,40.747596,-73.983088,29.0,209.0,1,35,0,0
madison_avenue_002,Madison Avenue,40.747755,-73.982973,29.8,209.8,2,34,0,0
madison_avenue_003,Madison Avenue,40.747911,-73.982855,29.3,209.3,3,33,0,0
madison_avenue_004,Madison Avenue,40.748069,-73.982739,29.3,209.3,4,32,0,0
madison_avenue_005,Madison Avenue,40.748227,-73.982623,28.8,208.8,5,31,0,0
madison_avenue_006,Madison Avenue,40.748385,-73.982509,28.8,208.8,6,30,0,0
madison_avenue_007,Madison Avenue,40.748544,-73.982395,29.1,209.1,7,29,0,0
madison_avenue_008,Madison Avenue,40.748702,-73.982279,29.1,209.1,8,28,0,0
madison_avenue_009,Madison Avenue,40.74886,-73.982164,29.0,209.0,9,27,0,0
madison_avenue_010,Madison Avenue,40.749018,-73.982049,29.4,209.4,10,26,0,0
madison_avenue_011,Madison Avenue,40.749176,-73.981932,29.4,209.4,11,25,0,0
madison_avenue_012,Madison Avenue,40.749333,-73.981816,29.4,209.4,12,24,0,0
madison_avenue_013,Madison Avenue,40.749491,-73.981699,29.5,209.5,13,23,0,0
madison_avenue_014,Madison Avenue,40.749648,-73.981583,29.0,209.0,14,22,0,0
madison_avenue_015,Madison Avenue,40.749806,-73.981468,28.9,208.9,15,21,0,0
madison_avenue_016,Madison Avenue,40.749965,-73.981353,28.9,208.9,16,20,0,0
madison_avenue_017,Madison Avenue,40.750123,-73.981239,28.9,208.9,17,19,0,0
madison_avenue_018,Madison Avenue,40.750282,-73.981124,28.4,208.4,18,18,0,0
madison_avenue_019,Madison Avenue,40.750441,-73.981012,28.5,208.5,19,17,0,0
madison_avenue_020,Madison Avenue,40.7506,-73.980898,28.5,208.5,20,16,0,0
madison_avenue_021,Madison Avenue,40.750759,-73.980785,29.1,209.1,21,15,0,0
madison_avenue_022,Madison Avenue,40.750917,-73.98067,28.9,208.9,22,14,0,0
madison_avenue_023,Madison Avenue,40.751075,-73.980555,28.7,208.7,23,13,0,0
madison_avenue_024,Madison Avenue,40.751234,-73.980441,28.7,208.7,24,12,0,0
madison_avenue_025,Madison Avenue,40.751392,-73.980327,29.3,209.3,25,11,0,0
madison_avenue_026,Madison Avenue,40.75155,-73.980211,29.2,209.2,26,10,0,0
madison_avenue_027,Madison Avenue,40.751708,-73.980095,29.1,209.1,27,9,0,0
madison_avenue_028,Madison Avenue,40.751866,-73.97998,29.1,209.1,28,8,0,0
madison_avenue_029,Madison Avenue,40.752024,-73.979864,29.1,209.1,29,7,0,0
madison_avenue_030,Madison Avenue,40.752182,-73.979749,29.2,209.2,30,6,0,0
madison_avenue_031,Madison Avenue,40.752339,-73.979633,29.2,209.2,31,5,0,0
madison_avenue_032,Madison Avenue,40.752497,-73.979517,29.2,209.2,32,4,0,0
madison_avenue_033,Madison Avenue,40.752655,-73.979402,29.0,209.0,33,3,0,0
madison_avenue_034,Madison Avenue,40.752813,-73.979287,30.1,210.1,34,2,0,0
madison_avenue_035,Madison Avenue,40.75297,-73.979167,30.1,210.1,35,1,0,0
park_avenue_west_001,Park Avenue,40.746954,-73.981577,28.7,208.7,1,33,0,0
park_avenue_west_002,Park Avenue,40.747112,-73.981463,28.7,208.7,2,32,0,0
park_avenue_west_003,Park Avenue,40.747271,-73.981349,29.8,209.8,3,31,0,0
park_avenue_west_004,Park Avenue,40.747428,-73.981231,29.8,209.8,4,30,0,0
park_avenue_west_005,Park Avenue,40.747585,-73.981113,29.7,209.7,5,29,0,0
park_avenue_west_006,Park Avenue,40.747742,-73.980996,28.9,208.9,6,28,0,0
park_avenue_west_007,Park Avenue,40.7479,-73.980881,29.4,209.4,7,27,0,0
park_avenue_west_008,Park Avenue,40.748058,-73.980765,29.4,209.4,8,26,0,0
park_avenue_west_009,Park Avenue,40.748215,-73.980648,29.3,209.3,9,25,0,0
park_avenue_west_010,Park Avenue,40.748373,-73.980532,29.3,209.3,10,24,0,0
park_avenue_west_011,Park Avenue,40.748531,-73.980416,28.9,208.9,11,23,0,0
park_avenue_west_012,Park Avenue,40.748689,-73.980301,28.9,208.9,12,22,0,0
park_avenue_west_013,Park Avenue,40.748847,-73.980187,29.0,209.0,13,21,0,0
park_avenue_west_014,Park Avenue,40.749006,-73.980072,29.6,209.6,14,20,0,0
park_avenue_west_015,Park Avenue,40.749163,-73.979955,29.2,209.2,15,19,0,0
park_avenue_west_016,Park Avenue,40.749321,-73.979839,29.2,209.2,16,18,0,0
park_avenue_west_017,Park Avenue,40.749479,-73.979724,28.9,208.9,17,17,0,0
park_avenue_west_018,Park Avenue,40.749637,-73.979609,29.2,209.2,18,16,0,0
park_avenue_west_019,Park Avenue,40.749795,-73.979493,28.9,208.9,19,15,0,0
park_avenue_west_020,Park Avenue,40.749953,-73.979379,28.9,208.9,20,14,0,0
park_avenue_west_021,Park Avenue,40.750112,-73.979264,28.5,208.5,21,13,0,0
park_avenue_west_022,Park Avenue,40.750271,-73.979151,28.2,208.2,22,12,0,0
park_avenue_west_023,Park Avenue,40.75043,-73.979039,28.8,208.8,23,11,0,0
park_avenue_west_024,Park Avenue,40.750589,-73.978925,28.8,208.8,24,10,0,0
park_avenue_west_025,Park Avenue,40.750747,-73.978811,41.0,221.0,25,9,0,0
park_avenue_west_026,Park Avenue,40.750881,-73.978658,44.9,224.9,26,8,0,0
park_avenue_west_027,Park Avenue,40.751005,-73.978496,29.4,209.4,27,7,0,0
park_avenue_west_028,Park Avenue,40.751163,-73.978379,29.4,209.4,28,6,0,0
park_avenue_west_029,Park Avenue,40.751321,-73.978263,219.0,39.0,29,5,0,0
park_avenue_west_030,Park Avenue,40.750903,-73.978707,27.0,207.0,30,4,0,0
park_avenue_west_031,Park Avenue,40.751064,-73.978599,29.3,209.3,31,3,0,0
park_avenue_west_032,Park Avenue,40.751222,-73.978483,29.3,209.3,32,2,0,0
park_avenue_west_033,Park Avenue,40.75138,-73.978368,29.3,209.3,33,1,0,0
park_avenue_east_001,Park Avenue,40.74688,-73.981399,31.4,211.4,1,30,0,0
park_avenue_east_002,Park Avenue,40.747035,-73.981276,31.6,211.6,2,29,0,0
park_avenue_east_003,Park Avenue,40.747189,-73.981151,29.1,209.1,3,28,0,0
park_avenue_east_004,Park Avenue,40.747347,-73.981036,29.1,209.1,4,27,0,0
park_avenue_east_005,Park Avenue,40.747505,-73.980921,29.1,209.1,5,26,0,0
park_avenue_east_006,Park Avenue,40.747663,-73.980805,29.3,209.3,6,25,0,0
park_avenue_east_007,Park Avenue,40.747821,-73.980689,28.8,208.8,7,24,0,0
park_avenue_east_008,Park Avenue,40.747979,-73.980575,28.8,208.8,8,23,0,0
park_avenue_east_009,Park Avenue,40.748138,-73.980461,28.7,208.7,9,22,0,0
park_avenue_east_010,Park Avenue,40.748296,-73.980347,29.0,209.0,10,21,0,0
park_avenue_east_011,Park Avenue,40.748454,-73.980232,29.1,209.1,11,20,0,0
park_avenue_east_012,Park Avenue,40.748612,-73.980117,29.1,209.1,12,19,0,0
park_avenue_east_013,Park Avenue,40.748771,-73.980001,28.9,208.9,13,18,0,0
park_avenue_east_014,Park Avenue,40.748929,-73.979887,29.0,209.0,14,17,0,0
park_avenue_east_015,Park Avenue,40.749087,-73.979772,29.2,209.2,15,16,0,0
park_avenue_east_016,Park Avenue,40.749245,-73.979656,29.2,209.2,16,15,0,0
park_avenue_east_017,Park Avenue,40.749403,-73.97954,29.4,209.4,17,14,0,0
park_avenue_east_018,Park Avenue,40.74956,-73.979424,29.2,209.2,18,13,0,0
park_avenue_east_019,Park Avenue,40.749718,-73.979309,29.0,209.0,19,12,0,0
park_avenue_east_020,Park Avenue,40.749877,-73.979194,29.0,209.0,20,11,0,0
park_avenue_east_021,Park Avenue,40.750035,-73.979079,29.7,209.7,21,10,0,0
park_avenue_east_022,Park Avenue,40.750192,-73.978961,29.6,209.6,22,9,0,0
park_avenue_east_023,Park Avenue,40.750349,-73.978844,29.9,209.9,23,8,0,0
park_avenue_east_024,Park Avenue,40.750506,-73.978726,20.7,200.7,24,7,0,0
park_avenue_east_025,Park Avenue,40.750675,-73.978643,15.6,195.6,25,6,0,0
park_avenue_east_026,Park Avenue,40.750849,-73.978579,120.1,300.1,26,5,0,0
park_avenue_east_027,Park Avenue,40.750807,-73.978486,29.4,209.4,27,4,0,0
park_avenue_east_028,Park Avenue,40.750965,-73.978369,28.8,208.8,28,3,0,0
park_avenue_east_029,Park Avenue,40.751123,-73.978255,28.8,208.8,29,2,0,0
park_avenue_east_030,Park Avenue,40.751282,-73.978141,28.8,208.8,30,1,0,0
park_avenue_bridge_west_001,Park Avenue,40.751335,-73.978252,29.2,209.2,1,10,0,1
park_avenue_bridge_west_002,Park Avenue,40.751493,-73.978136,29.2,209.2,2,9,0,1
park_avenue_bridge_west_003,Park Avenue,40.751651,-73.978021,29.2,209.2,3,8,0,1
park_avenue_bridge_west_004,Park Avenue,40.751809,-73.977905,29.2,209.2,4,7,0,1
park_avenue_bridge_west_005,Park Avenue,40.751967,-73.977789,29.2,209.2,5,6,0,1
park_avenue_bridge_west_006,Park Avenue,40.752125,-73.977674,19.2,199.2,6,5,0,1
park_avenue_bridge_west_007,Park Avenue,40.752293,-73.977597,309.5,129.5,7,4,0,1
park_avenue_bridge_west_008,Park Avenue,40.752403,-73.977771,300.8,120.8,8,3,0,1
park_avenue_bridge_west_009,Park Avenue,40.752495,-73.977975,347.0,167.0,9,2,0,1
park_avenue_bridge_west_010,Park Avenue,40.752658,-73.978024,347.0,167.0,10,1,0,1
park_avenue_bridge_east_001,Park Avenue,40.752195,-73.977622,63.9,243.9,1,5,0,1
park_avenue_bridge_east_002,Park Avenue,40.752267,-73.977428,118.4,298.4,2,4,0,1
park_avenue_bridge_east_003,Park Avenue,40.752181,-73.97722,107.0,287.0,3,3,0,1
park_avenue_bridge_east_004,Park Avenue,40.75213,-73.977001,41.0,221.0,4,2,0,1
park_avenue_bridge_east_005,Park Avenue,40.752261,-73.976851,41.0,221.0,5,1,0,1
park_avenue_tunnel_2_001,Park Avenue Tunnel,40.746873,-73.981511,29.1,209.1,1,5,0,0
park_avenue_tunnel_2_002,Park Avenue Tunnel,40.750307,-73.979003,30.7,210.7,2,4,0,0
park_avenue_tunnel_2_003,Park Avenue Tunnel,40.750463,-73.978882,30.7,210.7,3,3,0,0
park_avenue_tunnel_2_004,Park Avenue Tunnel,40.750618,-73.978761,31.0,211.0,4,2,0,0
park_avenue_tunnel_2_005,Park Avenue Tunnel,40.750773,-73.978639,31.0,211.0,5,1,0,0
park_avenue_tunnel_tunnel_001,Park Avenue Tunnel,40.746964,-73.981446,29.1,209.1,1,22,1,0
park_avenue_tunnel_tunnel_002,Park Avenue Tunnel,40.747122,-73.98133,29.1,209.1,2,21,1,0
park_avenue_tunnel_tunnel_003,Park Avenue Tunnel,40.74728,-73.981215,29.1,209.1,3,20,1,0
park_avenue_tunnel_tunnel_004,Park Avenue Tunnel,40.747438,-73.981099,29.1,209.1,4,19,1,0
park_avenue_tunnel_tunnel_005,Park Avenue Tunnel,40.747596,-73.980984,29.1,209.1,5,18,1,0
park_avenue_tunnel_tunnel_006,Park Avenue Tunnel,40.747754,-73.980868,29.1,209.1,6,17,1,0
park_avenue_tunnel_tunnel_007,Park Avenue Tunnel,40.747912,-73.980753,29.1,209.1,7,16,1,0
park_avenue_tunnel_tunnel_008,Park Avenue Tunnel,40.74807,-73.980638,29.1,209.1,8,15,1,0
park_avenue_tunnel_tunnel_009,Park Avenue Tunnel,40.748228,-73.980522,29.1,209.1,9,14,1,0
park_avenue_tunnel_tunnel_010,Park Avenue Tunnel,40.748386,-73.980407,29.1,209.1,10,13,1,0
park_avenue_tunnel_tunnel_011,Park Avenue Tunnel,40.748544,-73.980291,29.1,209.1,11,12,1,0
park_avenue_tunnel_tunnel_012,Park Avenue Tunnel,40.748702,-73.980176,29.1,209.1,12,11,1,0
park_avenue_tunnel_tunnel_013,Park Avenue Tunnel,40.74886,-73.98006,29.1,209.1,13,10,1,0
park_avenue_tunnel_tunnel_014,Park Avenue Tunnel,40.749018,-73.979945,29.1,209.1,14,9,1,0
park_avenue_tunnel_tunnel_015,Park Avenue Tunnel,40.749176,-73.979829,29.1,209.1,15,8,1,0
park_avenue_tunnel_tunnel_016,Park Avenue Tunnel,40.749334,-73.979714,29.1,209.1,16,7,1,0
park_avenue_tunnel_tunnel_017,Park Avenue Tunnel,40.749492,-73.979598,29.1,209.1,17,6,1,0
park_avenue_tunnel_tunnel_018,Park Avenue Tunnel,40.74965,-73.979483,29.1,209.1,18,5,1,0
park_avenue_tunnel_tunnel_019,Park Avenue Tunnel,40.749808,-73.979367,29.1,209.1,19,4,1,0
park_avenue_tunnel_tunnel_020,Park Avenue Tunnel,40.749966,-73.979252,29.1,209.1,20,3,1,0
park_avenue_tunnel_tunnel_021,Park Avenue Tunnel,40.750124,-73.979136,29.1,209.1,21,2,1,0
park_avenue_tunnel_tunnel_022,Park Avenue Tunnel,40.750282,-73.979021,29.1,209.1,22,1,1,0
queens_midtown_tunnel_tunnel_south_001,Queens-Midtown Tunnel,40.74783,-73.96996,247.2,67.2,1,12,1,0
queens_midtown_tunnel_tunnel_south_002,Queens-Midtown Tunnel,40.74776,-73.970178,241.4,61.4,2,11,1,0
queens_midtown_tunnel_tunnel_south_003,Queens-Midtown Tunnel,40.747674,-73.970386,229.1,49.1,3,10,1,0
queens_midtown_tunnel_tunnel_south_004,Queens-Midtown Tunnel,40.747556,-73.970566,221.4,41.4,4,9,1,0
queens_midtown_tunnel_tunnel_south_005,Queens-Midtown Tunnel,40.74742,-73.970722,213.8,33.8,5,8,1,0
queens_midtown_tunnel_tunnel_south_006,Queens-Midtown Tunnel,40.74727,-73.970854,48.1,228.1,6,7,1,0
queens_midtown_tunnel_tunnel_south_007,Queens-Midtown Tunnel,40.747875,-73.96997,248.0,68.0,7,6,1,0
queens_midtown_tunnel_tunnel_south_008,Queens-Midtown Tunnel,40.747807,-73.97019,239.7,59.7,8,5,1,0
queens_midtown_tunnel_tunnel_south_009,Queens-Midtown Tunnel,40.747716,-73.970394,229.3,49.3,9,4,1,0
queens_midtown_tunnel_tunnel_south_010,Queens-Midtown Tunnel,40.747598,-73.970574,222.9,42.9,10,3,1,0
queens_midtown_tunnel_tunnel_south_011,Queens-Midtown Tunnel,40.747466,-73.970735,216.0,36.0,11,2,1,0
queens_midtown_tunnel_tunnel_south_012,Queens-Midtown Tunnel,40.74732,-73.970874,216.0,36.0,12,1,1,0
queens_midtown_tunnel_tunnel_north_001,Queens-Midtown Tunnel,40.748062,-73.969776,253.6,73.6,1,16,1,0
queens_midtown_tunnel_tunnel_north_002,Queens-Midtown Tunnel,40.748011,-73.970003,247.0,67.0,2,15,1,0
queens_midtown_tunnel_tunnel_north_003,Queens-Midtown Tunnel,40.74794,-73.970221,237.3,57.3,3,14,1,0
queens_midtown_tunnel_tunnel_north_004,Queens-Midtown Tunnel,40.747843,-73.97042,232.0,52.0,4,13,1,0
queens_midtown_tunnel_tunnel_north_005,Queens-Midtown Tunnel,40.747732,-73.970606,227.6,47.6,5,12,1,0
queens_midtown_tunnel_tunnel_north_006,Queens-Midtown Tunnel,40.74761,-73.970781,218.8,38.8,6,11,1,0
queens_midtown_tunnel_tunnel_north_007,Queens-Midtown Tunnel,40.747469,-73.970929,209.0,29.0,7,10,1,0
queens_midtown_tunnel_tunnel_north_008,Queens-Midtown Tunnel,40.747311,-73.971044,50.7,230.7,8,9,1,0
queens_midtown_tunnel_tunnel_north_009,Queens-Midtown Tunnel,40.748099,-73.969781,253.3,73.3,9,8,1,0
queens_midtown_tunnel_tunnel_north_010,Queens-Midtown Tunnel,40.748047,-73.970008,247.4,67.4,10,7,1,0
queens_midtown_tunnel_tunnel_north_011,Queens-Midtown Tunnel,40.747978,-73.970226,237.3,57.3,11,6,1,0
queens_midtown_tunnel_tunnel_north_012,Queens-Midtown Tunnel,40.747881,-73.970425,233.3,53.3,12,5,1,0
queens_midtown_tunnel_tunnel_north_013,Queens-Midtown Tunnel,40.747773,-73.970615,228.6,48.6,13,4,1,0
queens_midtown_tunnel_tunnel_north_014,Queens-Midtown Tunnel,40.747653,-73.970793,220.3,40.3,14,3,1,0
queens_midtown_tunnel_tunnel_north_015,Queens-Midtown Tunnel,40.747516,-73.970946,210.8,30.8,15,2,1,0
queens_midtown_tunnel_tunnel_north_016,Queens-Midtown Tunnel,40.747361,-73.971067,210.8,30.8,16,1,1,0
queens_midtown_tunnel_tunnel_west_001,Queens-Midtown Tunnel,40.745938,-73.973125,91.5,271.5,1,26,1,0
queens_midtown_tunnel_tunnel_west_002,Queens-Midtown Tunnel,40.745933,-73.972888,83.9,263.9,2,25,1,0
queens_midtown_tunnel_tunnel_west_003,Queens-Midtown Tunnel,40.745952,-73.972652,74.8,254.8,3,24,1,0
queens_midtown_tunnel_tunnel_west_004,Queens-Midtown Tunnel,40.746,-73.972424,66.9,246.9,4,23,1,0
queens_midtown_tunnel_tunnel_west_005,Queens-Midtown Tunnel,40.746071,-73.972206,58.6,238.6,5,22,1,0
queens_midtown_tunnel_tunnel_west_006,Queens-Midtown Tunnel,40.746165,-73.972004,49.6,229.6,6,21,1,0
queens_midtown_tunnel_tunnel_west_007,Queens-Midtown Tunnel,40.746281,-73.971824,39.5,219.5,7,20,1,0
queens_midtown_tunnel_tunnel_west_008,Queens-Midtown Tunnel,40.74642,-73.971674,30.1,210.1,8,19,1,0
queens_midtown_tunnel_tunnel_west_009,Queens-Midtown Tunnel,40.746577,-73.971555,28.0,208.0,9,18,1,0
queens_midtown_tunnel_tunnel_west_010,Queens-Midtown Tunnel,40.746736,-73.971444,28.0,208.0,10,17,1,0
queens_midtown_tunnel_tunnel_west_011,Queens-Midtown Tunnel,40.746896,-73.971332,28.0,208.0,11,16,1,0
queens_midtown_tunnel_tunnel_west_012,Queens-Midtown Tunnel,40.747056,-73.971221,28.0,208.0,12,15,1,0
queens_midtown_tunnel_tunnel_west_013,Queens-Midtown Tunnel,40.747215,-73.971109,231.1,51.1,13,14,1,0
queens_midtown_tunnel_tunnel_west_014,Queens-Midtown Tunnel,40.745974,-73.973124,91.9,271.9,14,13,1,0
queens_midtown_tunnel_tunnel_west_015,Queens-Midtown Tunnel,40.745968,-73.972887,83.0,263.0,15,12,1,0
queens_midtown_tunnel_tunnel_west_016,Queens-Midtown Tunnel,40.74599,-73.972652,73.7,253.7,16,11,1,0
queens_midtown_tunnel_tunnel_west_017,Queens-Midtown Tunnel,40.746041,-73.972424,65.8,245.8,17,10,1,0
queens_midtown_tunnel_tunnel_west_018,Queens-Midtown Tunnel,40.746115,-73.972208,57.5,237.5,18,9,1,0
queens_midtown_tunnel_tunnel_west_019,Queens-Midtown Tunnel,40.746212,-73.972009,48.6,228.6,19,8,1,0
queens_midtown_tunnel_tunnel_west_020,Queens-Midtown Tunnel,40.746331,-73.971832,38.4,218.4,20,7,1,0
queens_midtown_tunnel_tunnel_west_021,Queens-Midtown Tunnel,40.746473,-73.971685,28.9,208.9,21,6,1,0
queens_midtown_tunnel_tunnel_west_022,Queens-Midtown Tunnel,40.746631,-73.97157,27.7,207.7,22,5,1,0
queens_midtown_tunnel_tunnel_west_023,Queens-Midtown Tunnel,40.746791,-73.97146,27.7,207.7,23,4,1,0
queens_midtown_tunnel_tunnel_west_024,Queens-Midtown Tunnel,40.746951,-73.971349,27.7,207.7,24,3,1,0
queens_midtown_tunnel_tunnel_west_025,Queens-Midtown Tunnel,40.747111,-73.971239,27.7,207.7,25,2,1,0
queens_midtown_tunnel_tunnel_west_026,Queens-Midtown Tunnel,40.747271,-73.971128,27.7,207.7,26,1,1,0
queens_midtown_tunnel_tunnel_east_001,Queens-Midtown Tunnel,40.745647,-73.972439,64.0,244.0,1,23,1,0
queens_midtown_tunnel_tunnel_east_002,Queens-Midtown Tunnel,40.745726,-73.972226,51.7,231.7,2,22,1,0
queens_midtown_tunnel_tunnel_east_003,Queens-Midtown Tunnel,40.745838,-73.972041,43.8,223.8,3,21,1,0
queens_midtown_tunnel_tunnel_east_004,Queens-Midtown Tunnel,40.745968,-73.971877,42.0,222.0,4,20,1,0
queens_midtown_tunnel_tunnel_east_005,Queens-Midtown Tunnel,40.746103,-73.971718,30.9,210.9,5,19,1,0
queens_midtown_tunnel_tunnel_east_006,Queens-Midtown Tunnel,40.746258,-73.971597,29.1,209.1,6,18,1,0
queens_midtown_tunnel_tunnel_east_007,Queens-Midtown Tunnel,40.746416,-73.971481,29.1,209.1,7,17,1,0
queens_midtown_tunnel_tunnel_east_008,Queens-Midtown Tunnel,40.746574,-73.971366,29.1,209.1,8,16,1,0
queens_midtown_tunnel_tunnel_east_009,Queens-Midtown Tunnel,40.746732,-73.97125,29.1,209.1,9,15,1,0
queens_midtown_tunnel_tunnel_east_010,Queens-Midtown Tunnel,40.74689,-73.971135,29.1,209.1,10,14,1,0
queens_midtown_tunnel_tunnel_east_011,Queens-Midtown Tunnel,40.747048,-73.97102,29.1,209.1,11,13,1,0
queens_midtown_tunnel_tunnel_east_012,Queens-Midtown Tunnel,40.747206,-73.970904,218.2,38.2,12,12,1,0
queens_midtown_tunnel_tunnel_east_013,Queens-Midtown Tunnel,40.745681,-73.972476,64.0,244.0,13,11,1,0
queens_midtown_tunnel_tunnel_east_014,Queens-Midtown Tunnel,40.745761,-73.972263,51.7,231.7,14,10,1,0
queens_midtown_tunnel_tunnel_east_015,Queens-Midtown Tunnel,40.745872,-73.972077,43.7,223.7,15,9,1,0
queens_midtown_tunnel_tunnel_east_016,Queens-Midtown Tunnel,40.746003,-73.971913,42.0,222.0,16,8,1,0
queens_midtown_tunnel_tunnel_east_017,Queens-Midtown Tunnel,40.746137,-73.971754,30.8,210.8,17,7,1,0
queens_midtown_tunnel_tunnel_east_018,Queens-Midtown Tunnel,40.746292,-73.971633,29.1,209.1,18,6,1,0
queens_midtown_tunnel_tunnel_east_019,Queens-Midtown Tunnel,40.74645,-73.971518,29.1,209.1,19,5,1,0
queens_midtown_tunnel_tunnel_east_020,Queens-Midtown Tunnel,40.746608,-73.971403,29.1,209.1,20,4,1,0
queens_midtown_tunnel_tunnel_east_021,Queens-Midtown Tunnel,40.746766,-73.971287,29.1,209.1,21,3,1,0
queens_midtown_tunnel_tunnel_east_022,Queens-Midtown Tunnel,40.746924,-73.971172,29.1,209.1,22,2,1,0
queens_midtown_tunnel_tunnel_east_023,Queens-Midtown Tunnel,40.747082,-73.971056,29.1,209.1,23,1,1,0
tudor_city_place_001,Tudor City Place,40.74793,-73.971307,30.7,210.7,1,9,0,0
tudor_city_place_002,Tudor City Place,40.748086,-73.971186,30.7,210.7,2,8,0,0
tudor_city_place_003,Tudor City Place,40.748241,-73.971065,31.9,211.9,3,7,0,0
tudor_city_place_004,Tudor City Place,40.748395,-73.970939,32.4,212.4,4,6,0,0
tudor_city_place_005,Tudor City Place,40.748547,-73.970813,28.7,208.7,5,5,0,0
tudor_city_place_006,Tudor City Place,40.748706,-73.970698,28.7,208.7,6,4,0,0
tudor_city_place_007,Tudor City Place,40.748864,-73.970584,29.4,209.4,7,3,0,0
tudor_city_place_008,Tudor City Place,40.749203,-73.970334,28.5,208.5,8,2,0,0
tudor_city_place_009,Tudor City Place,40.749362,-73.970221,28.5,208.5,9,1,0,0
tunnel_approach_street_001,Tunnel Approach Street,40.744502,-73.975202,24.9,204.9,1,21,0,0
tunnel_approach_street_002,Tunnel Approach Street,40.744666,-73.975103,27.1,207.1,2,20,0,0
tunnel_approach_street_003,Tunnel Approach Street,40.744827,-73.974995,28.7,208.7,3,19,0,0
tunnel_approach_street_004,Tunnel Approach Street,40.744986,-73.974881,28.6,208.6,4,18,0,0
tunnel_approach_street_005,Tunnel Approach Street,40.745145,-73.974767,28.3,208.3,5,17,0,0
tunnel_approach_street_006,Tunnel Approach Street,40.745304,-73.974655,27.9,207.9,6,16,0,0
tunnel_approach_street_007,Tunnel Approach Street,40.745464,-73.974544,27.9,207.9,7,15,0,0
tunnel_approach_street_008,Tunnel Approach Street,40.745624,-73.974433,28.6,208.6,8,14,0,0
tunnel_approach_street_009,Tunnel Approach Street,40.745782,-73.974319,43.1,223.1,9,13,0,0
tunnel_approach_street_010,Tunnel Approach Street,40.746326,-73.973652,28.9,208.9,10,12,0,0
tunnel_approach_street_011,Tunnel Approach Street,40.746484,-73.973537,28.5,208.5,11,11,0,0
tunnel_approach_street_012,Tunnel Approach Street,40.746643,-73.973424,28.9,208.9,12,10,0,0
tunnel_approach_street_013,Tunnel Approach Street,40.746801,-73.973309,29.7,209.7,13,9,0,0
tunnel_approach_street_014,Tunnel Approach Street,40.746958,-73.973192,29.3,209.3,14,8,0,0
tunnel_approach_street_015,Tunnel Approach Street,40.747116,-73.973076,29.3,209.3,15,7,0,0
tunnel_approach_street_016,Tunnel Approach Street,40.747274,-73.97296,29.3,209.3,16,6,0,0
tunnel_approach_street_017,Tunnel Approach Street,40.747432,-73.972844,29.2,209.2,17,5,0,0
tunnel_approach_street_018,Tunnel Approach Street,40.747589,-73.972728,29.0,209.0,18,4,0,0
tunnel_approach_street_019,Tunnel Approach Street,40.747748,-73.972613,29.0,209.0,19,3,0,0
tunnel_approach_street_020,Tunnel Approach Street,40.747906,-73.972498,29.0,209.0,20,2,0,0
tunnel_approach_street_021,Tunnel Approach Street,40.748064,-73.972384,29.0,209.0,21,1,0,0
tunnel_exit_street_001,Tunnel Exit Street,40.745401,-73.977335,29.7,209.7,1,21,0,0
tunnel_exit_street_002,Tunnel Exit Street,40.745558,-73.977217,31.9,211.9,2,20,0,0
tunnel_exit_street_003,Tunnel Exit Street,40.745712,-73.977092,34.6,214.6,3,19,0,0
tunnel_exit_street_004,Tunnel Exit Street,40.745861,-73.976957,36.2,216.2,4,18,0,0
tunnel_exit_street_005,Tunnel Exit Street,40.746007,-73.976817,30.1,210.1,5,17,0,0
tunnel_exit_street_006,Tunnel Exit Street,40.747299,-73.975834,28.6,208.6,6,16,0,0
tunnel_exit_street_007,Tunnel Exit Street,40.747458,-73.975721,28.6,208.6,7,15,0,0
tunnel_exit_street_008,Tunnel Exit Street,40.747617,-73.975607,26.9,206.9,8,14,0,0
tunnel_exit_street_009,Tunnel Exit Street,40.747778,-73.9755,27.5,207.5,9,13,0,0
tunnel_exit_street_010,Tunnel Exit Street,40.747939,-73.97539,29.2,209.2,10,12,0,0
tunnel_exit_street_011,Tunnel Exit Street,40.748097,-73.975275,29.2,209.2,11,11,0,0
tunnel_exit_street_012,Tunnel Exit Street,40.748255,-73.975159,29.2,209.2,12,10,0,0
tunnel_exit_street_013,Tunnel Exit Street,40.748412,-73.975043,29.3,209.3,13,9,0,0
tunnel_exit_street_014,Tunnel Exit Street,40.74857,-73.974927,29.3,209.3,14,8,0,0
tunnel_exit_street_015,Tunnel Exit Street,40.748728,-73.974811,29.3,209.3,15,7,0,0
tunnel_exit_street_016,Tunnel Exit Street,40.748886,-73.974695,29.3,209.3,16,6,0,0
tunnel_exit_street_017,Tunnel Exit Street,40.749044,-73.974579,29.0,209.0,17,5,0,0
tunnel_exit_street_018,Tunnel Exit Street,40.749202,-73.974464,28.8,208.8,18,4,0,0
tunnel_exit_street_019,Tunnel Exit Street,40.74936,-73.97435,28.8,208.8,19,3,0,0
tunnel_exit_street_020,Tunnel Exit Street,40.749519,-73.974236,28.8,208.8,20,2,0,0
tunnel_exit_street_021,Tunnel Exit Street,40.749677,-73.974121,28.8,208.8,21,1,0,0
