node_id,scaffold_frac
n00000,0.06560320663265884
n00001,0.012426958772266516
n00002,0.004019240674097091
n00003,0.0012368446041364223
n00004,0.026355080539360642
n00005,0.00017553911311551929
n00006,0.0026734406128525734
n00007,0.020223317202180624
n00008,0.006081320811063051
n00009,0.0031092618592083454
n00010,0.0016585420235060155
n00011,0.0030608372762799263
n00012,0.006837955079390667
n00013,0.0
n00014,0.0076430137269198895
n00015,0.08921826080768369
n00016,0.05878340918570757
n00017,0.07706772722303867
n00018,0.08984778347075917
n00019,0.04736126109492034
n00020,0.09437749907374382
n00021,0.06880729738622904
n00022,0.011125548277050257
n00023,0.011125548277050257
n00024,0.013324831437785178
n00025,0.03796689189039171
n00026,0.08264866098761559
n00027,0.08264866098761559
n00028,0.014733179472386837
n00029,0.014733179472386837
n00030,0.0
n00031,0.0
n00032,4.640689257939812e-05
n00033,0.08143401239067316
n00034,0.010266011959174648
n00035,0.044816954314228497
n00036,0.04052128829061985
n00037,0.01257626834558323
n00038,0.05042815022170544
n00039,0.06635176902636886
n00040,0.026292532682418823
n00041,0.09868728278524941
n00042,0.0615577349672094
n00043,0.12827873975038528
n00045,0.07146258209832013
n00046,0.04473624541424215
n00047,0.006795583292841911
n00048,0.07364774169400334
n00049,0.026716247240983648
n00050,0.020521935970464256
n00051,0.013326849322766066
n00052,0.0027823959244415164
n00053,0.023112650960683823
n00054,0.037232451140880585
n00055,0.00011904376879101619
n00056,0.019149904837831855
n00057,0.12549030035734177
n00058,0.005165289156138897
n00059,0.029839633032679558
n00060,0.0978075759485364
n00061,0.19811506569385529
n00062,0.0
n00063,0.006149922264739871
n00064,0.01962204510346055
n00065,0.019559497013688087
n00066,0.013014107011258602
n00067,0.04569263197481632
n00068,0.011539174789504614
n00069,0.06836340902373195
n00070,0.03486771889402007
n00071,0.0
n00072,0.0020903279073536396
n00073,0.058837890625
n00074,0.05811555615719044
n00075,0.17226037103682756
n00076,0.0981505821691826
n00077,0.004118107259273529
n00078,0.002483777701854706
n00079,0.007560288243212199
n00080,0.0
n00081,0.026361133709315254
n00082,0.003309013181933551
n00083,0.05568625405430794
n00084,0.025408783578313887
n00085,0.060260359779931605
n00086,0.004695167124737054
n00087,0.06363192427670583
n00088,0.02538053528405726
n00089,0.007283864641067339
n00090,0.0005548650515265763
n00091,0.03334436169825494
n00092,0.0020055847708135843
n00093,0.03157484740950167
n00094,0.002661334564209028
n00095,0.005260120611637831
n00096,0.0
n00097,0.012691276730038226
n00098,0.009458935586735606
n00099,0.08917589019984007
n00100,0.08214020170271397
n00101,0.007429138320730999
n00102,0.0013478175969794393
n00103,0.0
n00104,0.0024736891500651836
n00105,0.0030789964366704226
n00106,0.056208837777376175
n00107,0.15674230828881264
n00108,0.03182705910876393
n00109,0.014640365727245808
n00110,0.010496028349734843
n00111,2.824767398124095e-05
n00112,0.005361005198210478
n00113,0.03971824608743191
n00114,0.0964153671375243
n00115,0.07883925610803999
n00116,0.08328624721616507
n00117,0.09242437034845352
n00118,0.019503000716213137
n00119,1.8159218598157167e-05
n00120,0.07256827875971794
n00121,0.015191195998340845
n00122,0.036701799370348454
n00123,0.05530693009495735
n00124,0.0129555944877211
n00125,0.01711607351899147
n00126,0.028003533370792866
n00127,0.014271128922700882
n00128,0.0
n00129,0.019952946109697223
n00130,0.0
n00131,0.00031475978903472424
n00132,0.020709581207484007
n00133,0.0014789674896746874
n00134,0.03676233068108559
n00135,0.05517779663205147
n00136,0.09063669620081782
n00137,0.08027989161200821
n00138,0.034413740038871765
n00139,0.021310852374881506
n00140,0.009224883513525128
n00144,0.09886282403022051
n00145,0.07947079464793205
n00146,0.06802443601191044
n00147,0.2096945969387889
n00148,0.3048569783568382
n00149,0.1786806657910347
n00150,0.22470621950924397
n00151,0.2675841674208641
n00152,0.08727320795878768
n00153,0.0
n00154,0.12391447648406029
n00155,0.01536875288002193
n00156,0.05524236196652055
n00157,0.15158307738602161
n00158,0.006097462435718626
n00159,0.15305800891292165
n00160,0.013627484986500349
n00161,0.019724947169379448
n00162,7.667225872864947e-05
n00163,0.003173828008584678
n00164,0.005932011452387087
n00165,0.009174440987408161
n00166,0.0031940049957484007
n00167,0.02379261308669811
n00168,0.036701799370348454
n00169,0.042244396172463894
n00170,0.002445441437885165
n00171,0.0129555944877211
n00172,0.01711607351899147
n00173,0.028003533370792866
n00174,0.021811238955706358
n00175,0.07902085222303867
n00176,0.012451171409338713
n00177,0.03413126175291836
n00178,0.005603128141956404
n00179,0.05308948736637831
n00180,0.009117945584875997
n00181,0.08535639953333884
n00182,0.01055454183369875
n00183,0.13718684762716293
n00184,0.030931203355066827
n00185,0.11555114760994911
n00186,0.0
n00187,0.1554106380790472
n00189,0.10544654773548245
n00190,0.016906232573091984
n00191,0.38981588557362556
n00192,0.019349657697603106
n00193,0.47068898379802704
n00194,0.01571983064059168
n00195,0.38461630418896675
n00196,0.034413740038871765
n00197,0.07651891652494669
n00198,0.0
n00199,0.004951413682192651
n00200,0.08143401239067316
n00201,0.004295664373785257
n00203,0.026611327659338713
n00205,0.16319085098803043
n00207,0.05715109728043899
n00209,0.08727320795878768
n00210,0.06367227528244257
n00211,0.07593176513910294
n00212,0.05379366083070636
n00213,0.016236360228504054
n00214,0.0
n00215,0.0025624677073210478
n00216,0.008090941002592444
n00217,0.011246609734371305
n00218,0.000924102496355772
n00219,0.04653199203312397
n00220,0.0463766292668879
n00221,0.031044194562127814
n00222,0.00044792742119170725
n00223,0.0013437821762636304
n00224,0.000762687181122601
n00225,0.002600803661152895
n00226,0.006860149500425905
n00227,0.030931203355066827
n00228,0.0
n00229,0.02514042962138774
n00230,0.06375702004879713
n00231,0.019349657697603106
n00232,0.01571983064059168
n00233,0.0
n00234,0.06072039587888867
n00236,0.10920147364959121
n00238,0.09732736111618578
n00240,0.20275171287357807
n00241,0.08478741216822527
n00242,0.2290644273161888
n00243,0.3389478847384453
n00244,0.24790764693170786
n00245,0.19020370196085423
n00250,0.016752888448536396
n00251,0.04583386890590191
n00252,0.12488498631864786
n00253,0.08457353769335896
n00254,0.12628526100888848
n00255,0.04639277081423643
n00256,0.14947861875407398
n00257,0.06186039000749588
n00258,0.0019188241967640352
n00259,0.04134047217667103
n00260,0.019394046103116125
n00261,0.1325058059010189
n00262,0.04649768996750936
n00263,0.13121650111861527
n00264,0.09794074296951294
n00265,0.14613127429038286
n00266,0.06775809824466705
n00267,0.0002259813918499276
n00268,0.055922324769198895
n00269,0.14759611384943128
n00270,0.09165361477062106
n00271,0.08616952830925584
n00272,0.055954608134925365
n00273,0.043364214929169975
n00274,0.04089254420250654
n00275,0.12391447648406029
n00276,0.09022509306669235
n00277,0.10189137860106712
n00278,0.15478312969207764
n00279,0.1247861199080944
n00280,0.04592870152555406
n00281,0.027285235817544162
n00282,0.014870383311063051
n00283,0.06349875486921519
n00284,0.01723511703312397
n00285,0.04120124992914498
n00286,0.012552056228742003
n00287,0.006934804085176438
n00288,0.021405684994533658
n00289,5.447765943245031e-05
n00290,0.01552209712099284
n00291,0.0
n00292,0.06264728773385286
n00293,0.04350948822684586
n00294,0.009388316597323865
n00295,0.05425369254589896
n00296,0.0016605597629677504
n00297,0.04455465287901461
n00298,0.001119818538427353
n00299,0.08151875529438257
n00300,0.00774995144456625
n00301,0.026827220048289746
n00302,0.011117477435618639
n00303,0.0021851593628525734
n00304,0.0034462162293493748
n00305,0.0
n00306,0.04262170568108559
n00307,0.06290151923894882
n00308,0.05238934699445963
n00309,0.0016242412384599447
n00310,0.003391738544451073
n00311,0.019771354272961617
n00312,0.005899728741496801
n00313,0.05458056018687785
n00314,0.04829948768019676
n00315,0.1168868551030755
n00316,0.058847976848483086
n00317,0.11688282166142017
n00318,0.14343563676811755
n00319,0.3052201569080353
n00320,0.09142157761380076
n00321,0.045765267219394445
n00322,0.058246704982593656
n00323,0.003522888640873134
n00324,0.0856731758103706
n00325,0.028110471614127164
n00326,0.0008918194216676056
n00327,0.052633486688137054
n00328,0.0009039255673997104
n00329,0.00364394998177886
n00330,0.04965134203666821
n00331,0.01918218843638897
n00332,0.07636758778244257
n00333,0.18790756911039352
n00334,0.04163101967424154
n00335,0.031181396916508675
n00336,0.00590376416221261
n00337,0.060260359779931605
n00338,0.0065998671925626695
n00339,0.03018263913691044
n00340,0.008018304091820028
n00341,0.016752888448536396
n00342,0.06550433995289495
n00343,0.06725972890853882
n00344,0.020665191157604568
n00345,0.007057883194647729
n00346,0.0016888074096641503
n00347,0.016397775209043175
n00348,0.0036278083571232855
n00349,0.086054523329949
n00350,0.03909074752300512
n00351,0.019724947169379448
n00352,0.003986957482993603
n00353,0.07005826756358147
n00354,0.08054420724511147
n00355,0.041322311386466026
n00356,0.06647686706855893
n00357,0.046806396916508675
n00358,0.049693714041495696
n00359,0.015247690957039595
n00360,0.013232017692644149
n00361,0.10556559776887298
n00362,0.10802717658225447
n00363,0.059646980836987495
n00364,0.02983559761196375
n00365,0.04037399700791866
n00366,4.035382062284043e-06
n00367,0.00010895531886490062
n00368,0.003064872696995735
n00369,0.002445441437885165
n00370,0.018064387259073555
n00371,0.0010572700994089246
n00372,0.01678517193067819
n00373,0.005877533927559853
n00374,0.0
n00375,0.0
n00376,0.10853160172700882
n00377,0.002092345617711544
n00378,0.06261702533811331
n00379,0.012735666008666158
n00380,0.01576421968638897
n00381,0.002800555123940285
n00382,0.0009261201898880245
n00383,0.07499959249980748
n00384,0.07270345999859273
n00385,0.007283864641067339
n00386,0.003670179892651504
n00387,0.011032734997570515
n00388,0.13755406509153545
n00389,0.14535244612488896
n00390,0.15776124325202545
n00391,0.23464132472872734
n00392,0.14837494678795338
n00393,0.04440736095421016
n00394,0.04711106652393937
n00395,0.01936378050595522
n00396,0.013677927083335817
n00397,0.023933851160109043
n00398,0.026431752368807793
n00399,0.01926289696712047
n00400,0.011206256109289825
n00401,0.08135330211371183
n00402,0.06901915650814772
n00403,0.04477054625749588
n00404,0.02258603274822235
n00405,0.043186659284401685
n00406,0.006813742686063051
n00407,0.0031092618592083454
n00408,0.12602498568594456
n00409,0.2664340864866972
n00410,0.20604459010064602
n00411,0.022136088366096374
n00412,0.0
n00413,0.0
n00414,0.040099592646583915
n00415,0.0051794127793982625
n00416,0.014271128922700882
n00417,0.014491057023406029
n00418,0.05090634344378486
n00419,0.10624959133565426
n00420,0.006162028410471976
n00421,0.09968604287132621
n00422,0.0061156213050708175
n00423,0.09669986148219323
n00424,0.0
n00425,0.041511974297463894
n00426,0.12700558453798294
n00427,4.035382062284043e-06
n00428,0.06437846831977367
n00429,0.23112650052644312
n00430,0.12254446547012776
n00431,0.03157484740950167
n00432,0.004309787960664835
n00434,0.2281261959578842
n00435,0.08278788154711947
n00436,0.04523461579810828
n00437,0.09544889535754919
n00438,0.2074771486222744
n00439,0.11847881611902267
n00440,0.07192463241517544
n00441,0.06619035307085142
n00442,0.005165289156138897
n00443,0.01837107675964944
n00444,0.003631843952462077
n00445,0.028114506596466526
n00450,0.0027743251994252205
n00453,0.0
n00455,0.08288675143558066
n00456,0.14163989425287582
n00457,0.05928581673651934
n00458,0.0792508665472269
n00459,0.026833273470401764
n00460,0.0007344395344262011
n00461,0.019095427473075688
n00462,0.025784074794501066
n00463,0.01055454183369875
n00464,0.0011056946823373437
n00465,0.023280119872651994
n00466,0.030985680234152824
n00467,0.029492590227164328
n00468,0.013227981922682375
n00469,0.0716340858489275
n00470,0.03952858527190983
n00471,0.030277472687885165
n00472,0.16872739139944315
n00473,0.08606461249291897
n00474,0.04701421869867772
n00475,0.0
n00476,0.0030729433055967093
n00477,0.003238394041545689
n00478,0.0001210614645970054
n00479,0.012691276730038226
n00480,0.031193504109978676
n00481,0.10727659749682061
n00482,0.056208835914731026
n00483,0.08871989336330444
n00484,0.02217038907110691
n00485,0.13168460875749588
n00486,0.017354160314425826
n00487,0.03450655188498786
n00488,0.0
n00489,0.0018845234517357312
n00490,0.02360294945538044
n00491,0.0007162803085520864
n00492,0.0512170703150332
n00493,0.004672972412663512
n00494,0.08535639953333884
n00495,0.005405394462286495
n00496,0.006938839331269264
n00497,0.011740944348275661
n00498,0.03336050312896077
n00499,0.06815962155815214
n00500,0.05604540463536978
n00501,0.06853894516825676
n00502,0.05372506007552147
n00503,0.051997916772961617
n00504,0.05272025056183338
n00505,0.018496173433959484
n00506,0.10395345782671939
n00507,0.1402396159246564
n00508,0.07465457124635577
n00509,0.011266786721535027
n00510,0.07627074152696878
n00511,0.08063096925616264
n00512,0.029298890964128077
n00513,0.03216199530288577
n00514,0.05799449235200882
n00515,0.1261682411422953
n00516,0.061680816077569034
n00517,0.08029804844409227
n00518,0.03796890971898392
n00519,0.013413609936833382
n00520,0.030450993217527866
n00521,0.06744737643748522
n00522,0.130030098836869
n00523,0.01700106472708285
n00524,0.08611101470887661
n00525,0.05634200479835272
n00526,0.010506117367185652
n00527,0.009335855982499197
n00528,0.04380205553025007
n00529,0.06161826476454735
n00530,0.037664239217519935
n00531,0.02512832498177886
n00532,0.11567826196551323
n00533,0.010724027584728901
n00534,0.07358115911483765
n00535,0.033423051703721285
n00536,0.07784453965723515
n00537,0.015984148834832013
n00538,0.04357405472546816
n00539,0.08083879225887358
n00540,0.11535543203353882
n00541,0.09758159027842339
n00542,0.11284138914197683
n00543,0.23127580899745226
n00544,0.17219781735911965
n00545,0.018379147863015532
n00546,0.05716118800773984
n00547,0.03751896575954561
n00548,0.08424666873179376
n00549,0.08365347108338028
n00550,0.026681946823373437
n00551,0.017154409222712275
n00552,0.006168081483338028
n00553,0.014188403016305529
n00554,0.01819755509495735
n00555,0.0
n00556,0.0
n00557,0.010596913052722812
n00558,0.021310852374881506
n00559,0.006026843097060919
n00560,0.020124451169976965
n00561,0.008670018054544926
n00562,0.013026213273406029
n00563,0.03947007202077657
n00564,0.03945594769902527
n00565,0.06622263789176941
n00566,0.17722590826451778
n00567,0.12698943443501776
n00568,0.049594846088439226
n00569,2.6229983632219955e-05
n00570,0.014511233544908464
n00571,0.05102942418307066
n00572,0.00944884680211544
n00573,0.04610625933855772
n00574,0.05228644609451294
n00575,0.11005092022242025
n00576,0.05166903091594577
n00577,0.05148138664662838
n00578,0.1118345633149147
n00579,0.0724552833562484
n00580,0.0626170244649984
n00581,0.027061271015554667
n00582,0.045571569353342056
n00583,0.000998757044726517
n00584,0.06819795724004507
n00585,0.06643247697502375
n00586,0.09907064959406853
n00587,0.050198135955724865
n00588,0.15317100007086992
n00589,0.09940558578819036
n00590,0.19885152019560337
n00591,0.1014838027767837
n00592,0.09303169790655375
n00593,0.08298359951004386
n00594,0.031169290596153587
n00595,0.1540285125374794
n00596,0.180488514713943
n00597,0.049290173628833145
n00598,0.06741509400308132
n00599,0.07132739666849375
n00600,0.1471481923945248
n00601,0.09423222206532955
n00602,0.023165111051639542
n00603,0.08478741216822527
n00604,0.17200412461534142
n00605,0.057209611404687166
n00606,0.16938314777507912
n00607,0.06556688742421102
n00608,0.11310974066145718
n00609,0.21218241192400455
n00610,0.15225496515631676
n00611,0.12688653264194727
n00612,0.05072273360565305
n00613,0.023724010583464405
n00614,0.05872489791363478
n00615,0.038578254132062284
n00616,0.01665200386196375
n00617,0.041403020557481796
n00618,0.0155241145985201
n00619,0.014640365727245808
n00620,0.03594920257455669
n00621,0.04514180077239871
n00622,0.018030086997896433
n00623,0.019757231503717776
n00624,0.03840472977026366
n00625,0.0741299691144377
n00626,0.12664845027029514
n00627,0.13237869087606668
n00628,0.09967393428087234
n00629,0.05511928349733353
n00630,0.05794203290133737
n00631,0.1342470683157444
n00632,0.14327623788267374
n00633,0.11305123177589849
n00634,0.02997683483408764
n00635,0.02436765469610691
n00636,0.00047617507516406476
n00637,0.05267585872206837
n00638,0.02589101156149809
n00641,0.07371835876256227
n00642,0.11693528269825038
n00643,0.10591869405470788
n00644,0.09024930103259976
n00645,0.05246803764021024
n00646,0.08219871576875448
n00647,0.2462773509323597
n00648,0.22136088367551565
n00649,0.23453034833073616
n00650,0.17122126556932926
n00651,0.23126371018588543
n00652,0.17457264706422393
n00653,0.10226062021683902
n00654,0.20293331146240234
n00655,0.08926466852426529
n00656,0.04129002941772342
n00657,0.1268058279529214
n00658,0.06794372759759426
n00659,0.011301087462925352
n00660,0.014208580367267132
n00661,0.00021589294192381203
n00662,0.062171113677322865
n00663,0.0006739087984897196
n00664,0.003260588739067316
n00665,0.03971824608743191
n00666,0.006694698686942502
n00667,0.07092183715940337
n00668,0.06445110302593093
n00669,0.08085896819829941
n00670,0.056323844473809004
n00671,0.027636313578113914
n00672,0.0004983696853742003
n00673,0.011954819783568382
n00674,0.04764777375385165
n00675,0.051715439185500145
n00676,0.06783073538099416
n00677,0.015713777858763933
n00678,0.06902722781524062
n00679,0.14053823053836823
n00680,0.07561700791120529
n00681,0.05154796992428601
n00682,0.08387944987043738
n00683,0.1689695194363594
n00684,0.2111029475927353
n00685,0.10791419073939323
n00686,0.09466804511612281
n00687,0.0
n00689,0.06349875486921519
n00690,0.06601481512188911
n00691,0.039068550377123756
n00692,0.05631173960864544
n00693,0.08350416086614132
n00694,0.05159639520570636
n00695,0.01780007050547283
n00696,0.017473204507723494
n00697,0.04366888594813645
n00698,0.0585997998714447
n00699,0.005835162592120469
n00700,0.05877130292356014
n00701,0.00014527374878525734
n00702,0.0673949159681797
n00703,0.08852013973228168
n00704,0.020911349449306726
n00705,0.030277472687885165
n00706,0.06612175330519676
n00707,0.03945796564221382
n00708,0.06082329689525068
n00709,0.03796890971898392
n00710,0.002352627692744136
n00711,9.886686166282743e-05
n00713,0.06622263789176941
n00714,0.09397799335420132
n00715,0.11929800175130367
n00716,0.07768110139295459
n00717,0.12688653264194727
n00718,0.08223301750945211
n00719,0.06072442792356014
n00720,0.12893852684646845
n00721,0.1268058279529214
n00722,0.008446054649539292
n00723,0.0907517092055059
n00724,0.18541976064443588
n00725,0.02803581760963425
n00726,0.11138058104552329
n00727,0.03977877926081419
n00728,0.0026472106110304594
n00729,0.13416434451937675
n00730,0.032234631889878074
n00731,0.0900092008523643
n00732,0.0773401185288094
n00733,0.06450154876802117
n00734,0.0160850332085829
n00735,0.06081320585508365
n00736,0.13899469608440995
n00737,0.06285914685577154
n00738,0.010941938846372068
n00739,0.13239281438291073
n00740,0.05293815990444273
n00741,0.12688048183918
n00742,0.01771936204750091
n00743,0.006246771663427353
n00744,8.676071593072265e-05
n00745,0.07605686411261559
n00746,0.022349963895976543
n00747,0.0014809852000325918
n00748,0.04483712837100029
n00749,0.07181971147656441
n00750,0.06660801637917757
n00751,0.20777375251054764
n00752,0.13384555280208588
n00753,0.09311644360423088
n00754,0.17852933891117573
n00755,0.1327862672824267
n00756,0.09419187158346176
n00760,0.02589101156149809
n00761,0.02463197149336338
n00762,0.05737506283912808
n00763,0.002663352235686034
n00764,0.05846058018505573
n00765,0.054558365140110254
