node_id,street,street_pos_m,seg_id
n00000,1st Avenue,0.0,s1
n00001,1st Avenue,19.999183466968134,s1
n00002,1st Avenue,39.99864801004844,s1
n00003,1st Avenue,59.998113278124265,s1
n00004,1st Avenue,79.99748622564306,s1
n00005,1st Avenue,99.99611491311703,s1
n00006,1st Avenue,119.99592223352244,s1
n00007,1st Avenue,139.99591732208998,s1
n00008,1st Avenue,159.9952717644931,s1
n00009,1st Avenue,179.99334307797156,s1
n00010,1st Avenue,199.9928806957837,s1
n00011,1st Avenue,219.99241831441725,s1
n00012,1st Avenue,239.99180883264128,s1
n00013,1st Avenue,259.988839775703,s1
n00014,1st Avenue,279.98861379910176,s1
n00015,1st Avenue,299.98839412978424,s1
n00016,1st Avenue,319.9881269966994,s1
n00017,1st Avenue,339.9850437161317,s1
n00018,1st Avenue,359.984631190093,s1
n00019,1st Avenue,379.98460558459453,s1
n00020,1st Avenue,399.98407290651704,s1
n00021,1st Avenue,419.9759412388261,s1
n00022,1st Avenue,439.96986183892614,s1
n00023,1st Avenue,459.9636490654558,s1
n00024,1st Avenue,479.958158897422,s1
n00028,1st Avenue,485.6979741357473,s1
n00025,1st Avenue,499.95417353258443,s1
n00029,1st Avenue,505.6944205478593,s1
n00026,1st Avenue,519.9502762572718,s1
n00030,1st Avenue,525.694212435042,s1
n00027,1st Avenue,539.4855910151566,s1
n00031,1st Avenue,545.6262293587087,s1
n00038,1st Avenue,562.0833339926579,s1
n00032,1st Avenue,565.538334863884,s1
n00039,1st Avenue,581.8967672071067,s1
n00033,1st Avenue,585.5129273592454,s1
n00040,1st Avenue,601.8952735588681,s1
n00034,1st Avenue,605.5125436838216,s1
n00041,1st Avenue,621.8937799113959,s1
n00035,1st Avenue,625.5122573875392,s1
n00042,1st Avenue,641.8209776828985,s1
n00036,1st Avenue,645.4739075264752,s1
n00043,1st Avenue,661.6005096720041,s1
n00053,2nd Avenue,0.0,s2
n00052,2nd Avenue,19.999856672785427,s2
n00051,2nd Avenue,39.999697497174736,s2
n00050,2nd Avenue,59.99952745929954,s2
n00049,2nd Avenue,79.99936017856146,s2
n00048,2nd Avenue,99.9991996540636,s2
n00047,2nd Avenue,119.9990154192738,s2
n00046,2nd Avenue,139.99887239902313,s2
n00045,2nd Avenue,159.99869350641941,s2
n00044,2nd Avenue,179.9985290756881,s2
n00075,2nd Avenue,257.06463923798884,s3
n00074,2nd Avenue,277.06456619426365,s3
n00073,2nd Avenue,297.06444954316333,s3
n00072,2nd Avenue,317.06433289124345,s3
n00071,2nd Avenue,337.0642199433697,s3
n00070,2nd Avenue,357.0641055786191,s3
n00069,2nd Avenue,377.0640027361839,s3
n00068,2nd Avenue,397.06390646411927,s3
n00067,2nd Avenue,417.0637497887377,s3
n00066,2nd Avenue,437.06366969622513,s3
n00065,2nd Avenue,457.06355870581365,s3
n00064,2nd Avenue,477.0634489137526,s3
n00063,2nd Avenue,497.0633526951773,s3
n00062,2nd Avenue,517.0632288879551,s3
n00061,2nd Avenue,537.0631333363265,s3
n00060,2nd Avenue,557.0630419241263,s3
n00059,2nd Avenue,577.0623968530422,s3
n00058,2nd Avenue,597.0612643461437,s3
n00057,2nd Avenue,617.0601458110293,s3
n00056,2nd Avenue,637.05893050278,s3
n00055,2nd Avenue,657.0576473747725,s3
n00054,2nd Avenue,677.0575439282993,s3
n00076,3rd Avenue,0.0,s4
n00077,3rd Avenue,19.99821261323325,s4
n00078,3rd Avenue,39.99798166990746,s4
n00079,3rd Avenue,59.997973098595594,s4
n00080,3rd Avenue,79.99796452728373,s4
n00081,3rd Avenue,99.99791877273921,s4
n00082,3rd Avenue,119.99594855815317,s4
n00083,3rd Avenue,139.99269997834168,s4
n00084,3rd Avenue,159.98945139929597,s4
n00085,3rd Avenue,179.9861378839671,s4
n00086,3rd Avenue,199.9796647255288,s4
n00087,3rd Avenue,219.97311219409923,s4
n00088,3rd Avenue,239.96655966266962,s4
n00089,3rd Avenue,259.96028450368635,s4
n00090,3rd Avenue,279.9590986219058,s4
n00091,3rd Avenue,299.9588325360306,s4
n00092,3rd Avenue,319.9586663661973,s4
n00094,3rd Avenue,359.9582882031006,s4
n00095,3rd Avenue,379.9580750264073,s4
n00096,3rd Avenue,399.9578618488931,s4
n00097,3rd Avenue,419.95781905860656,s4
n00098,3rd Avenue,439.9577970302118,s4
n00099,3rd Avenue,459.9577965213923,s4
n00100,3rd Avenue,479.9577960133387,s4
n00101,3rd Avenue,499.95561981576424,s4
n00102,3rd Avenue,519.9551112322624,s4
n00103,3rd Avenue,539.9550153337718,s4
n00104,3rd Avenue,559.9548819082885,s4
n00105,3rd Avenue,579.9544262948199,s4
n00106,3rd Avenue,599.9537518731352,s4
n00107,3rd Avenue,619.9531072374522,s4
n00108,3rd Avenue,639.9525241342872,s4
n00109,3rd Avenue,659.952459226781,s4
n00110,3rd Avenue,679.9523414630468,s4
n00111,East 34th Street,0.0,s5
n00112,East 34th Street,19.99474245444526,s5
n00113,East 34th Street,39.988212282702534,s5
n00114,East 34th Street,59.97412857701124,s5
n00115,East 34th Street,79.96704896112885,s5
n00116,East 34th Street,99.96685931320383,s5
n00117,East 34th Street,119.96666966527874,s5
n00118,East 34th Street,139.96643605339807,s5
n00119,East 34th Street,159.96632548814313,s5
n00120,East 34th Street,179.9662787973831,s5
n00121,East 34th Street,199.9662295959415,s5
n00122,East 34th Street,219.9662030987973,s5
n00123,East 34th Street,239.9662020850702,s5
n00124,East 34th Street,259.96620107100455,s5
n00125,East 34th Street,279.96620005727743,s5
n00126,East 34th Street,299.9661990435503,s5
n00127,East 34th Street,319.9661422527772,s5
n00128,East 34th Street,339.9559494560906,s5
n00129,East 34th Street,359.8944618990806,s5
n00130,East 34th Street,379.8944587939752,s5
n00131,East 34th Street,399.89445632587217,s5
n00132,East 34th Street,419.8944548016793,s5
n00133,East 34th Street,439.8944532775889,s5
n00134,East 34th Street,459.89445236892846,s5
n00135,East 34th Street,499.84291397071854,s5
n00136,East 34th Street,519.8419068143062,s5
n00137,East 34th Street,539.841337894431,s5
n00138,East 34th Street,559.8410861456118,s5
n00139,East 34th Street,579.8410860093261,s5
n00140,East 34th Street,599.8410858724969,s5
n00141,East 34th Street,619.8410857356677,s5
n00142,East 34th Street,639.8410855992794,s5
n00143,East 34th Street,659.8410796950059,s5
n00144,East 34th Street,679.8410687966762,s5
n00145,East 34th Street,719.8407474426592,s5
n00146,East 34th Street,739.8405766347046,s5
n00147,East 34th Street,759.8401162395037,s5
n00148,East 34th Street,779.8388556719163,s5
n00149,East 34th Street,799.8388549320272,s5
n00150,East 34th Street,819.8388541916969,s5
n00151,East 34th Street,839.8388534518077,s5
n00152,East 34th Street,859.83883582458,s5
n00153,East 34th Street,879.8387940732206,s5
n00154,East 34th Street,899.8387523214201,s5
n00155,East 34th Street,919.8387085220459,s5
n00156,East 34th Street,939.8386642331329,s5
n00157,East 35th Street,0.0,s6
n00158,East 35th Street,39.98870874328259,s6
n00159,East 35th Street,59.98867843573578,s6
n00160,East 35th Street,79.98864812808642,s6
n00161,East 35th Street,99.98861782053962,s6
n00162,East 35th Street,119.98858751299281,s6
n00163,East 35th Street,139.98855720500438,s6
n00164,East 35th Street,159.98852689745758,s6
n00165,East 35th Street,179.98840966846421,s6
n00166,East 35th Street,199.98838134408413,s6
n00167,East 35th Street,219.98835302004318,s6
n00168,East 35th Street,259.987315384947,s6
n00169,East 35th Street,279.9873105489028,s6
n00170,East 35th Street,299.98730540787403,s6
n00171,East 35th Street,319.98730026409385,s6
n00172,East 35th Street,339.987295119872,s6
n00173,East 35th Street,359.98728997609174,s6
n00174,East 35th Street,379.9782671270803,s6
n00175,East 35th Street,399.9745294051954,s6
n00176,East 35th Street,419.97349855466734,s6
n00177,East 35th Street,439.97246770403683,s6
n00178,East 35th Street,479.9723499188411,s6
n00179,East 35th Street,499.97231784241444,s6
n00180,East 35th Street,519.9722857655462,s6
n00181,East 35th Street,539.9722536886779,s6
n00182,East 35th Street,559.9722216118097,s6
n00183,East 35th Street,579.9722023254287,s6
n00184,East 35th Street,599.9721961932348,s6
n00185,East 35th Street,619.9721822390409,s6
n00186,East 35th Street,639.9721698302058,s6
n00187,East 35th Street,659.9721663356208,s6
n00188,East 35th Street,679.9721617019404,s6
n00189,East 35th Street,699.97215706826,s6
n00190,East 35th Street,719.9721524344772,s6
n00191,East 35th Street,739.9721478007967,s6
n00192,East 35th Street,759.9721122904193,s6
n00193,East 35th Street,779.9720627294587,s6
n00194,East 35th Street,799.9717673095886,s6
n00195,East 35th Street,819.9713028145194,s6
n00196,East 35th Street,839.9708383193476,s6
n00197,East 35th Street,859.9703738242786,s6
n00198,East 35th Street,879.9699093291067,s6
n00199,East 35th Street,899.9695522429276,s6
n00200,East 35th Street,919.9694502329758,s6
n00201,East 35th Street,939.9693887607665,s6
n00202,East 36th Street,0.0,s7
n00203,East 36th Street,19.999986800030683,s7
n00204,East 36th Street,39.99997580598176,s7
n00205,East 36th Street,59.99996584535302,s7
n00206,East 36th Street,79.99995588472427,s7
n00207,East 36th Street,99.99994592365238,s7
n00208,East 36th Street,119.99993596302357,s7
n00209,East 36th Street,139.99992600249726,s7
n00210,East 36th Street,159.99990888595732,s7
n00211,East 36th Street,179.99989145330665,s7
n00212,East 36th Street,199.99988331913082,s7
n00213,East 36th Street,219.9998724869843,s7
n00214,East 36th Street,239.99986165494013,s7
n00215,East 36th Street,259.9998508232368,s7
n00216,East 36th Street,279.9998400012489,s7
n00217,East 36th Street,299.99982921120943,s7
n00219,East 36th Street,339.99979554589936,s7
n00220,East 36th Street,359.9997807576246,s7
n00221,East 36th Street,379.99976596969054,s7
n00222,East 36th Street,399.9997511814158,s7
n00223,East 36th Street,419.9997363934818,s7
n00224,East 36th Street,439.9997191948161,s7
n00225,East 36th Street,459.99970198216545,s7
n00226,East 36th Street,716.9536373831287,s8
n00227,East 36th Street,736.8826632954069,s8
n00228,East 36th Street,756.8768888842487,s8
n00229,East 36th Street,776.8547959886378,s8
n00230,East 36th Street,796.8520747803617,s8
n00231,East 36th Street,816.851029951886,s8
n00232,East 36th Street,836.8499851234103,s8
n00233,East 36th Street,856.8489402949347,s8
n00234,East 36th Street,876.8478954664589,s8
n00235,East 36th Street,896.8468506379832,s8
n00236,East 36th Street,916.8458306798516,s8
n00237,East 36th Street,936.8447495143214,s8
n00239,East 37th Street,0.0,s9
n00242,East 37th Street,59.9996645613798,s10
n00247,East 37th Street,159.9984122131399,s11
n00248,East 37th Street,179.99831905836942,s11
n00249,East 37th Street,199.99823960048252,s11
n00250,East 37th Street,239.99442597747554,s11
n00251,East 37th Street,259.99394239719055,s11
n00252,East 37th Street,279.9934588163617,s11
n00253,East 37th Street,299.99297523607663,s11
n00254,East 37th Street,319.9481543725459,s11
n00255,East 37th Street,339.6902120357324,s11
n00256,East 37th Street,359.6807454064695,s11
n00257,East 37th Street,379.49860297959435,s11
n00260,East 37th Street,459.2108328015412,s12
n00261,East 37th Street,479.21037856738155,s12
n00262,East 37th Street,499.2099335373516,s12
n00263,East 37th Street,519.2094972351417,s12
n00264,East 37th Street,539.2090609324904,s12
n00265,East 37th Street,559.208999136553,s12
n00266,East 37th Street,579.2089463934204,s12
n00267,East 37th Street,599.208649660439,s12
n00268,East 37th Street,619.2084946588262,s12
n00269,East 37th Street,639.2084938862315,s12
n00270,East 37th Street,659.2084931131953,s12
n00271,East 37th Street,679.2084923404982,s12
n00272,East 37th Street,699.2084915679034,s12
n00273,East 37th Street,719.2084907953086,s12
n00274,East 37th Street,739.208235531992,s12
n00275,East 37th Street,759.2078027092084,s12
n00276,East 37th Street,779.2073876844408,s12
n00277,East 37th Street,799.2069109005272,s12
n00278,East 37th Street,819.2064341166135,s12
n00279,East 37th Street,839.2059573326999,s12
n00280,East 37th Street,859.2054805492276,s12
n00281,East 37th Street,879.2050037652115,s12
n00282,East 37th Street,899.2045438955797,s12
n00283,East 37th Street,919.2045235357502,s12
n00284,East 38th Street,0.0,s13
n00285,East 38th Street,19.998230545167303,s13
n00286,East 38th Street,39.9969554832515,s13
n00287,East 38th Street,59.99668856788384,s13
n00288,East 38th Street,79.99642165251618,s13
n00289,East 38th Street,99.99615473714846,s13
n00290,East 38th Street,119.99588782167837,s13
n00291,East 38th Street,139.99562090586824,s13
n00292,East 38th Street,159.9922782923138,s13
n00293,East 38th Street,179.98795602084692,s13
n00294,East 38th Street,199.98567149052803,s13
n00295,East 38th Street,219.98565788038954,s13
n00296,East 38th Street,239.98564426991098,s13
n00297,East 38th Street,259.9856309124979,s13
n00298,East 38th Street,279.98561988874644,s13
n00299,East 38th Street,299.9856088646549,s13
n00300,East 38th Street,319.98560189126977,s13
n00301,East 38th Street,339.98560013176393,s13
n00302,East 38th Street,359.9855949712048,s13
n00303,East 38th Street,379.9855898103056,s13
n00304,East 38th Street,399.98558464930403,s13
n00305,East 38th Street,419.9855794884049,s13
n00306,East 38th Street,439.9855749108353,s13
n00307,East 38th Street,459.98557146482193,s13
n00308,East 38th Street,499.9853966232964,s13
n00309,East 38th Street,519.9850843838057,s13
n00310,East 38th Street,539.9847721443148,s13
n00311,East 38th Street,559.9845401136458,s13
n00312,East 38th Street,579.9845140596374,s13
n00313,East 38th Street,599.9844790776845,s13
n00314,East 38th Street,619.9844546212429,s13
n00315,East 38th Street,639.9844308067891,s13
n00316,East 38th Street,659.9844054885488,s13
n00317,East 38th Street,679.9842911950055,s13
n00318,East 38th Street,719.983750707135,s13
n00319,East 38th Street,739.983544243116,s13
n00320,East 38th Street,759.9833377786545,s13
n00321,East 38th Street,779.9831442926318,s13
n00322,East 38th Street,799.9827955613318,s13
n00323,East 38th Street,819.9826022859411,s13
n00324,East 38th Street,839.9824204219151,s13
n00325,East 38th Street,859.9822385577867,s13
n00326,East 38th Street,879.9820518270753,s13
n00327,East 38th Street,899.9818487736147,s13
n00329,East 39th Street,0.0,s14
n00330,East 39th Street,19.99998186902434,s14
n00331,East 39th Street,39.9999648399272,s14
n00332,East 39th Street,59.99995488257275,s14
n00333,East 39th Street,79.99994271665958,s14
n00334,East 39th Street,99.99993055064391,s14
n00335,East 39th Street,119.99991722311199,s14
n00336,East 39th Street,139.99989668698822,s14
n00337,East 39th Street,159.999896005501,s14
n00338,East 39th Street,179.9998953236746,s14
n00339,East 39th Street,219.99989297057832,s14
n00340,East 39th Street,239.9998901504034,s14
n00341,East 39th Street,259.99988784105005,s14
n00342,East 39th Street,279.9998874453681,s14
n00343,East 39th Street,299.99988656509663,s14
n00344,East 39th Street,319.99988453632045,s14
n00345,East 39th Street,339.999878774847,s14
n00346,East 39th Street,359.99872965694425,s14
n00347,East 39th Street,379.99675031604056,s14
n00348,East 39th Street,399.99477097469514,s14
n00349,East 39th Street,439.98840545320513,s14
n00350,East 39th Street,459.9846198443325,s14
n00351,East 39th Street,479.9840525445464,s14
n00352,East 39th Street,499.9838311019332,s14
n00353,East 39th Street,519.9836096592176,s14
n00354,East 39th Street,539.9832940047437,s14
n00355,East 39th Street,559.9825425116979,s14
n00356,East 39th Street,579.98183999736,s14
n00357,East 39th Street,599.9776335872556,s14
n00358,East 39th Street,619.9732950367226,s14
n00359,East 39th Street,639.968956486292,s14
n00360,East 39th Street,659.9440202829098,s14
n00361,East 39th Street,679.8467488044777,s14
n00362,East 39th Street,699.8467311473983,s14
n00363,East 39th Street,719.8465151445109,s14
n00364,East 39th Street,739.8459992301277,s14
n00365,East 39th Street,759.8453446433768,s14
n00366,East 39th Street,779.8433019170428,s14
n00367,East 39th Street,799.8412591907088,s14
n00368,East 39th Street,819.8396572530244,s14
n00369,East 39th Street,839.8396541819575,s14
n00370,East 39th Street,859.8396404422128,s14
n00371,East 39th Street,879.839587385931,s14
n00372,East 39th Street,899.8376321605025,s14
n00373,East 40th Street,0.0,s15
n00374,East 40th Street,19.951698476955414,s15
n00375,East 40th Street,39.95109984377041,s15
n00376,East 40th Street,59.95047513433019,s15
n00377,East 40th Street,79.94985042478754,s15
n00378,East 40th Street,99.94922571524489,s15
n00379,East 40th Street,119.94860100580473,s15
n00380,East 40th Street,139.94797629626208,s15
n00381,East 40th Street,159.94569394611824,s15
n00382,East 40th Street,179.94416888818012,s15
n00383,East 40th Street,199.94298052727234,s15
n00384,East 40th Street,219.94240904627736,s15
n00385,East 40th Street,239.94183756517995,s15
n00386,East 40th Street,259.94126608408254,s15
n00387,East 40th Street,279.9407539042539,s15
n00388,East 40th Street,299.9406710054134,s15
n00389,East 40th Street,319.94064407968887,s15
n00390,East 40th Street,339.94059318744905,s15
n00391,East 40th Street,359.940589447852,s15
n00392,East 40th Street,379.9405857083574,s15
n00393,East 40th Street,399.94058196876034,s15
n00394,East 40th Street,419.9405782291633,s15
n00395,East 40th Street,439.94057440865015,s15
n00396,East 40th Street,459.940570505282,s15
n00397,East 40th Street,499.94056566607856,s15
n00398,East 40th Street,519.9405644455748,s15
n00399,East 40th Street,539.9405632249685,s15
n00400,East 40th Street,559.940178552099,s15
n00401,East 40th Street,579.9395055758647,s15
n00402,East 40th Street,599.9394991817207,s15
n00403,East 40th Street,619.9394935075843,s15
n00404,East 40th Street,639.9394847008931,s15
n00405,East 40th Street,659.939476695166,s15
n00406,East 40th Street,679.9390361872588,s15
n00407,East 40th Street,719.9312898882952,s15
n00408,East 40th Street,739.9312646763212,s15
n00409,East 40th Street,759.931239464007,s15
n00410,East 40th Street,779.9312256185035,s15
n00411,East 40th Street,799.9312199012746,s15
n00412,East 40th Street,819.9312178364908,s15
n00413,East 40th Street,839.9312157717069,s15
n00414,East 40th Street,859.931213706923,s15
n00415,East 40th Street,879.9312107241731,s15
n00416,East 40th Street,899.9312069678413,s15
n00417,East 41st Street,0.0,s16
n00418,East 41st Street,19.989837046754985,s16
n00419,East 41st Street,39.98288184701482,s16
n00420,East 41st Street,59.98240465173785,s16
n00421,East 41st Street,79.98198701142695,s16
n00422,East 41st Street,99.98198522760703,s16
n00423,East 41st Street,119.9819834437871,s16
n00424,East 41st Street,139.98198166030676,s16
n00425,East 41st Street,159.98164346426768,s16
n00426,East 41st Street,179.98163597425986,s16
n00427,East 41st Street,199.9527916222945,s16
n00428,East 41st Street,219.95157729929971,s16
n00429,East 41st Street,239.95036297620243,s16
n00430,East 41st Street,259.9491486531051,s16
n00431,East 41st Street,279.9479985855304,s16
n00432,East 41st Street,299.9473918647569,s16
n00433,East 41st Street,319.9463186771589,s16
n00434,East 41st Street,339.9445994771448,s16
n00435,East 41st Street,359.9445994320657,s16
n00436,East 41st Street,379.9445993869865,s16
n00437,East 41st Street,399.9445993418049,s16
n00438,East 41st Street,419.94459929672576,s16
n00439,East 41st Street,439.94455419851846,s16
n00440,East 41st Street,459.94446346152665,s16
n00441,East 41st Street,499.943058577029,s16
n00442,East 41st Street,519.9430162085683,s16
n00443,East 41st Street,539.9429999103077,s16
n00444,East 41st Street,559.9429779041533,s16
n00445,East 41st Street,579.9429159075507,s16
n00446,East 41st Street,599.9427319518423,s16
n00447,East 41st Street,619.9425274677633,s16
n00448,East 41st Street,639.9423273562817,s16
n00449,East 41st Street,659.9421386832445,s16
n00450,East 41st Street,679.9413939394085,s16
n00451,East 41st Street,719.9384999968026,s16
n00452,East 41st Street,739.9384390990765,s16
n00453,East 41st Street,759.9383782013502,s16
n00454,East 41st Street,779.9383173035217,s16
n00455,East 41st Street,799.93825643018,s16
n00456,East 41st Street,819.9381955766564,s16
n00457,East 41st Street,839.9381347234726,s16
n00458,East 41st Street,859.937967346119,s16
n00460,East 42nd Street,0.0,s17
n00461,East 42nd Street,19.996031957843286,s17
n00462,East 42nd Street,39.994830295237534,s17
n00463,East 42nd Street,59.97553770058295,s17
n00464,East 42nd Street,79.94091900551325,s17
n00465,East 42nd Street,99.9393759925266,s17
n00466,East 42nd Street,119.93906799792825,s17
n00467,East 42nd Street,139.93906731776372,s17
n00468,East 42nd Street,159.9390117315187,s17
n00469,East 42nd Street,179.9386765202227,s17
n00470,East 42nd Street,199.93836949990276,s17
n00471,East 42nd Street,219.93825927934765,s17
n00472,East 42nd Street,239.93814905868993,s17
n00473,East 42nd Street,259.93803883813484,s17
n00474,East 42nd Street,279.9379336736791,s17
n00475,East 42nd Street,299.9378500102896,s17
n00476,East 42nd Street,319.9376841679815,s17
n00477,East 42nd Street,339.93730153807076,s17
n00478,East 42nd Street,359.9372456772669,s17
n00479,East 42nd Street,379.93721869907085,s17
n00480,East 42nd Street,399.93719172053716,s17
n00481,East 42nd Street,419.9371647423411,s17
n00482,East 42nd Street,439.93713776414506,s17
n00483,East 42nd Street,459.9371107860516,s17
n00484,East 42nd Street,499.9347369279832,s17
n00485,East 42nd Street,519.9328347362947,s17
n00486,East 42nd Street,539.9309210938584,s17
n00487,East 42nd Street,559.9289175240636,s17
n00488,East 42nd Street,579.9286268076189,s17
n00489,East 42nd Street,599.9286196912791,s17
n00490,East 42nd Street,619.9284851051755,s17
n00491,East 42nd Street,639.9276148680754,s17
n00492,East 42nd Street,659.9267446309751,s17
n00493,East 42nd Street,679.9255915702959,s17
n00494,East 42nd Street,719.9167840767627,s17
n00495,East 42nd Street,739.9157822809881,s17
n00496,East 42nd Street,759.9156888981056,s17
n00497,East 42nd Street,779.9155955152232,s17
n00498,East 42nd Street,799.9155021317979,s17
n00499,East 42nd Street,819.9154087489154,s17
n00500,East 42nd Street,839.9153153654901,s17
n00501,East 42nd Street,859.915219368581,s17
n00502,East 42nd Street,879.915093948131,s17
n00503,East 42nd Street,899.9149685277837,s17
n00504,Lexington Avenue,0.0,s18
n00506,Lexington Avenue,59.99935825753056,s19
n00507,Lexington Avenue,79.99917163723103,s19
n00508,Lexington Avenue,119.99891075426044,s19
n00509,Lexington Avenue,139.998907582631,s19
n00510,Lexington Avenue,159.99890441012732,s19
n00511,Lexington Avenue,199.99879296627842,s19
n00512,Lexington Avenue,219.99869530634115,s19
n00513,Lexington Avenue,239.99859764722265,s19
n00514,Lexington Avenue,279.99841942325077,s19
n00515,Lexington Avenue,299.99830286840216,s19
n00516,Lexington Avenue,319.9981863136091,s19
n00517,Lexington Avenue,359.99739102961814,s19
n00518,Lexington Avenue,379.9973467000485,s19
n00519,Lexington Avenue,399.9973023712976,s19
n00520,Lexington Avenue,439.9161044496477,s19
n00521,Lexington Avenue,459.9160407891251,s19
n00522,Lexington Avenue,479.91598469512513,s19
n00523,Lexington Avenue,519.9142424021799,s19
n00524,Lexington Avenue,539.9142420215609,s19
n00525,Lexington Avenue,559.9142416418161,s19
n00526,Lexington Avenue,599.913132622336,s19
n00527,Lexington Avenue,619.912338545962,s19
n00528,Lexington Avenue,639.9120761886617,s19
n00529,Lexington Avenue,679.9118165836496,s19
n00530,Madison Avenue,0.0,s20
n00531,Madison Avenue,39.99684694581572,s20
n00532,Madison Avenue,59.99653560198391,s20
n00533,Madison Avenue,79.9962242573319,s20
n00534,Madison Avenue,119.99383561645345,s20
n00535,Madison Avenue,139.99378164809175,s20
n00536,Madison Avenue,159.99372767967492,s20
n00537,Madison Avenue,199.9915569734613,s20
n00538,Madison Avenue,219.99111618077825,s20
n00539,Madison Avenue,239.9906753880952,s20
n00540,Madison Avenue,279.9897864317987,s20
n00541,Madison Avenue,299.9897139394999,s20
n00542,Madison Avenue,319.9896414472011,s20
n00543,Madison Avenue,359.98816228606245,s20
n00544,Madison Avenue,379.98743939592055,s20
n00545,Madison Avenue,399.98671650577865,s20
n00546,Madison Avenue,419.98442234252957,s20
n00547,Madison Avenue,439.98417175496314,s20
n00548,Madison Avenue,459.98392116657647,s20
n00549,Madison Avenue,479.9834423715872,s20
n00550,Madison Avenue,519.9797471099288,s20
n00551,Madison Avenue,539.9796871186862,s20
n00552,Madison Avenue,559.9796363005853,s20
n00553,Madison Avenue,579.9795753989607,s20
n00554,Madison Avenue,599.9794569737398,s20
n00555,Madison Avenue,619.9793385485189,s20
n00556,Madison Avenue,639.979220123298,s20
n00557,Park Avenue,0.0,s21
n00594,Park Avenue,6.256521164607591,s21
n00558,Park Avenue,39.949973053495086,s21
n00593,Park Avenue,46.25516523393176,s21
n00559,Park Avenue,59.94997285799457,s21
n00592,Park Avenue,66.25382624452371,s21
n00560,Park Avenue,79.94997204270206,s21
n00591,Park Avenue,86.25248725506032,s21
n00561,Park Avenue,119.94917899543361,s21
n00590,Park Avenue,126.25073121200383,s21
n00562,Park Avenue,139.94879285776324,s21
n00589,Park Avenue,146.2505215228957,s21
n00563,Park Avenue,159.94840671927352,s21
n00588,Park Avenue,166.2503118337322,s21
n00564,Park Avenue,199.9477729618863,s21
n00587,Park Avenue,206.24965451147398,s21
n00565,Park Avenue,219.94776914185968,s21
n00586,Park Avenue,226.24952999335102,s21
n00566,Park Avenue,239.9477653217777,s21
n00585,Park Avenue,246.2494054752834,s21
n00567,Park Avenue,279.94677985348187,s21
n00584,Park Avenue,286.2484979237319,s21
n00568,Park Avenue,299.9467543198165,s21
n00583,Park Avenue,306.2484913204408,s21
n00569,Park Avenue,319.9467287869704,s21
n00582,Park Avenue,326.2484847170943,s21
n00570,Park Avenue,359.94633146326413,s21
n00581,Park Avenue,366.24745840939136,s21
n00571,Park Avenue,379.94626909057604,s21
n00580,Park Avenue,386.2472520169864,s21
n00572,Park Avenue,399.94620671865187,s21
n00573,Park Avenue,439.94140484774346,s21
n00578,Park Avenue,446.2416766387513,s21
n00574,Park Avenue,459.93955874918714,s21
n00577,Park Avenue,466.2413418381951,s21
n00575,Park Avenue,479.6775526755172,s21
n00576,Park Avenue,486.2410070368749,s21
