node_id,osm_name,d
n00000,1st Avenue,724.9944920227922
n00001,1st Avenue,727.5926578150777
n00002,1st Avenue,730.7287382396913
n00003,1st Avenue,734.3958413244819
n00004,1st Avenue,738.3926404549176
n00005,1st Avenue,734.5427036354977
n00006,1st Avenue,719.9995888347595
n00007,1st Avenue,705.7240388258308
n00008,1st Avenue,691.889202280718
n00009,1st Avenue,678.2292518255152
n00010,1st Avenue,665.026418563453
n00011,1st Avenue,652.138567520725
n00012,1st Avenue,639.613450414095
n00013,1st Avenue,627.2356399916844
n00014,1st Avenue,615.5026083504523
n00015,1st Avenue,604.200671006019
n00016,1st Avenue,593.1191935552538
n00017,1st Avenue,582.7551959877484
n00018,1st Avenue,572.9436274456006
n00019,1st Avenue,563.4842412556396
n00020,1st Avenue,554.5362323430406
n00021,1st Avenue,546.6571133219396
n00022,1st Avenue,538.5259616300418
n00023,1st Avenue,537.0468960258935
n00025,1st Avenue,529.6652858024696
n00026,1st Avenue,515.8374508265365
n00027,1st Avenue,522.9451301984872
n00028,1st Avenue,509.97854222955056
n00029,1st Avenue,517.3095472501528
n00030,1st Avenue,504.76411375631585
n00031,1st Avenue,512.8533819168242
n00032,1st Avenue,500.1679208083288
n00033,1st Avenue,512.7645807141786
n00034,1st Avenue,494.65375025263194
n00035,1st Avenue,516.3417038137097
n00036,1st Avenue,490.6377555554281
n00037,1st Avenue,517.649352667328
n00038,1st Avenue,488.84184152677466
n00039,1st Avenue,515.5499898113195
n00040,1st Avenue,487.8514902876426
n00041,1st Avenue,514.2919097354066
n00042,1st Avenue,487.6231015031153
n00043,1st Avenue,513.4618817648668
n00044,1st Avenue,491.77353012245624
n00045,1st Avenue,510.9968297185657
n00046,2nd Avenue,499.30112293616304
n00047,2nd Avenue,503.4572938583088
n00048,2nd Avenue,508.2574421002981
n00049,2nd Avenue,513.9009722275806
n00050,2nd Avenue,520.2520104675152
n00051,2nd Avenue,527.2849908875104
n00052,2nd Avenue,534.889007310513
n00053,2nd Avenue,543.1967008130212
n00054,2nd Avenue,539.2201126286712
n00055,2nd Avenue,522.1297176467759
n00056,2nd Avenue,505.2469378324879
n00057,2nd Avenue,488.48492739813327
n00058,2nd Avenue,472.0896235506164
n00059,2nd Avenue,455.85645929788467
n00060,2nd Avenue,439.934316811922
n00061,2nd Avenue,424.3742663676456
n00062,2nd Avenue,409.1862860454279
n00063,2nd Avenue,394.5359671262193
n00064,2nd Avenue,380.2575584024451
n00065,2nd Avenue,366.5154550647251
n00066,2nd Avenue,353.4030332901024
n00067,2nd Avenue,340.93146952375724
n00068,2nd Avenue,329.2042116108872
n00069,2nd Avenue,318.3999428831838
n00070,2nd Avenue,308.45619447071175
n00071,2nd Avenue,299.47594638987914
n00072,2nd Avenue,291.5939629242523
n00073,2nd Avenue,284.90140914114886
n00074,2nd Avenue,279.6832377480844
n00075,2nd Avenue,275.9538994667391
n00076,2nd Avenue,273.5674020970126
n00077,2nd Avenue,272.63598214232456
n00078,2nd Avenue,273.29896672689256
n00079,2nd Avenue,275.1371025781314
n00080,3rd Avenue,284.7424649594725
n00081,3rd Avenue,290.9667326144905
n00082,3rd Avenue,298.03656004545667
n00083,3rd Avenue,306.4158066218284
n00084,3rd Avenue,315.7626142650246
n00085,3rd Avenue,326.1474973366908
n00086,3rd Avenue,336.3969472719389
n00087,3rd Avenue,346.6218694234373
n00088,3rd Avenue,357.68115792993785
n00089,3rd Avenue,369.4863028408181
n00090,3rd Avenue,381.30089267840407
n00091,3rd Avenue,393.77781810222285
n00092,3rd Avenue,403.88514476400485
n00093,3rd Avenue,384.0028065896138
n00094,3rd Avenue,364.1941151316608
n00095,3rd Avenue,344.4839418152273
n00096,3rd Avenue,324.7751889839088
n00097,3rd Avenue,305.0524972378455
n00098,3rd Avenue,285.34329358321656
n00099,3rd Avenue,265.7908679468894
n00100,3rd Avenue,246.3024099944813
n00101,3rd Avenue,226.787245060258
n00102,3rd Avenue,207.39400805219228
n00103,3rd Avenue,188.1115036740269
n00104,3rd Avenue,169.1316284757783
n00105,3rd Avenue,150.35784625810163
n00106,3rd Avenue,131.968805441898
n00107,3rd Avenue,113.99482677226945
n00108,3rd Avenue,96.94925647677968
n00109,3rd Avenue,80.9834450329081
n00110,3rd Avenue,67.55751501077918
n00111,3rd Avenue,58.0439324335169
n00112,3rd Avenue,54.45667380782851
n00113,3rd Avenue,57.93114260484584
n00114,Park Avenue,39.752555931413085
n00115,Park Avenue,59.32453203201441
n00116,Park Avenue,79.20578958690827
n00117,Park Avenue,99.2166105377123
n00118,Park Avenue,119.14056531341606
n00119,Park Avenue,139.17146140372117
n00120,Park Avenue,159.10785680216375
n00121,Park Avenue,179.10755803201542
n00122,Park Avenue,199.06999093241276
n00123,Park Avenue,219.0722280678997
n00124,Park Avenue,239.11447312505103
n00125,Park Avenue,259.05937683952817
n00126,Park Avenue,279.10334335710803
n00127,Park Avenue,299.1083720963908
n00128,Park Avenue,319.0552136723001
n00129,Park Avenue,308.4698339486549
n00130,Park Avenue,288.49343103744934
n00131,Park Avenue,268.5194164182011
n00132,Park Avenue,248.54406093459116
n00133,Park Avenue,228.62281090733225
n00134,Park Avenue,208.6595138163028
n00135,Park Avenue,188.61410728236908
n00136,Park Avenue,168.7150557961833
n00137,Park Avenue,148.77911505175615
n00138,Park Avenue,129.60362158397675
n00139,Park Avenue,113.23210981906001
n00140,Park Avenue,111.20082745331132
n00141,Park Avenue,93.34850981303602
n00142,Park Avenue,73.5395867460614
n00143,Park Avenue,53.87751546955602
n00144,Park Avenue,31.539440773048266
n00145,Park Avenue,22.5230525430025
n00146,Park Avenue,25.01364721377242
n00147,Park Avenue,26.391862985406974
n00148,Park Avenue,6.814712919900693
n00149,Park Avenue,13.044417966790167
n00150,Park Avenue,17.621644941686245
n00151,Park Avenue,9.63673191271312
n00152,Park Avenue,43.02038115896332
n00153,Park Avenue,564.8035818690878
n00154,Park Avenue,62.18777271296164
n00155,Park Avenue,566.9547680474382
n00156,Park Avenue,81.67331473799393
n00157,Park Avenue,570.6535063870449
n00158,Park Avenue,101.4442950093454
n00159,Park Avenue,575.4845539818051
n00160,Park Avenue,121.23473087341276
n00161,Park Avenue,580.9395521304375
n00162,Park Avenue,141.1515425117104
n00163,Park Avenue,587.0488586904005
n00164,Park Avenue,160.99927897469874
n00165,Park Avenue,593.4854188705534
n00166,Park Avenue,180.97100505632795
n00167,Park Avenue,588.0274246623712
n00168,Park Avenue,200.85713001554018
n00169,Park Avenue,571.6283798859185
n00170,Park Avenue,220.85551255987156
n00171,Park Avenue,240.76192935338463
n00172,Park Avenue,260.77520268633145
n00173,Park Avenue,280.6936368830457
n00174,Park Avenue,300.71604797328763
n00175,Park Avenue,509.61749677262776
n00176,Park Avenue,320.6421841729394
n00177,Park Avenue,495.37486960178825
n00178,Park Avenue,307.71867791652295
n00179,Park Avenue,481.41047740612044
n00180,Park Avenue,287.77635275218836
n00181,Park Avenue,468.3189658375739
n00182,Park Avenue,267.88852287012094
n00183,Park Avenue,455.48638478425005
n00184,Park Avenue,247.9191005452006
n00185,Park Avenue,443.26001318934715
n00186,Park Avenue,228.05478470886447
n00187,Park Avenue,431.6472176237218
n00188,Park Avenue,208.1164082897877
n00189,Park Avenue,420.66444456405645
n00190,Park Avenue,188.29129509116035
n00191,Park Avenue,410.1804101405379
n00192,Park Avenue,168.38349861646276
n00193,Park Avenue,400.468557460308
n00194,Park Avenue,148.49188752743845
n00195,Park Avenue,391.5835385984403
n00196,Park Avenue,128.63739042092675
n00197,Park Avenue,383.4403751879968
n00198,Park Avenue,512.5259760737821
n00199,Park Avenue,506.4772571047013
n00200,Park Avenue,512.8526472779431
n00201,Park Avenue,503.1707420886997
n00202,Park Avenue,510.1185435118985
n00203,Park Avenue,500.6425262174457
n00204,Park Avenue,507.89100891938364
n00205,Park Avenue,498.90444058714627
n00206,Park Avenue,506.438746129589
n00207,Park Avenue,497.9647576055668
n00208,Park Avenue,505.8430781130175
n00209,Park Avenue,53.13391107535906
n00210,Park Avenue,71.52469965350205
n00211,Park Avenue,90.55521602059162
n00212,Park Avenue,109.94286560616813
n00213,Park Avenue,129.42201354905293
n00214,Park Avenue,149.17401053587952
n00215,Park Avenue,168.92219094324517
n00216,Park Avenue,188.72181370940388
n00217,Park Avenue,208.55822518636188
n00218,Park Avenue,228.38870696756558
n00219,Park Avenue,248.34028022892957
n00220,Park Avenue,268.30626033766185
n00221,Park Avenue,288.14772099950443
n00222,Park Avenue,308.06840375151125
n00223,Park Avenue,321.47909490250777
n00224,Park Avenue,301.6246975907934
n00225,Park Avenue,281.7839823393106
n00226,Park Avenue,261.87006316212575
n00227,Park Avenue,242.02846483951416
n00228,Park Avenue,222.2166206637735
n00229,Park Avenue,202.44326337193124
n00230,Park Avenue,182.79396722846903
n00231,Park Avenue,163.1468592091998
n00232,Park Avenue,143.65567209369627
n00233,Park Avenue,124.2481755844038
n00234,Park Avenue,104.6349086179686
n00235,Park Avenue,100.92289692531219
n00236,Park Avenue,85.20374469513503
n00237,Park Avenue,82.29404628726087
n00238,Park Avenue,66.10806177220455
n00239,Park Avenue,64.56024663979098
n00240,Park Avenue,47.82288704858674
n00241,Park Avenue,48.497603613725396
n00242,Park Avenue,2.932443347453488
n00243,Park Avenue,25.629565050604686
n00244,Park Avenue,17.098028011903576
n00245,Park Avenue,16.415489668057543
n00246,Tunnel Exit Street,364.5710446580049
n00247,Tunnel Exit Street,370.81206470401753
n00248,Tunnel Exit Street,378.65656749791697
n00249,Tunnel Exit Street,388.2502958841486
n00250,Tunnel Exit Street,398.8898022109636
n00251,Tunnel Exit Street,403.21492371010856
n00252,Tunnel Exit Street,384.4027986358239
n00253,Tunnel Exit Street,365.83416210151125
n00254,Tunnel Exit Street,347.1349700806096
n00255,Tunnel Exit Street,328.6913741317372
n00256,Tunnel Exit Street,310.7525503105654
n00257,Tunnel Exit Street,293.0731099330959
n00258,Tunnel Exit Street,275.5968473963523
n00259,Tunnel Exit Street,258.6103528854437
n00260,Tunnel Exit Street,242.07430864122415
n00261,Tunnel Exit Street,225.99387022246123
n00262,Tunnel Exit Street,210.69308773868008
n00263,Tunnel Exit Street,196.22949418089388
n00264,Tunnel Exit Street,182.66812253605013
n00265,Tunnel Exit Street,170.38150798762751
n00266,Tunnel Exit Street,159.66420696896117
n00267,East 34th Street,160.6252325252766
n00268,East 34th Street,142.35320985098676
n00269,East 34th Street,124.7136966658898
n00270,East 34th Street,107.58687138485325
n00271,East 34th Street,91.89244987010589
n00272,East 34th Street,78.45996697979811
n00273,East 34th Street,68.15594391171904
n00274,East 34th Street,62.87437016547961
n00275,East 34th Street,58.32642906582796
n00276,East 34th Street,55.69374335446123
n00277,East 34th Street,59.81582506831104
n00278,East 34th Street,69.80603290697846
n00279,East 34th Street,83.41149655365648
n00280,East 34th Street,99.19447234095148
n00281,East 34th Street,116.27233834026188
n00282,East 34th Street,134.24234048668728
n00283,East 34th Street,151.9586065595677
n00284,East 34th Street,168.75844268598928
n00285,East 34th Street,186.18793013840667
n00286,East 34th Street,203.68245466062353
n00287,East 34th Street,221.6798842478503
n00288,East 34th Street,239.91770076629638
n00289,East 34th Street,258.41155312532436
n00290,East 34th Street,277.2111653210246
n00291,East 34th Street,295.65940985094085
n00292,East 34th Street,314.58464548322917
n00293,East 34th Street,333.8638968801488
n00294,East 34th Street,353.1485050480796
n00295,East 34th Street,372.4534990315009
n00296,East 34th Street,391.8250428300955
n00297,East 34th Street,411.33493927527434
n00298,East 34th Street,430.8128040747917
n00299,East 34th Street,450.3662340079525
n00300,East 34th Street,470.00621090422925
n00301,East 34th Street,489.5985525642943
n00302,East 34th Street,509.17519296569594
n00303,East 34th Street,528.859596771923
n00304,East 34th Street,548.5685151349273
n00305,East 34th Street,568.2622006809772
n00306,East 34th Street,588.0122473452627
n00307,East 34th Street,607.7418353766944
n00308,East 34th Street,627.5656888764796
n00309,East 34th Street,647.3240830183191
n00310,East 34th Street,667.1347824147497
n00311,East 34th Street,686.9176332357446
n00312,East 34th Street,706.7515445734141
n00313,East 34th Street,726.5548946609368
n00314,East 35th Street,199.34439774210486
n00315,East 35th Street,186.50798259511538
n00316,East 35th Street,175.11899642942802
n00317,East 35th Street,165.36988040252973
n00318,East 35th Street,157.5653303825693
n00319,East 35th Street,151.89844757787603
n00320,East 35th Street,148.08637736535056
n00321,East 35th Street,143.3872435319908
n00322,East 35th Street,141.36023212246894
n00323,East 35th Street,142.04650148529103
n00324,East 35th Street,145.5921983897066
n00325,East 35th Street,151.70508354177167
n00326,East 35th Street,160.03100248431298
n00327,East 35th Street,170.4405738472214
n00328,East 35th Street,182.34535722272048
n00329,East 35th Street,195.61261808708804
n00330,East 35th Street,209.943421603515
n00331,East 35th Street,225.11577840467874
n00332,East 35th Street,241.09453771515018
n00333,East 35th Street,257.5578794184628
n00334,East 35th Street,274.48685422514245
n00335,East 35th Street,291.8848662286438
n00336,East 35th Street,309.51846346895906
n00337,East 35th Street,326.57432663165696
n00338,East 35th Street,343.50560506699486
n00339,East 35th Street,360.75274243741575
n00340,East 35th Street,378.19280263343893
n00341,East 35th Street,395.8699074817108
n00342,East 35th Street,414.062780795777
n00343,East 35th Street,432.19319007472427
n00344,East 35th Street,450.5631241673595
n00345,East 35th Street,468.99921272152886
n00346,East 35th Street,487.54576866907206
n00347,East 35th Street,506.2005667758756
n00348,East 35th Street,524.9698244313711
n00349,East 35th Street,543.8093879445174
n00350,East 35th Street,562.7472512368965
n00351,East 35th Street,581.7362023604758
n00352,East 35th Street,600.8940604265858
n00353,East 35th Street,620.0051451988887
n00354,East 35th Street,639.1934065112633
n00355,East 35th Street,658.4057605297976
n00356,East 35th Street,677.6883663048867
n00357,East 35th Street,696.9854321770508
n00358,East 35th Street,716.347418795969
n00359,East 35th Street,732.1624023131524
n00360,East 35th Street,746.0696573325772
n00361,East 36th Street,271.49841235595824
n00362,East 36th Street,260.9494420469724
n00363,East 36th Street,251.67215904893007
n00364,East 36th Street,243.57124225214181
n00365,East 36th Street,236.99841124908832
n00366,East 36th Street,231.9633410313383
n00367,East 36th Street,227.60454457156868
n00368,East 36th Street,223.21316344683714
n00369,East 36th Street,220.48156971353475
n00370,East 36th Street,219.6187937095374
n00371,East 36th Street,220.56782312535304
n00372,East 36th Street,223.21973361601687
n00373,East 36th Street,227.688092777078
n00374,East 36th Street,233.70951873477821
n00375,East 36th Street,241.3131476901155
n00376,East 36th Street,250.35399650930663
n00377,East 36th Street,260.498292525289
n00378,East 36th Street,271.78809946067776
n00379,East 36th Street,283.99369607205114
n00380,East 36th Street,297.08405002995784
n00381,East 36th Street,310.90662420134424
n00382,East 36th Street,325.4244491984648
n00383,East 36th Street,340.44843546962966
n00384,East 36th Street,355.95883544764996
n00385,East 36th Street,371.88091820641057
n00386,East 36th Street,388.2774367106565
n00387,East 36th Street,404.9178986325748
n00388,East 36th Street,421.8472964758695
n00389,East 36th Street,439.11861335218515
n00390,East 36th Street,456.5282113935965
n00391,East 36th Street,473.9422467322271
n00392,East 36th Street,490.8712025641746
n00393,East 36th Street,508.02524702929645
n00394,East 36th Street,519.4816442169633
n00395,East 36th Street,528.978311961839
n00396,East 36th Street,538.9333671919823
n00397,East 36th Street,551.6628610784073
n00398,East 36th Street,562.8381261111255
n00399,East 36th Street,573.9808171217271
n00400,East 36th Street,585.4001758684612
n00401,East 36th Street,597.757886663023
n00402,East 36th Street,610.5200361281408
n00403,East 36th Street,623.6617983399266
n00404,East 36th Street,637.1596865167181
n00405,East 36th Street,650.9915508033531
n00406,East 36th Street,665.1614227672768
n00407,East 36th Street,679.6016742068224
n00408,East 37th Street,332.7705393315491
n00409,East 37th Street,325.35829460997303
n00410,East 37th Street,318.9193728274031
n00411,East 37th Street,313.73820497725103
n00412,East 37th Street,309.7625758499733
n00413,East 37th Street,305.11958300666396
n00414,East 37th Street,301.65993602055426
n00415,East 37th Street,299.3613308500153
n00416,East 37th Street,298.1882730067548
n00417,East 37th Street,298.45881293784834
n00418,East 37th Street,300.15821168519255
n00419,East 37th Street,303.1661283683572
n00420,East 37th Street,307.44416327456094
n00421,East 37th Street,312.9254995890877
n00422,East 37th Street,319.5850577828159
n00423,East 37th Street,327.32907026890865
n00424,East 37th Street,336.1529655300621
n00425,East 37th Street,345.84162035300056
n00426,East 37th Street,356.4614186978609
n00427,East 37th Street,367.66738640693586
n00428,East 37th Street,379.6694566926306
n00429,East 37th Street,382.62376810972984
n00430,East 37th Street,383.99076550009113
n00431,East 37th Street,386.4217939304335
n00432,East 37th Street,389.59637034439965
n00433,East 37th Street,393.86844018189055
n00434,East 37th Street,396.98833020972216
n00435,East 37th Street,400.93109603781306
n00436,East 37th Street,408.1530836971805
n00437,East 37th Street,418.64631874406126
n00438,East 37th Street,428.4447895555408
n00439,East 37th Street,438.0466674294148
n00440,East 37th Street,448.2278667718949
n00441,East 37th Street,459.05731055259264
n00442,East 37th Street,470.6910181967186
n00443,East 37th Street,482.7745538720035
n00444,East 37th Street,495.1680382883694
n00445,East 37th Street,508.1527806008796
n00446,East 37th Street,521.475199438717
n00447,East 37th Street,535.2334460862262
n00448,East 37th Street,549.2721695661685
n00449,East 37th Street,563.6701949043652
n00451,East 37th Street,593.6162266120184
n00452,East 37th Street,609.0070259397182
n00453,East 37th Street,624.69031703683
n00454,East 37th Street,640.5819154967494
n00455,East 38th Street,307.1261277065553
n00456,East 38th Street,310.5093356456729
n00457,East 38th Street,309.0929201960303
n00458,East 38th Street,300.0486766572464
n00459,East 38th Street,291.9556482045931
n00460,East 38th Street,285.1127101517735
n00461,East 38th Street,279.46074545174645
n00462,East 38th Street,275.2873362788266
n00463,East 38th Street,272.9775767979197
n00464,East 38th Street,272.032314425312
n00465,East 38th Street,272.4159967157035
n00466,East 38th Street,274.0243414345952
n00467,East 38th Street,277.0397912742639
n00468,East 38th Street,281.4740327956691
n00469,East 38th Street,287.3401688753438
n00470,East 38th Street,294.343136565162
n00471,East 38th Street,302.50419013485987
n00472,East 38th Street,310.7958155144824
n00473,East 38th Street,310.58745513011604
n00474,East 38th Street,307.68734904498604
n00475,East 38th Street,305.8009969008497
n00476,East 38th Street,305.12200453467983
n00477,East 38th Street,305.71228047110367
n00478,East 38th Street,307.7441820790452
n00479,East 38th Street,311.05414031567335
n00480,East 38th Street,315.6228132294381
n00481,East 38th Street,321.3509611834176
n00482,East 38th Street,328.2135327109115
n00483,East 38th Street,336.1150047984648
n00484,East 38th Street,344.88585047096836
n00485,East 38th Street,354.5715006428185
n00486,East 38th Street,365.09322871167956
n00487,East 38th Street,376.39087304530096
n00488,East 38th Street,388.49085285471926
n00489,East 38th Street,401.0078971040279
n00490,East 38th Street,414.32056184000334
n00491,East 38th Street,428.0714536811847
n00492,East 38th Street,442.1972838238248
n00493,East 38th Street,456.83848156130955
n00494,East 38th Street,471.9003951424887
n00495,East 38th Street,487.28920690704564
n00496,East 38th Street,502.932231953703
n00497,East 38th Street,518.9743540735514
n00498,East 38th Street,535.248783014525
n00499,East 38th Street,551.8048332548994
n00500,East 38th Street,568.5853117255476
n00501,East 38th Street,585.4326786056546
n00502,East 39th Street,229.66295144603055
n00503,East 39th Street,233.91008115357187
n00504,East 39th Street,239.17895837736916
n00505,East 39th Street,229.92000885027446
n00506,East 39th Street,219.62104595481193
n00507,East 39th Street,210.58113181639987
n00508,East 39th Street,202.97481788498098
n00509,East 39th Street,197.11390395149846
n00510,East 39th Street,193.52534943482462
n00511,East 39th Street,192.0116405912028
n00512,East 39th Street,192.52809450089865
n00513,East 39th Street,195.10857750516686
n00514,East 39th Street,197.87859755118816
n00515,East 39th Street,204.22707262288492
n00516,East 39th Street,212.72220267641933
n00517,East 39th Street,222.59056216437276
n00518,East 39th Street,230.8175910506176
n00519,East 39th Street,230.39091708892894
n00520,East 39th Street,230.47650481720277
n00521,East 39th Street,228.05349944822208
n00522,East 39th Street,225.45667042161097
n00523,East 39th Street,224.6593563265724
n00524,East 39th Street,225.54445068692553
n00525,East 39th Street,228.02503135163994
n00526,East 39th Street,232.262035808952
n00527,East 39th Street,238.68584151297415
n00528,East 39th Street,246.44888181967912
n00529,East 39th Street,255.65624279864628
n00530,East 39th Street,265.838066093098
n00531,East 39th Street,277.09376350680736
n00532,East 39th Street,289.1893859531314
n00533,East 39th Street,302.12160396813573
n00534,East 39th Street,315.91728830107746
n00535,East 39th Street,330.2281476167285
n00536,East 39th Street,345.10136018525395
n00537,East 39th Street,360.5699603148846
n00538,East 39th Street,376.36685999507085
n00539,East 39th Street,392.581041382471
n00540,East 39th Street,409.19367807007586
n00541,East 39th Street,426.0025552599318
n00542,East 39th Street,443.0737249488899
n00543,East 39th Street,460.42246512304206
n00544,East 39th Street,477.9360092843197
n00545,East 39th Street,495.63520527182357
n00546,East 39th Street,513.5493464883942
n00547,East 39th Street,531.6556266790302
n00548,East 39th Street,549.8566128531995
n00549,East 40th Street,152.50000376994126
n00550,East 40th Street,158.2360758147435
n00551,East 40th Street,166.8558989716245
n00552,East 40th Street,158.12795281950892
n00553,East 40th Street,151.04530282378806
n00554,East 40th Street,142.14154844837344
n00555,East 40th Street,130.73115214305335
n00556,East 40th Street,121.5568483994633
n00557,East 40th Street,115.65277736317661
n00558,East 40th Street,112.74312841098273
n00559,East 40th Street,113.34967660335472
n00560,East 40th Street,117.54477813695976
n00561,East 40th Street,124.8421766219819
n00562,East 40th Street,134.6279954187716
n00563,East 40th Street,146.61549231432102
n00564,East 40th Street,156.52257966862823
n00565,East 40th Street,153.0525697246639
n00566,East 40th Street,152.06162404648512
n00567,East 40th Street,152.03885034216572
n00568,East 40th Street,151.61318310172905
n00569,East 40th Street,147.7614621591285
n00570,East 40th Street,146.47019538036565
n00571,East 40th Street,147.99205338944978
n00572,East 40th Street,152.15611890115366
n00573,East 40th Street,158.64432597680968
n00574,East 40th Street,167.38910083143912
n00575,East 40th Street,177.85553817794008
n00576,East 40th Street,189.9603737232728
n00577,East 40th Street,203.29844639110104
n00578,East 40th Street,217.67659446757298
n00579,East 40th Street,232.81827585652968
n00580,East 40th Street,248.61879639204815
n00581,East 40th Street,265.08100777570013
n00582,East 40th Street,281.907565492839
n00583,East 40th Street,299.11476890857597
n00584,East 40th Street,316.56561288658366
n00585,East 40th Street,334.3456741116336
n00586,East 40th Street,352.4015308941065
n00587,East 40th Street,370.6535831845094
n00588,East 40th Street,389.1605734609835
n00589,East 40th Street,407.72564894239565
n00590,East 40th Street,426.5566947534284
n00591,East 40th Street,445.359226659339
n00592,East 40th Street,464.2590986160059
n00593,East 40th Street,483.3255616717051
n00594,East 40th Street,502.38661044590805
n00595,East 41st Street,79.72530952356183
n00596,East 41st Street,91.11408508523543
n00597,East 41st Street,102.10391168635438
n00598,East 41st Street,93.44731100179422
n00599,East 41st Street,80.78345845364684
n00600,East 41st Street,71.63777337705028
n00601,East 41st Street,67.43787378093639
n00602,East 41st Street,59.6972002938286
n00603,East 41st Street,45.0424583233063
n00604,East 41st Street,36.43330609760233
n00605,East 41st Street,37.61992030748902
n00606,East 41st Street,47.70479421540561
n00607,East 41st Street,62.632500870932745
n00608,East 41st Street,74.7692390269702
n00609,East 41st Street,85.10628516567368
n00610,East 41st Street,83.59869526260906
n00611,East 41st Street,76.2243460868023
n00612,East 41st Street,73.77235174211616
n00613,East 41st Street,73.73365262158292
n00614,East 41st Street,78.03603521146502
n00615,East 41st Street,71.15595748726334
n00616,East 41st Street,68.05251007407863
n00617,East 41st Street,70.74683102500579
n00618,East 41st Street,78.7015497496771
n00619,East 41st Street,90.45034517456206
n00620,East 41st Street,104.84451491783939
n00621,East 41st Street,120.6712435371128
n00622,East 41st Street,137.67447796831414
n00623,East 41st Street,155.30739789674544
n00624,East 41st Street,173.534920139429
n00625,East 41st Street,192.08944544073418
n00626,East 41st Street,210.7772866049862
n00627,East 41st Street,229.80991751813477
n00628,East 41st Street,249.00093162763994
n00629,East 41st Street,268.2710455650123
n00630,East 41st Street,287.70897765501593
n00631,East 41st Street,307.13398435862405
n00632,East 41st Street,326.6974403054558
n00633,East 41st Street,346.3132870656335
n00634,East 41st Street,365.97310384136927
n00635,East 41st Street,385.59991365165473
n00636,East 41st Street,405.3295460172534
n00637,East 41st Street,425.0865093877389
n00638,East 41st Street,444.80055152090176
n00639,East 41st Street,464.601539960852
n00640,East 41st Street,530.2388415328613
n00641,East 42nd Street,29.598779606089703
n00642,East 42nd Street,41.8732884350804
n00643,East 42nd Street,24.4730459422869
n00644,East 42nd Street,16.79350301672311
n00645,East 42nd Street,27.661204226642575
n00646,East 42nd Street,18.230556842694934
n00647,East 42nd Street,16.111706735657936
n00648,East 42nd Street,21.71505090308432
n00649,East 42nd Street,17.69001151018544
n00650,East 42nd Street,21.63909264551124
n00651,East 42nd Street,23.174650339336054
n00652,East 42nd Street,17.55294731502253
n00653,East 42nd Street,18.3868902937573
n00654,East 42nd Street,34.16536283013113
n00655,East 42nd Street,42.82298254284156
n00656,East 42nd Street,31.51396235203379
n00657,East 42nd Street,20.811709677326434
n00658,East 42nd Street,9.564411396281654
n00659,East 42nd Street,11.498914894281057
n00660,East 42nd Street,13.348455267569973
n00661,East 42nd Street,25.41905847139637
n00662,East 42nd Street,15.119957667754822
n00663,East 42nd Street,24.750897021195353
n00664,East 42nd Street,42.35719274352122
n00665,East 42nd Street,61.48543842219848
n00666,East 42nd Street,81.02982287674631
n00667,East 42nd Street,100.78969783604002
n00668,East 42nd Street,120.63197873459266
n00669,East 42nd Street,140.5217704403646
n00670,East 42nd Street,160.40724524933265
n00671,East 42nd Street,180.28280556844527
n00672,East 42nd Street,200.25365776313853
n00673,East 42nd Street,220.14479806541976
n00674,East 42nd Street,240.16664559562315
n00675,East 42nd Street,260.041988789253
n00676,East 42nd Street,280.03784878394504
n00677,East 42nd Street,299.96597886943164
n00678,East 42nd Street,319.95521095827195
n00679,East 42nd Street,339.9482688914842
n00680,East 42nd Street,359.8951637052732
n00681,East 42nd Street,379.8938477018539
n00682,East 42nd Street,399.84503014990963
n00683,East 42nd Street,419.84780922533076
n00684,East 42nd Street,439.80213132992725
n00685,East 42nd Street,459.8079898877523
n00686,East 42nd Street,479.76468032441466
n00687,East 42nd Street,499.75038979725895
n00688,East 42nd Street,517.6909314641842
n00689,Lexington Avenue,148.44149371168126
n00690,Lexington Avenue,158.05909617492583
n00691,Lexington Avenue,168.05854522281282
n00692,Lexington Avenue,179.733496185621
n00693,Lexington Avenue,192.7282545638156
n00694,Lexington Avenue,207.02657824779675
n00695,Lexington Avenue,222.20533992164013
n00696,Lexington Avenue,238.01956644078726
n00697,Lexington Avenue,254.54211006994024
n00698,Lexington Avenue,271.25292386857916
n00699,Lexington Avenue,288.5876186757848
n00700,Lexington Avenue,306.19208824147336
n00701,Lexington Avenue,324.13750326349043
n00702,Lexington Avenue,342.58634567021556
n00703,Lexington Avenue,342.2716981620119
n00704,Lexington Avenue,324.011896714298
n00705,Lexington Avenue,305.8525393605191
n00706,Lexington Avenue,287.94594846564263
n00707,Lexington Avenue,270.44516075626194
n00708,Lexington Avenue,253.193688628554
n00709,Lexington Avenue,234.4795654827013
n00710,Lexington Avenue,214.62921392708623
n00711,Lexington Avenue,194.65184016623553
n00712,Lexington Avenue,174.6907048223251
n00713,Lexington Avenue,154.8914801581476
n00714,Lexington Avenue,134.93548405696626
n00715,Lexington Avenue,115.16534662060434
n00716,Lexington Avenue,95.41717496863981
n00717,Lexington Avenue,75.77069586203585
n00718,Lexington Avenue,56.42310317384711
n00719,Lexington Avenue,37.75339455757035
n00720,Lexington Avenue,21.514680313200007
n00721,Lexington Avenue,17.381339483447366
n00722,Lexington Avenue,17.163791159697784
n00723,Madison Avenue,150.06746013309916
n00724,Madison Avenue,158.0915797154777
n00725,Madison Avenue,168.24640751688358
n00726,Madison Avenue,180.05601028719806
n00727,Madison Avenue,193.32323686348704
n00728,Madison Avenue,207.76644501482735
n00729,Madison Avenue,223.0128752960309
n00730,Madison Avenue,238.85935430382543
n00731,Madison Avenue,255.3928123823748
n00732,Madison Avenue,272.2850000708381
n00733,Madison Avenue,289.5723610789893
n00734,Madison Avenue,307.18818413743867
n00735,Madison Avenue,325.07907427322743
n00736,Madison Avenue,343.3051456944042
n00737,Madison Avenue,356.9980033066218
n00738,Madison Avenue,337.191458498921
n00739,Madison Avenue,317.4101112996433
n00740,Madison Avenue,297.58207691528037
n00741,Madison Avenue,277.8931980089779
n00742,Madison Avenue,258.2470148829802
n00743,Madison Avenue,238.54789807027987
n00744,Madison Avenue,219.05923179004316
n00745,Madison Avenue,199.605178850347
n00746,Madison Avenue,180.29133826665355
n00747,Madison Avenue,161.13675583392487
n00748,Madison Avenue,142.25184839130094
n00749,Madison Avenue,123.76570567483763
n00750,Madison Avenue,105.70200568920617
n00751,Madison Avenue,88.60758907469398
n00752,Madison Avenue,72.97789777269392
n00753,Madison Avenue,59.909021583549915
n00754,Madison Avenue,51.58702096042284
n00755,Madison Avenue,42.98303939122099
n00756,Madison Avenue,36.10898209987078
n00757,Tudor City Place,460.3557629242061
n00758,Tudor City Place,455.6327025201367
n00759,Tudor City Place,451.74745287436207
n00760,Tudor City Place,449.0581057248717
n00761,Tudor City Place,444.312671032098
n00762,Tudor City Place,444.4596878010024
n00763,Tudor City Place,445.5768263608375
n00764,Tudor City Place,445.46610316551624
n00765,Tudor City Place,447.51409814879895
