node_id,copyright,google
n00000,© Google,True
n00001,© Google,True
n00002,© Google,True
n00003,© Google,True
n00004,© Google,True
n00005,© Google,True
n00006,© Google,True
n00007,© Google,True
n00008,© Google,True
n00009,© Google,True
n00010,© BSP360,False
n00011,© Google,True
n00012,© Google,True
n00013,© Google,True
n00014,© Google,True
n00015,© Google,True
n00016,© Google,True
n00017,© Google,True
n00018,© Google,True
n00019,© Google,True
n00020,© Google,True
n00021,© Google,True
n00022,© Google,True
n00023,© Google,True
n00024,© Google,True
n00025,© Google,True
n00026,© Google,True
n00027,© Google,True
n00028,© Google,True
n00029,© Google,True
n00030,© Google,True
n00031,© Google,True
n00032,© Google,True
n00033,© Google,True
n00034,© Google,True
n00035,© Google,True
n00036,© Google,True
n00037,© Google,True
n00038,© Google,True
n00039,© Google,True
n00040,© Google,True
n00041,© Google,True
n00042,© Google,True
n00043,© Google,True
n00044,© Google,True
n00045,© Google,True
n00046,© Google,True
n00047,© Google,True
n00048,© Google,True
n00049,© Google,True
n00050,© Google,True
n00051,© Google,True
n00052,© Google,True
n00053,© Google,True
n00054,© Google,True
n00055,© Google,True
n00056,© Google,True
n00057,© Google,True
n00058,© Google,True
n00059,© Google,True
n00060,© Google,True
n00061,© Google,True
n00062,© Google,True
n00063,© Google,True
n00064,© Google,True
n00065,© Google,True
n00066,© Google,True
n00067,© Google,True
n00068,© Google,True
n00069,© Google,True
n00070,© Philip Carey,False
n00071,© Google,True
n00072,© Google,True
n00073,© Google,True
n00074,© Google,True
n00075,© Google,True
n00076,© Google,True
n00077,© Google,True
n00078,© Google,True
n00079,© Google,True
n00080,© Google,True
n00081,© Google,True
n00082,© Google,True
n00083,© Google,True
n00084,© Google,True
n00085,© Google,True
n00086,© Google,True
n00087,© Google,True
n00088,© Biztour Google Virtual Tour Production,True
n00089,© Google,True
n00090,© Google,True
n00091,© Google,True
n00092,© Google,True
n00093,© Google,True
n00094,© Paul Westwell,False
n00095,© Google,True
n00096,© Google,True
n00097,© Google,True
n00098,© Google,True
n00099,© Google,True
n00100,© Google,True
n00101,© Google,True
n00102,© Google,True
n00103,© Google,True
n00104,© Google,True
n00105,© Google,True
n00106,© Google,True
n00107,© Google,True
n00108,© Google,True
n00109,© Google,True
n00110,© Google,True
n00111,© Google,True
n00112,© Travel By Pixels - 360 Agency,False
n00113,© Google,True
n00114,© Google,True
n00115,© Google,True
n00116,© Google,True
n00117,© Google,True
n00118,© Google,True
n00119,© Google,True
n00120,© Google,True
n00121,© Google,True
n00122,© Google,True
n00123,© Google,True
n00124,© Google,True
n00125,© Google,True
n00126,© Arena 360,False
n00127,© Savas Kolan,False
n00128,© Uy Hoang,False
n00129,© Ilya Titov,False
n00130,© Google,True
n00131,© Google,True
n00132,© Google,True
n00133,© Google,True
n00134,© Google,True
n00135,© Google,True
n00136,© Google,True
n00137,© Google,True
n00138,© Google,True
n00139,© Google,True
n00140,© Google,True
n00141,© Google,True
n00142,© Google,True
n00143,© Google,True
n00144,© Google,True
n00145,© Google,True
n00146,© Google,True
n00147,© Google,True
n00148,© Google,True
n00149,© Google,True
n00150,© Google,True
n00151,© Google,True
n00152,© Google,True
n00153,© Google,True
n00154,© Google,True
n00155,© Google,True
n00156,© Google,True
n00157,© Google,True
n00158,© Google,True
n00159,© Google,True
n00160,© Google,True
n00161,© Google,True
n00162,© Google,True
n00163,© Google,True
n00164,© Google,True
n00165,© Google,True
n00166,© Google,True
n00167,© Google,True
n00168,© Google,True
n00169,© Google,True
n00170,© Google,True
n00171,© Google,True
n00172,© My Private Chemist,False
n00173,© Google,True
n00174,© Google,True
n00175,© Bart Nutton,False
n00176,© Google,True
n00177,© Google,True
n00178,© Google,True
n00179,© Google,True
n00180,© Google,True
n00181,© Google,True
n00182,© Google,True
n00183,© Laura Lowenthal,False
n00184,© Google,True
n00185,© Google,True
n00186,© Google,True
n00187,© Google,True
n00188,© Google,True
n00189,© Google,True
n00190,© Google,True
n00191,© Google,True
n00192,© Google,True
n00193,© Google,True
n00194,© Google,True
n00195,© Google,True
n00196,© Google,True
n00197,© Google,True
n00198,© Google,True
n00199,© Google,True
n00200,© Mark Lawes,False
n00201,© Google,True
n00202,© Mark Lawes,False
n00203,© Google,True
n00204,© Google,True
n00205,© Google,True
n00206,© Google,True
n00207,© Google,True
n00208,© Google,True
n00209,© Google,True
n00210,© Google,True
n00211,© Google,True
n00212,© Google,True
n00213,© Google,True
n00214,© Google,True
n00215,© Google,True
n00216,© Google,True
n00217,© Google,True
n00218,© Trusted Photography,False
n00219,© David Pain,False
n00220,© Google,True
n00221,© Google,True
n00222,© Google,True
n00223,© Google,True
n00224,© Google,True
n00225,© Google,True
n00226,© Google,True
n00227,© Google,True
n00228,© Google,True
n00229,© Google,True
n00230,© Philip Carey,False
n00231,© Google,True
n00232,© Google,True
n00233,© Google,True
n00234,© Google,True
n00235,© Google,True
n00236,© James Morgenstern,False
n00237,© Google,True
n00238,© Google,True
n00239,© Google,True
n00240,© iTour London,False
n00241,© Northbank,False
n00242,© Google,True
n00243,© Google,True
n00244,© Alberto Sánchez,False
n00245,© Google,True
n00246,© Google,True
n00247,© Google,True
n00248,© Google,True
n00249,© Google,True
n00250,© Google,True
n00251,© habti 73,False
n00252,© Google,True
n00253,© Google,True
n00254,© Google,True
n00255,© Aidan Fenten,False
n00256,© Google,True
n00257,© Google,True
n00258,© Google,True
n00259,© Google,True
n00260,© Google,True
n00261,© Google,True
n00262,© Google,True
n00263,© Google,True
n00264,© Google,True
n00265,© Google,True
n00266,© Matthew Green,False
n00267,© Google,True
n00268,© Google,True
n00269,© Google,True
n00270,© Matthew Green,False
n00271,© Google,True
n00272,© Google,True
n00273,© Google,True
n00274,© Matthew Green,False
n00275,© Google,True
n00276,© Matthew Green,False
n00277,© Google,True
n00278,© Google,True
n00279,© Google,True
n00280,© Google,True
n00281,© Google,True
n00282,© Google,True
n00283,© Google,True
n00284,© Google,True
n00285,© Google,True
n00286,© Google,True
n00287,© Google,True
n00288,© Google,True
n00289,© Google,True
n00290,© Google,True
n00291,© Matthew Green,False
n00292,© Google,True
n00293,© Matthew Green,False
n00294,© Google,True
n00295,© Google,True
n00296,© Matthew Green,False
n00297,© Google,True
n00298,© Google,True
n00299,© Google,True
n00300,© Matthew Green,False
n00301,© Google,True
n00302,© Google,True
n00303,© Google,True
n00304,© Matthew Green,False
n00305,© Google,True
n00306,© Google,True
n00307,© Google,True
n00308,© Google,True
n00309,© Constantin Ciobanu,False
n00310,© Google,True
n00311,© Google,True
n00312,© thomas butler,False
n00313,© Google,True
n00314,© Google,True
n00315,© Google,True
n00316,© Google,True
n00317,© Google,True
n00318,© Google,True
n00319,© Arena 360,False
n00320,© Google,True
n00321,© Google,True
n00322,© Google,True
n00323,© Google,True
n00324,© Google,True
n00325,© Google,True
n00326,© Vik,False
n00327,© Google,True
n00328,© Google,True
n00329,© Google,True
n00330,© Google,True
n00331,© Matthew Green,False
n00332,© Google,True
n00333,© Google,True
n00334,© Google,True
n00335,© Google,True
n00336,© Google,True
n00337,© Google,True
n00338,© Google,True
n00339,© Philip Carey,False
n00340,© Google,True
n00341,© Google,True
n00342,© Google,True
n00343,© René Drussel,False
n00344,© Google,True
n00345,© Mitros Tziavaras (Mitros1973),False
n00346,© Maurice de Beijer,False
n00347,© Google,True
n00348,© Google,True
n00349,© Google,True
n00350,© Google,True
n00351,© Google,True
n00352,© Google,True
n00353,© Google,True
n00354,© Google,True
n00355,© Google,True
n00356,© Google,True
n00357,© Google,True
n00358,© Google,True
n00359,© Google,True
n00360,© Google,True
n00361,© Google,True
n00362,© Google,True
n00363,© Google,True
n00364,© Google,True
n00365,© Google,True
n00366,© Google,True
n00367,© Google,True
n00368,© Google,True
n00369,© Google,True
n00370,© Google,True
n00371,© Google,True
n00372,© Google,True
n00373,© Google,True
n00374,© Google,True
n00375,© Google,True
n00376,© Google,True
n00377,© Google,True
n00378,© Google,True
n00379,© Google,True
n00380,© Google,True
n00381,© Google,True
n00382,© Google,True
n00383,© Google,True
n00384,© Google,True
n00385,© Google,True
n00386,© Google,True
n00387,© Google,True
n00388,© Google,True
n00389,© Google,True
n00390,© Google,True
n00391,© Google,True
n00392,© Google,True
n00393,© Google,True
n00394,© Google,True
n00395,© Google,True
n00396,© Google,True
n00397,© Google,True
n00398,© Google,True
n00399,© Google,True
n00400,© James Morgenstern,False
n00401,© Google,True
n00402,© Google,True
n00403,© Google,True
n00404,© Google,True
n00405,© Google,True
n00406,© Google,True
n00407,© Google,True
n00408,© Google,True
n00409,© Google,True
n00410,© Google,True
n00411,© Google,True
n00412,© Google,True
n00413,© Google,True
n00414,© Google,True
n00415,© Google,True
n00416,© Google,True
n00417,© Google,True
n00418,© Google,True
n00419,© Google,True
n00420,© Google,True
n00421,© Google,True
n00422,© Google,True
n00423,© Google,True
n00424,© Google,True
n00425,© Google,True
n00426,© Google,True
n00427,© Google,True
n00428,© Google,True
n00429,© Google,True
n00430,© Google,True
n00431,© Google,True
n00432,© Trusted Virtual Tours,False
n00433,© Google,True
n00434,© Google,True
n00435,© Google,True
n00436,© Google,True
n00437,© Google,True
n00438,© Google,True
n00439,© Google,True
n00440,© Michael Shilling,False
n00441,© Google,True
n00442,© Google,True
n00443,© Google,True
n00444,© Google,True
n00445,© Google,True
n00446,© Google,True
n00447,© Google,True
n00448,© Google,True
n00449,© Google,True
n00450,© Google,True
n00451,© Google,True
n00452,© Google,True
n00453,© Google,True
n00454,© Google,True
n00455,© Google,True
n00456,© Google,True
n00457,© Google,True
n00458,© Google,True
n00459,© Google,True
n00460,© Google,True
n00461,© Google,True
n00462,© Google,True
n00463,© Google,True
n00464,© Google,True
n00465,© Google,True
n00466,© Google,True
n00467,© Google,True
n00468,© Google,True
n00469,© Khaled Kassem,False
n00470,© Google,True
n00471,© BSP360,False
n00472,© Google,True
n00473,© Google,True
n00474,© Google,True
n00475,© Google,True
n00476,© Google,True
n00477,© Google,True
n00478,© Google,True
n00479,© Google,True
n00480,© Google,True
n00481,© Google,True
n00482,© Google,True
n00483,© Google,True
n00484,© Arena 360,False
n00485,© Google,True
n00486,© Google,True
n00487,© Olivier Hochstaetter,False
n00488,© Google,True
n00489,© Uy Hoang,False
n00490,© 360in360 Immersive Experiences,False
n00491,© Uy Hoang,False
n00492,© Google,True
n00493,© Udit Gupta,False
n00494,© Richard Sawyer,False
n00495,© Google,True
n00496,© Google,True
n00497,© Google,True
n00498,© 360in360 Immersive Experiences,False
n00499,© 360in360 Immersive Experiences,False
n00500,© Google,True
n00501,© Google,True
n00502,© Google,True
n00503,© Google,True
n00504,© Google,True
n00505,© Google,True
n00506,© Google,True
n00507,© Google,True
n00508,© Matthew Green,False
n00509,© Google,True
n00510,© Google,True
n00511,© Google,True
n00512,© Google,True
n00513,© Google,True
n00514,© Google,True
n00515,© Google,True
n00516,© Ideal Insight,False
n00517,© Google,True
n00518,© Ideal Insight,False
n00519,© Circus 360,False
n00520,© Andrey Maznyak,False
n00521,© Google,True
n00522,© Google,True
n00523,© Google,True
n00524,© Google,True
n00525,© Google,True
n00526,© Google,True
n00527,© Google,True
n00528,© Google,True
n00529,© Google,True
n00530,© Google,True
n00531,© Google,True
n00532,© Google,True
n00533,© Google,True
n00534,© Google,True
n00535,© Google,True
n00536,© Google,True
n00537,© Google,True
n00538,© Google,True
n00539,© Google,True
n00540,© Google,True
n00541,© Estates Gazette,False
n00542,© Google,True
n00543,© Ewan,False
n00544,© Ewan,False
n00545,© Google,True
n00546,© Google,True
n00547,© Google,True
n00548,© Google,True
n00549,© Google,True
n00550,© Google,True
n00551,© Google,True
n00552,© Google,True
n00553,© Thomas Wagner,False
n00554,© Google,True
n00555,© Google,True
n00556,© Google,True
n00557,© Google,True
n00558,© Google,True
n00559,© Google,True
n00560,© Google,True
n00561,© Google,True
n00562,© Google,True
n00563,© Google,True
n00564,© Google,True
n00565,© Google,True
n00566,© Google,True
n00567,© Estates Gazette,False
n00568,© Google,True
n00569,© Google,True
n00570,© Google,True
n00571,© Google,True
n00572,© Google,True
n00573,© Google,True
n00574,© Cock & Woolpack,False
n00575,© Google,True
n00576,© Google,True
n00577,© Google,True
n00578,© Google,True
n00579,© Google,True
n00580,© Google,True
n00581,© Google,True
n00582,© Google,True
n00583,© Google,True
n00584,© Google,True
n00585,© Google,True
n00586,© Google,True
n00587,© Google,True
n00588,© Google,True
n00589,© Google,True
n00590,© Google,True
n00591,© Google,True
n00592,© Google,True
n00593,© Google,True
n00594,© Google,True
n00595,© Google,True
n00596,© Google,True
n00597,© Google,True
n00598,© Google,True
n00599,© Google,True
n00600,© Google,True
n00601,© Google,True
n00602,© Google,True
n00603,© Christian Malz,False
n00604,© Google,True
n00605,© Google,True
n00606,© Google,True
n00607,© Google,True
n00608,© Google,True
n00609,© Google,True
n00610,© Google,True
n00611,© Google,True
n00612,© Google,True
n00613,© Google,True
n00614,© Google,True
n00615,© Google,True
n00616,© Google,True
n00617,© Google,True
n00618,© Google,True
n00619,© Google,True
n00620,© Google,True
n00621,© Google,True
n00622,© Google,True
n00623,© Google,True
n00624,© Google,True
n00625,© Google,True
n00626,© Google,True
n00627,© Google,True
n00628,© Google,True
n00629,© Google,True
n00630,© Google,True
n00631,© Google,True
n00632,© Google,True
n00633,© Google,True
n00634,© Google,True
n00635,© Google,True
n00636,© Google,True
n00637,© Google,True
n00638,© Google,True
n00639,© Google,True
n00640,© Google,True
n00641,© Google,True
n00642,© Google,True
n00643,© Google,True
n00644,© Google,True
n00645,© Google,True
n00646,© S Edward,False
n00647,© Google,True
n00648,© Google,True
n00649,© Bart Nutton,False
n00650,© Google,True
n00651,© Google,True
n00652,© Google,True
n00653,© Google,True
n00654,© Google,True
n00655,© Google,True
n00656,© Google,True
n00657,© Uy Hoang,False
n00658,© Google,True
n00659,© Google,True
n00660,© Google,True
n00661,© Google,True
n00662,© Google,True
n00663,© Google,True
n00664,© Google,True
n00665,© Google,True
n00666,© Google,True
n00667,© Google,True
n00668,© Google,True
n00669,© Google,True
n00670,© Google,True
n00671,© Google,True
n00672,© Google,True
n00673,© Google,True
n00674,© Google,True
n00675,© Google,True
n00676,© Google,True
n00677,© Google,True
n00678,© Google,True
n00679,© Google,True
n00680,© Google,True
n00681,© Google,True
n00682,© Google,True
n00683,© Google,True
n00684,© Google,True
n00685,© Google,True
n00686,© Google,True
n00687,© Google,True
n00688,© Google,True
n00689,© Google,True
n00690,© Google,True
n00691,© Google,True
n00692,© Google,True
n00693,© Google,True
n00694,© Google,True
n00695,© Google,True
n00696,© Google,True
n00697,© Google,True
n00698,© Google,True
n00699,© Google,True
n00700,© Google,True
n00701,© Google,True
n00702,© Google,True
n00703,© Google,True
n00704,© Google,True
n00705,© Google,True
n00706,© Google,True
n00707,© Google,True
n00708,© Google,True
n00709,© Google,True
n00710,© Google,True
n00711,© Google,True
n00712,© Google,True
n00713,© Google,True
n00714,© Google,True
n00715,© Google,True
n00716,© Google,True
n00717,© Andrey Maznyak,False
n00718,© Google,True
n00719,© Andrey Maznyak,False
n00720,© Andrey Maznyak,False
n00721,© Google,True
n00722,© Google,True
n00723,© Google,True
n00724,© Google,True
n00725,© Google,True
n00726,© Google,True
n00727,© Google,True
n00728,© Google,True
n00729,© Google,True
n00730,© Google,True
n00731,© Google,True
n00732,© Google,True
n00733,© Google,True
n00734,© Google,True
n00735,© Google,True
n00736,© Google,True
n00737,© Google,True
n00738,© Google,True
n00739,© Philip Carey,False
n00740,© Google,True
n00741,© Google,True
n00742,© Google,True
n00743,© Google,True
n00744,© Anastasiia Ku,False
n00745,© Google,True
n00746,© Google,True
n00747,© Google,True
n00748,© Google,True
n00749,© Google,True
n00750,© Google,True
n00751,© Google,True
n00752,© Google,True
n00753,© Google,True
n00754,© Google,True
n00755,© Google,True
n00756,© Google,True
n00757,© Google,True
n00758,© Ideal Insight,False
n00759,© Google,True
n00760,© Google,True
n00761,© Google,True
n00762,© Google,True
n00763,© Google,True
n00764,© Google,True
n00765,© Google,True
n00766,© Google,True
n00767,© Google,True
n00768,© Google,True
n00769,© Google,True
n00770,© Google,True
n00771,© Google,True
n00772,© Google,True
n00773,© Google,True
n00774,© Google,True
n00775,© Google,True
n00776,© Circus 360,False
n00777,© Google,True
n00778,© Google,True
n00779,© Google,True
n00780,© Google,True
n00781,© Google,True
n00782,© Google,True
n00783,© Google,True
n00784,© Google,True
n00785,© Trusted Virtual Tours,False
n00786,© Google,True
n00787,© Google,True
n00788,© Google,True
n00789,© Google,True
n00790,© Google,True
n00791,© Google,True
n00792,© Google,True
n00793,© Google,True
n00794,© Google,True
n00795,© Google,True
n00796,© Google,True
n00797,© Google,True
n00798,© Google,True
n00799,© Google,True
n00800,© Google,True
n00801,© Google,True
n00802,© Google,True
n00803,© Google,True
n00804,© Google,True
n00805,© Google,True
n00806,© Google,True
n00807,© Google,True
n00808,© Google,True
n00809,© Google,True
n00810,© Google,True
n00811,© Google,True
n00812,© Uy Hoang,False
n00813,© Google,True
n00814,© Uy Hoang,False
n00815,© Google,True
n00816,© Uy Hoang,False
n00817,© Philip Carey,False
n00818,© Google,True
n00819,© Google,True
n00820,© Philip Carey,False
n00821,© Google,True
n00822,© Google,True
n00823,© Google,True
n00824,© Google,True
n00825,© Google,True
n00826,© Google,True
n00827,© Google,True
n00828,© Google,True
n00829,© Google,True
n00830,© Google,True
n00831,© Google,True
n00832,© Ale Arrighi,False
n00833,© Matthew Green,False
n00834,© Google,True
n00835,© Google,True
n00836,© Google,True
n00837,© Philip Carey,False
n00838,© Google,True
n00839,© Google,True
n00840,© Matthew Green,False
n00841,© Google,True
n00842,© Google,True
n00843,© Google,True
n00844,© Google,True
n00845,© Google,True
n00846,© Google,True
n00847,© Google,True
n00848,© Google,True
n00849,© Google,True
n00850,© Google,True
n00851,© Google,True
n00852,© Google,True
n00853,© Google,True
n00854,© Google,True
n00855,© BSP360,False
n00856,© Google,True
n00857,© Google,True
n00858,© Google,True
n00859,© Google,True
n00860,© Google,True
n00861,© Google,True
n00862,© James Morgenstern,False
n00863,© James Morgenstern,False
n00864,© Google,True
n00865,© Google,True
n00866,© Google,True
n00867,© Google,True
n00868,© Google,True
n00869,© Google,True
n00870,© Google,True
n00871,© Google,True
n00872,© Google,True
n00873,© Google,True
n00874,© Google,True
n00875,© Google,True
n00876,© Google,True
n00877,© Google,True
n00878,© Google,True
n00879,© Google,True
n00880,© Google,True
n00881,© Ranya Johnston-Taki,False
n00882,© Google,True
n00883,© Google,True
n00884,© Google,True
n00885,© Google,True
n00886,© Google,True
n00887,© Rogerio mainardi Rogerio,False
n00888,© Google,True
n00889,© Google,True
n00890,© Google,True
n00891,© Google,True
n00892,© Google,True
n00893,© Google,True
n00894,© Google,True
n00895,© Google,True
n00896,© Google,True
n00897,© Google,True
n00898,© Google,True
n00899,© Google,True
n00900,© Google,True
n00901,© Google,True
n00902,© Google,True
n00903,© Google,True
n00904,© Georgiou Creative Studio,False
n00905,© Google,True
n00906,© Google,True
n00907,© Google,True
n00908,© Google,True
n00909,© Google,True
n00910,© Google,True
n00911,© Google,True
n00912,© Google,True
n00913,© Philip Carey,False
n00914,© Google,True
n00915,© Philip Carey,False
n00916,© Google,True
n00917,© Google,True
n00918,© Google,True
n00919,© Google,True
n00920,© Google,True
n00921,© Google,True
n00922,© Google,True
n00923,© Google,True
n00924,© Google,True
n00925,© Andrey Maznyak,False
n00926,© habti 73,False
n00927,© Google,True
n00928,© Claire Wardley,False
n00929,© Google,True
n00930,© Google,True
n00931,© Google,True
n00932,© Google,True
n00933,© Google,True
n00934,© Google,True
n00935,© Google,True
n00936,© Google,True
n00937,© Google,True
n00938,© Google,True
n00939,© Google,True
n00940,© Google,True
n00941,© Google,True
n00942,© Google,True
n00943,© Google,True
n00944,© Google,True
n00945,© Travel By Pixels - 360 Agency,False
n00946,© Google,True
n00947,© Google,True
n00948,© Google,True
n00949,© Google,True
n00950,© Street View Team Business UK,False
n00951,© Google,True
n00952,© Google,True
n00953,© Google,True
n00954,© Google,True
n00955,© Google,True
n00956,© Google,True
n00957,© Google,True
n00958,© Google,True
n00959,© Thomas Wagner,False
n00960,© Google,True
n00961,© Google,True
n00962,© Google,True
n00963,© Google,True
n00964,© Google,True
n00965,© Google,True
n00966,© Google,True
n00967,© Google,True
n00968,© Google,True
n00969,© Google,True
n00970,© Google,True
n00971,© Google,True
n00972,© Google,True
n00973,© Google,True
n00974,© Google,True
n00975,© Google,True
n00976,© Google,True
n00977,© Google,True
n00978,© Philip Carey,False
n00979,© Google,True
n00980,© Google,True
n00981,© Google,True
n00982,© Google,True
n00983,© Google,True
n00984,© Google,True
n00985,© Google,True
n00986,© Google,True
n00987,© Google,True
n00988,© Google,True
n00989,© Google,True
n00990,© Google,True
n00991,© Google,True
n00992,© Google,True
n00993,© Google,True
n00994,© Google,True
n00995,© Google,True
n00996,© Google,True
n00997,© Google,True
n00998,© Google,True
n00999,© Google,True
n01000,© Google,True
n01001,© Google,True
n01002,© Google,True
n01003,© Google,True
n01004,© Google,True
n01005,© Google,True
n01006,© Google,True
n01007,© Google,True
n01008,© Google,True
n01009,© Google,True
n01010,© Google,True
n01011,© Google,True
n01012,© Google,True
n01013,© Google,True
n01014,© Google,True
n01015,© Google,True
n01016,© Google,True
n01017,© Google,True
n01018,© Google,True
n01019,© Google,True
n01020,© Google,True
n01021,© Google,True
n01022,© Google,True
n01023,© Google,True
n01024,© Google,True
n01025,© Arena 360,False
n01026,© Google,True
n01027,© Google,True
n01028,© Google,True
n01029,© Google,True
n01030,© See Inside (Seeinside_co_uk),False
n01031,© Google,True
n01032,© Google,True
n01033,© Google,True
n01034,© Google,True
n01035,© Google,True
n01036,© Google,True
n01037,© Google,True
n01038,© Google,True
n01039,© Google,True
n01040,© Google,True
n01041,© Google,True
n01042,© Google,True
n01043,© Google,True
n01044,© Google,True
n01045,© Google,True
n01046,© Google,True
n01047,© Google,True
n01048,© Google,True
n01049,© Google,True
n01050,© Google,True
n01051,© Google,True
n01052,© Google,True
n01053,© Google,True
n01054,© Google,True
n01055,© Google,True
n01056,© Google,True
n01057,© Google,True
n01058,© Google,True
n01059,© Google,True
n01060,© Google,True
n01061,© Google,True
n01062,© Google,True
n01063,© Google,True
n01064,© Google,True
n01065,© Google,True
n01066,© Google,True
n01067,© Google,True
n01068,© Google,True
n01069,© Przemyslaw Sekula,False
n01070,© Google,True
n01071,© Movinstills,False
n01072,© Google,True
n01073,© Google,True
n01074,© Google,True
n01075,© Google,True
n01076,© Google,True
n01077,© Google,True
n01078,© Google,True
n01079,© Google,True
n01080,© Google,True
n01081,© Google,True
n01082,© Google,True
n01083,© Google,True
n01084,© Google,True
n01085,© Google,True
n01086,© Google,True
n01087,© Google,True
n01088,© Google,True
n01089,© Google,True
n01090,© Google,True
n01091,© Google,True
n01092,© Google,True
n01093,© Google,True
n01094,© Google,True
n01095,© Google,True
n01096,© Google,True
n01097,© Google,True
n01098,© Google,True
n01099,© Google,True
n01100,© Google,True
n01101,© Google,True
n01102,© Google,True
n01103,© Google,True
n01104,© Google,True
n01105,© Matthew Green,False
n01106,© Google,True
n01107,© Matthew Green,False
n01108,© Google,True
n01109,© Matthew Green,False
n01110,© Google,True
n01111,© Matthew Green,False
n01112,© Matthew Green,False
n01113,© Google,True
n01114,© Google,True
n01115,© Google,True
n01116,© Matthew Green,False
n01117,© Google,True
n01118,© Google,True
n01119,© Google,True
n01120,© Google,True
n01121,© Google,True
n01122,© Google,True
n01123,© Google,True
n01124,© Google,True
n01125,© Google,True
n01126,© Google,True
n01127,© Google,True
n01128,© Google,True
n01129,© Google,True
n01130,© Google,True
n01131,© Google,True
n01132,© Google,True
n01133,© Google,True
n01134,© Google,True
n01135,© Google,True
n01136,© Google,True
n01137,© Google,True
n01138,© Google,True
n01139,© Google,True
n01140,© Google,True
n01141,© Google,True
n01142,© Google,True
n01143,© Google,True
n01144,© Google,True
n01145,© Google,True
n01146,© Google,True
n01147,© Google,True
n01148,© Google,True
n01149,© Google,True
n01150,© Google,True
n01151,© Google,True
n01152,© Google,True
n01153,© Google,True
n01154,© Google,True
n01155,© Google,True
n01156,© Google,True
n01157,© Google,True
n01158,© Google,True
n01159,© Google,True
n01160,© Google,True
n01161,© Google,True
n01162,© Google,True
n01163,© Google,True
n01164,© Google,True
n01165,© Google,True
n01166,© Google,True
n01167,© Google,True
n01168,© Google,True
n01169,© Google,True
n01170,© Google,True
n01171,© ShowYour.Space,False
n01172,© Google,True
n01173,© Google,True
n01174,© Google,True
n01175,© Google,True
n01176,© Anton H,False
n01177,© Google,True
n01178,© Google,True
n01179,© Alex Maggs,False
n01180,© Google,True
n01181,© Alex Maggs,False
n01182,© Google,True
n01183,© Google,True
n01184,© Google,True
n01185,© Google,True
n01186,© Google,True
n01187,© Google,True
n01188,© Google,True
n01189,© Google,True
n01190,© Google,True
n01191,© Google,True
n01192,© Andreas Köchy,False
n01193,© Google,True
n01194,© Google,True
n01195,© Google,True
n01196,© Google,True
n01197,© Google,True
n01198,© Google,True
n01199,© Google,True
n01200,© Google,True
n01201,© Google,True
n01202,© Google,True
n01203,© Google,True
n01204,© Google,True
n01205,© Google,True
n01206,© Google,True
n01207,© Google,True
n01208,© Google,True
n01209,© Google,True
n01210,© Google,True
n01211,© Google,True
n01212,© Google,True
n01213,© Google,True
n01214,© Google,True
n01215,© Google,True
n01216,© Google,True
n01217,© Google,True
n01218,© Michael Hayward,False
n01219,© Google,True
n01220,© Google,True
n01221,© Google,True
n01222,© Google,True
n01223,© Google,True
n01224,© Google,True
n01225,© Google,True
n01226,© Google,True
n01227,© Google,True
n01228,© Google,True
n01229,© Google,True
n01230,© Google,True
n01231,© Google,True
n01232,© Google,True
n01233,© Google,True
n01234,© Google,True
n01235,© Google,True
n01236,© Google,True
n01237,© Google,True
n01238,© Google,True
n01239,© Google,True
n01240,© Mark Weeks,False
n01241,© Maurice de Beijer,False
n01242,© Anastasiia Ku,False
n01243,© Pascal Vuylsteker,False
n01244,© Google,True
n01245,© Google,True
n01246,© Google,True
n01247,© Google,True
n01248,© Google,True
n01249,© Google,True
n01250,© Google,True
n01251,© Google,True
n01252,© Google,True
n01253,© Google,True
n01254,© Google,True
n01255,© Google,True
n01256,© Google,True
n01257,© Google,True
n01258,© Google,True
n01259,© Google,True
n01260,© Google,True
n01261,© Google,True
n01262,© Google,True
n01263,© Google,True
n01264,© Google,True
n01265,© Google,True
n01266,© Google,True
n01267,© Google,True
n01268,© Google,True
n01269,© Google,True
n01270,© Google,True
n01271,© Google,True
n01272,© Google,True
n01273,© Google,True
n01274,© Google,True
n01275,© Frank Cosgrove,False
n01276,© Google,True
n01277,© Google,True
n01278,© Roman Salčák,False
n01279,© Gabriel Ariton (360 View),False
n01280,© 360in360 Immersive Experiences,False
n01281,© Google,True
n01282,© Google,True
n01283,© Bart Nutton,False
n01284,© Philip Carey,False
n01285,© 360in360 Immersive Experiences,False
n01286,© Google,True
n01287,© Google,True
n01288,© Google,True
n01289,© Google,True
n01290,© Google,True
n01291,© Google,True
n01292,© Google,True
n01293,© Google,True
n01294,© Google,True
n01295,© Gabriel Ariton (360 View),False
n01296,© Google,True
n01297,© Google,True
n01298,© Google,True
n01299,© Google,True
n01300,© Google,True
n01301,© Google,True
n01302,© Google,True
n01303,© Google,True
n01304,© Google,True
n01305,© Google,True
n01306,© Google,True
n01307,© malcolm banthorpe,False
n01308,© Google,True
n01309,© Google,True
n01310,© Google,True
n01311,© Google,True
n01312,© Google,True
n01313,© Google,True
n01314,© Ben Smart,False
n01315,© Google,True
n01316,© Google,True
n01317,© Google,True
n01318,© Google,True
n01319,© Google,True
n01320,© Google,True
n01321,© Google,True
n01322,© Google,True
n01323,© Google,True
n01324,© Google,True
n01325,© Photos by 360virtualtour. co (360virtualtour.co),False
n01326,© Google,True
n01327,© Google,True
n01328,© Google,True
n01329,© Valerie Coretnic,False
n01330,© Google,True
n01331,© Google,True
n01332,© Google,True
n01333,© Google,True
n01334,© Google,True
n01335,© Mark Weeks,False
n01336,© Google,True
n01337,© Northbank,False
n01338,© Google,True
n01339,© Google,True
n01340,© Google,True
n01341,© Google,True
n01342,© Google,True
n01343,© Google,True
n01344,© Google,True
n01345,© Google,True
n01346,© Gareth Morris,False
n01347,© Andrey Maznyak,False
n01348,© Google,True
n01349,© Google,True
n01350,© Google,True
n01351,© WeWork EMEA Street View,False
n01352,© Google,True
n01353,© Google,True
n01354,© Google,True
n01355,© Google,True
n01356,© Google,True
n01357,© Google,True
n01358,© Google,True
n01359,© Google,True
n01360,© Google,True
n01361,© Ideal Insight,False
n01362,© Google,True
n01363,© Google,True
n01364,© Google,True
n01365,© Google,True
n01366,© Google,True
n01367,© Google,True
n01368,© Google,True
n01369,© Google,True
n01370,© Google,True
n01371,© Google,True
n01372,© Google,True
n01373,© Google,True
n01374,© Google,True
n01375,© Google,True
n01376,© Google,True
n01377,© Google,True
n01378,© Google,True
n01379,© Google,True
n01380,© Google,True
n01381,© Google,True
n01382,© Google,True
n01383,© Google,True
n01384,© Google,True
n01385,© Google,True
n01386,© Google,True
n01387,© Google,True
n01388,© Google,True
n01389,© Google,True
n01390,© Google,True
n01391,© Google,True
n01392,© Google,True
n01393,© Google,True
n01394,© Google,True
n01395,© Google,True
n01396,© Google,True
n01397,© Google,True
n01398,© Google,True
n01399,© Google,True
n01400,© Google,True
n01401,© Google,True
n01402,© Google,True
n01403,© Google,True
n01404,© Google,True
n01405,© Google,True
n01406,© Google,True
n01407,© James Morgenstern,False
n01408,© Google,True
n01409,© Google,True
n01410,© James Morgenstern,False
n01411,© Google,True
n01412,© Google,True
n01413,© Google,True
n01414,© Google,True
n01415,© Google,True
n01416,© Google,True
n01417,© Google,True
n01418,© Google,True
n01419,© Google,True
n01420,© Google,True
n01421,© Google,True
n01422,© Google,True
n01423,© Google,True
n01424,© Google,True
n01425,© Google,True
n01426,© Google,True
n01427,© Google,True
n01428,© Google,True
n01429,© Google,True
n01430,© Google,True
n01431,© Google,True
n01432,© Google,True
n01433,© Google,True
n01434,© Google,True
n01435,© Google,True
n01436,© Google,True
n01437,© Google,True
n01438,© Google,True
n01439,© Google,True
n01440,© Google,True
n01441,© Google,True
n01442,© Google,True
n01443,© Google,True
n01444,© Google,True
n01445,© Google,True
n01446,© Google,True
n01447,© Uy Hoang,False
n01448,© Google,True
n01449,© Google,True
n01450,© Google,True
n01451,© Google,True
n01452,© Google,True
n01453,© Google,True
n01454,© Google,True
n01455,© Anastasiia Ku,False
n01456,© habti 73,False
n01457,© Google,True
n01458,© Google,True
n01459,© Google,True
n01460,© Google,True
n01461,© Google,True
n01462,© Google,True
n01463,© Google,True
n01464,© Google,True
n01465,© Google,True
n01466,© Google,True
n01467,© Google,True
n01468,© Google,True
n01469,© Google,True
n01470,© Google,True
n01471,© Arena 360,False
n01472,© Yasumi Kikuchi,False
n01473,© Sergey Nazarov,False
n01474,© Google,True
n01475,© Google,True
n01476,© Ale Arrighi,False
n01477,© Google,True
n01478,© Elio Frugone Piña,False
n01479,© Google,True
n01480,© Google,True
n01481,© Google,True
n01482,© Google,True
n01483,© Google,True
n01484,© Google,True
n01485,© Google,True
n01486,© Google,True
n01487,© Google,True
n01488,© Google,True
n01489,© Google,True
n01490,© Google,True
n01491,© Google,True
n01492,© Google,True
n01493,© Przemyslaw Sekula,False
n01494,© Google,True
n01495,© Google,True
n01496,© Google,True
n01497,© Google,True
n01498,© Google,True
n01499,© Google,True
n01500,© Google,True
n01501,© Google,True
n01502,© Neil Carmichael,False
n01503,© Neil Carmichael,False
n01504,© Google,True
n01505,© Philip Carey,False
n01506,© Benedict Savio,False
n01507,© Google,True
n01508,© Matthew Green,False
n01509,© Valerie Coretnic,False
n01510,© Google,True
n01511,© Google,True
n01512,© Google,True
n01513,© 360in360 Immersive Experiences,False
n01514,© Google,True
n01515,© Google,True
n01516,© Google,True
n01517,© Google,True
n01518,© Google,True
n01519,© Google,True
n01520,© Google,True
n01521,© Google,True
n01522,© Google,True
n01523,© Google,True
n01524,© Google,True
n01525,© Google,True
n01526,© Google,True
n01527,© Francesca Brittain,False
n01528,© Google,True
n01529,© Google,True
n01530,© Google,True
n01531,© Google,True
n01532,© Google,True
n01533,© Philip Carey,False
n01534,© Google,True
n01535,© Google,True
n01536,© Google,True
n01537,© Google,True
n01538,© Google,True
n01539,© Google,True
n01540,© Google,True
n01541,© Google,True
n01542,© Google,True
n01543,© Google,True
n01544,© Google,True
n01545,© Google,True
n01546,© Google,True
n01547,© Google,True
n01548,© Google,True
n01549,© Google,True
n01550,© Philip Carey,False
n01551,© Google,True
n01552,© Google,True
n01553,© Google,True
n01554,© Google,True
n01555,© Google,True
n01556,© Google,True
n01557,© Google,True
n01558,© Google,True
n01559,© Google,True
n01560,© Google,True
n01561,© Google,True
n01562,© Google,True
n01563,© Google,True
n01564,© Google,True
n01565,© Google,True
n01566,© Google,True
n01567,© Google,True
n01568,© Google,True
n01569,© Google,True
n01570,© Google,True
n01571,© Google,True
n01572,© Google,True
n01573,© Google,True
n01574,© Google,True
n01575,© Ron.P,False
n01576,© Uy Hoang,False
n01577,© Google,True
n01578,© Google,True
n01579,© Google,True
n01580,© Google,True
n01581,© Google,True
n01582,© Google,True
n01583,© Google,True
n01584,© Google,True
n01585,© Google,True
n01586,© Google,True
n01587,© Google,True
n01588,© Google,True
n01589,© Google,True
n01590,© Google,True
n01591,© Google,True
n01592,© Google,True
n01593,© Google,True
n01594,© Google,True
n01595,© Google,True
n01596,© Google,True
n01597,© Google,True
n01598,© Matthew Green,False
n01599,© Google,True
n01600,© Google,True
n01601,© Google,True
n01602,© Google,True
n01603,© Google,True
n01604,© Google,True
n01605,© Google,True
n01606,© Google,True
n01607,© Google,True
n01608,© Google,True
n01609,© Google,True
n01610,© Google,True
n01611,© Gabriel Ariton (360 View),False
n01612,© Google,True
n01613,© Google,True
n01614,© Google,True
n01615,© Google,True
n01616,© Google,True
n01617,© Google,True
n01618,© Google,True
n01619,© Oscar Diele,False
n01620,© Google,True
n01621,© Google,True
n01622,© Google,True
n01623,© Google,True
n01624,© Uy Hoang,False
n01625,© Google,True
n01626,© Google,True
n01627,© Uy Hoang,False
n01628,© Ideal Insight,False
n01629,© Google,True
n01630,© Google,True
n01631,© Google,True
n01632,© Avanta Austin Friars,False
n01633,© Avanta Austin Friars,False
n01634,© Google,True
n01635,© Avanta Austin Friars,False
n01636,© Avanta Austin Friars,False
n01637,© Avanta Austin Friars,False
n01638,© Google,True
n01639,© Google,True
n01640,© Google,True
n01641,© Artur Fischer,False
n01642,© Google,True
n01643,© Philip Carey,False
n01644,© Google,True
n01645,© Google,True
n01646,© Google,True
n01647,© Google,True
n01648,© Google,True
n01649,© Google,True
n01650,© Google,True
n01651,© Google,True
n01652,© Google,True
n01653,© Google,True
n01654,© Google,True
n01655,© Philip Carey,False
n01656,© Google,True
n01657,© Google,True
n01658,© Google,True
n01659,© Google,True
n01660,© Google,True
n01661,© Google,True
n01662,© Google,True
n01663,© Arena 360,False
n01664,© FU,False
n01665,© Google,True
n01666,© Google,True
n01667,© Google,True
n01668,© Matthew Green,False
n01669,© Google,True
n01670,© Google,True
n01671,© Google,True
n01672,© Google,True
n01673,© Google,True
n01674,© Google,True
n01675,© Google,True
n01676,© Google,True
n01677,© Matthew Green,False
n01678,© Matthew Green,False
n01679,© Google,True
n01680,© Google,True
n01681,© Google,True
n01682,© Google,True
n01683,© Google,True
n01684,© Google,True
n01685,© Google,True
n01686,© Google,True
n01687,© Google,True
n01688,© Google,True
n01689,© Google,True
n01690,© Matthew Green,False
n01691,© Google,True
n01692,© Google,True
n01693,© Google,True
n01694,© Google,True
n01695,© Google,True
n01696,© Google,True
n01697,© Google,True
n01698,© Google,True
n01699,© Google,True
n01700,© Google,True
n01701,© Google,True
n01702,© Google,True
n01703,© Google,True
n01704,© Matthew Green,False
n01705,© Google,True
n01706,© Google,True
n01707,© Google,True
n01708,© Google,True
n01709,© Google,True
n01710,© Google,True
n01711,© Google,True
n01712,© Google,True
n01713,© Google,True
n01714,© Google,True
n01715,© Google,True
n01716,© Google,True
n01717,© Google,True
n01718,© Google,True
n01719,© Matthew Green,False
n01720,© Google,True
n01721,© Google,True
n01722,© Google,True
n01723,© Google,True
n01724,© Google,True
n01725,© Google,True
n01726,© Matthew Green,False
n01727,© Matthew Green,False
n01728,© Google,True
n01729,© Google,True
n01730,© Google,True
n01731,© Google,True
n01732,© Google,True
n01733,© Google,True
n01734,© Google,True
n01735,© Google,True
n01736,© Google,True
n01737,© Google,True
n01738,© Google,True
n01739,© Google,True
n01740,© Uy Hoang,False
n01741,© Uy Hoang,False
n01742,© Uy Hoang,False
n01743,© Google,True
n01744,© Google,True
n01745,© Google,True
n01746,© Google,True
n01747,© Google,True
n01748,© Google,True
n01749,© Google,True
n01750,© Google,True
n01751,© Google,True
n01752,© Google,True
n01753,© Google,True
n01754,© Google,True
n01755,© Google,True
n01756,© Google,True
n01757,© Google,True
n01758,© Philip Carey,False
n01759,© Google,True
n01760,© Google,True
n01761,© Google,True
n01762,© Google,True
n01763,© Google,True
n01764,© Google,True
n01765,© Klézli Péter,False
n01766,© Google,True
n01767,© habti 73,False
n01768,© Google,True
n01769,© Google,True
n01770,© Google,True
n01771,© Google,True
n01772,© Google,True
n01773,© Google,True
n01774,© Google,True
n01775,© Google,True
n01776,© Google,True
n01777,© Google,True
n01778,© Google,True
n01779,© Google,True
n01780,© Google,True
n01781,© Google,True
n01782,© Google,True
n01783,© Google,True
n01784,© Google,True
n01785,© Google,True
n01786,© Google,True
n01787,© Google,True
n01788,© Google,True
n01789,© Google,True
n01790,© Google,True
n01791,© Google,True
n01792,© Google,True
n01793,© Google,True
n01794,© Google,True
n01795,© Google,True
n01796,© Google,True
n01797,© Google,True
n01798,© Google,True
n01799,© Google,True
n01800,© Google,True
n01801,© Google,True
n01802,© Google,True
n01803,© Google,True
n01804,© Google,True
n01805,© Google,True
